:100000000002139800000000000000B80000D57C3A
:1000100000018818FAAFFF0054FF01002B00000018
:10002000010000FD5DFFF0DD000B097309FB21BE3F
:1000300009FB22BEFDF702F1FBB908F022F800200F
:100040000CF023F80020FDF702F1FCB9FDF706F9EA
:10005000FAB939F030D0DC51C9F030C0DC5559F074
:1000600030D0AE52A413CDF030C0D9F030C039F04A
:1000700030D0DC51CDF030C0DC5539F030D09D525D
:100080006413C9F030C0BDF030C0D224E36B08FB6C
:1000900022BE08FB21BEFDF702F1FEB9146003F396
:1000A00047B9FE6302F340BFFDF702F1FDB902F369
:1000B00041BF08FB42BF09FB43BF09FB44BF09FB2B
:1000C00045BF046EFDF709F9FFBF006E0200000096
:1000D000000000002B35000000000003000000FDC0
:1000E0003306F0DD0000D0F30000A0F300002AD1B9
:1000F0002F0038D03F0000502F0039D03F00C050B3
:100100002F0037D0000030F30000A6F301002AD101
:100110002F0038D03F0040502F0039D03F00E05032
:100120002F0037D0000030F30000C6F302009AD150
:100130003F00CCE4002100030F0009E00300F0E5DC
:10014000A12100030F0009E0A100CC7F0000E051D5
:10015000000000F3FFFFCAF10000A6F30000A4F3C3
:10016000000000FD5BD0F0DD800080017400329162
:10017000040050DDFF0000FDFFFF33890000800117
:1001800021003301FF1F400100200321050034003E
:100190002F0050E47A004391040000DD2F0055E465
:1001A0007F004491FDFFF0DD080065655F00502091
:1001B0005F0073900F0077810F0077650400269130
:1001C0000000278700002887FF0022810F000DDC38
:1001D000750022910F000200060050DD0000300182
:1001E000FF0000FDFFFF42897C0044910300F0DD29
:1001F000800030017C004291100004210A0040DDA3
:100200002F0050E420000421040040DD7F004491D1
:100210002F0055E4FCFFF0DD10004421040055914F
:10022000000045030000438755002489FF00228118
:100230000F000DDC2F0030E480000221340030205C
:10024000FF0000FDFFFF42897C00549107005581AB
:100250002F0065E40F004481BF0070E40000769336
:100260007F0027910000749B000027038400222157
:10027000800055ED000025030F000300240020201E
:100280000A0022910F000DDC550032897F00338176
:100290007C0043910F0053813F0004E4020040DDE5
:1002A000100055010400559108005501CF0004E4E9
:1002B000030040DD3F0044E400005493800002212D
:1002C000540050200B0025910F000DDCC02F00F1D1
:1002D000770001F100F701F10F00A200C501F0E184
:1002E00000F705F1770005F1C02F04F10F000DDCD8
:1002F00000F309B801F069F035E001F44DE002F3D4
:1003000005B800F032CF00F305BE02F04389522059
:1003100002F0438F422002F320BEEEF7BF1F02F32C
:1003200008B89232FEF007F290C20CF069F031E1A9
:1003300000F341BE03F351B804F304B8FFF340E007
:10034000FFFF4FE4FFF34FE800F033CF00F345BE6B
:10035000040B050B060B070B00F030CFFFFA1DDF77
:10036000FFFA1CDFFFFA1BDF00F63ACF000B097320
:10037000FA7B02F04589522002F0458F04F352B80F
:1003800024C200F034CF45F0E4880EF080404220D3
:1003900000F0448901F002C002F341BE02F347B904
:1003A0005024FD6102F340B900F032CF02F341B9AD
:1003B00000F032CF02F342B900F032CF02F343B97A
:1003C00000F032CF02F344B900F032CFD54C02F343
:1003D00047B95024FD6100F432CF02F344BF00F46A
:1003E00032CF02F343BF00F432CF02F342BF00F436
:1003F00032CF02F341BF00F432CF02F340BF00F42A
:1004000034CF24260B6C03F321B900F492DE9B1247
:1004100003F321BF9A1402F321BF62F02DEE02F024
:100420004589522402F0458F00F433CF00F000F8E4
:1004300000F353C803F350BE5FF033E402F308B88F
:10044000D237FEF006F290C20BF068F033E80609EE
:1004500062F023E7FFF36FE8FFFF6FE4FFF360E074
:1004600004F304BE00F432CF02F305BE02F0438968
:10047000522402F0438F096202F04289066001F4BF
:100480006DE042200FFEC0CD01F46DE00FFEC0CD47
:10049000B61C07F047E470FF40E4130907000009A9
:1004A00001090500B2F000880760472061F02FE1E4
:1004B0001500100091600400B2F001880A60087114
:1004C00061F03BE01000140000F504C010008460EF
:1004D000B2F002880660097161F023E010007C60D0
:1004E00010000862220010000A622A0010000C624C
:1004F000736E20000460A0040BF402C028000460A6
:10050000A8040BF502C01500B2F0038860F039E4CE
:100510001000626050050BF205C028005D60B2F06B
:10052000008865F03BE700F034CF00F63ACF100AC0
:100530001C0BB2F0018865F027E700F034CF00F61D
:100540003BCF110A1D0BB2F0028865F033E600F0D4
:1005500034CF00F63CCF140A1E0BB2F0038865F0CE
:100560002DE600F034CF00F63DCF150A1F0B2C0905
:10057000B4F00488B5F00588B6F00688194C02007E
:1005800003003800056021F030C000F472C9400853
:10059000066035F030C000F573C99A00480806605F
:1005A00031F030D000F673C99A00A5F030D0B2F027
:1005B0000088830864F027ECB2F001888B0864F0AF
:1005C0003DEBB2F00288A30864F033EBB2F003888D
:1005D000AB0864F03BEBB5F00788B6F00888AE01D5
:1005E00002F00060380021F242CE4008046000F5BD
:1005F00098DE420C4808056000F698DE420C016E59
:1006000070FF60E407F067E4B648D84CB61C07F00A
:1006100047E470FF40E411092BF008880409060044
:10062000B7F01220670C3FE847603A884560B2F0A7
:10063000008E7D884160B5F0018E64F023EF00F0FC
:1006400032CF2A0064F027EF00F032CFBA88B2F040
:10065000078EFA88B2F00B8E3A89B2F00C8E7A8946
:10066000B2F00E8EBA89B2F00F8E2CF140E065F038
:100670002AEA2CF160E0B2F00B88FA8EB2F00C8816
:100680003A8FB2F00E887A8FB2F00F88BA8F00FCE2
:10069000D8DE06F815C97A8864F033EC00F433CF5D
:1006A000D00451F646C83A8864F035EB00F433CFF5
:1006B000D00481F646C80C7593F00488DA882FFCC4
:1006C00000C2AF69320070FF60E407F067E4B6482B
:1006D000D84C711C0FF0C6F76B4092E99BE9FED92C
:1006E000B61A40F61EC9994CC24C02EFCA4C3FF2F2
:1006F0001ED9994CC64C46EF7148D84C00F03DCFFE
:1007000061F03FE800F43DCFD84C016E67F02FE177
:10071000000B0973FA7B4EF02FEA9FF1A1E3D84C4E
:100720000000D0F30100C6D1000060F300004AD100
:100730004F0058D05F0040504F0069D06F00E0502C
:100740004F0037D0000030F30000C6F301004AD15B
:100750004F0058D05F0050504F0069D06F00F050EC
:100760004F0037D0000030F30000D6F306002AD146
:100770002F00005008002AD1000020F3FFFFAAF14B
:100780000000B6F3080020010C003AD1000032004E
:100790003F00C0503F00D05005002AD115003399CA
:1007A0007F00338D3F0032500A002AD10F0062D003
:1007B0000D007AD12F0030E46F0027202400202084
:1007C000000000FDC52042952731022104004300AE
:1007D00026003421350044206F0037204F002320AD
:1007E000250033204F002300240033200000732312
:1007F0000D007AD50100B0511A00F0E1CF000C6471
:10080000000000FD83D450E1CF0090500021000291
:100810000F005A000F003044060035D50E006AD58F
:100820009F0020640F002AD50000F0510000E05125
:100830000000C0510000D051000000F3FFFFAAF1FA
:10084000FFFFBAF1FFFFCAF10000D6F37F0020449A
:10085000000064F3020026D50000D4F30F000DDC85
:1008600004002AD10500200004009AD10400900061
:1008700000802CF1010023F12F0020500D007AD1CF
:100880000E006AD115008001EBFFA05115008051C8
:100890008F0016CC000070510000B0010F002AD16B
:1008A000040000DD31000003000039933FB3CCE4C5
:1008B0004C00F0E51800518D7F00558D0000418DF2
:1008C0004F006358EAFF24654F0092700F001058E4
:1008D0003A2711223A2723BE3A2723BE392723BEBF
:1008E000382723BE382723BE382723BE382723BE08
:1008F0003F0012BC0200997900984B470A0040DD86
:100900000100987901000B21030010DDAF3740444E
:100910000500F0DD0100B001310000030000399353
:10092000AFB740444F006358010077593A2700029F
:100930003A2723AE3A2723AE392723AE382723AEF2
:10094000382723AE382723AE382723AE003B23AF0A
:100950005F0011CC7F0000FDFFFF13BD00004001D0
:100960004F2B312000003293B7006722150040DD85
:10097000800000FD000066010F000700050040DD5B
:1009800000530003005000032F00CCE41400F0DDFE
:1009900001000B21040010DD0000B0010050000335
:1009A0000300F0DD510000030000599353D300020F
:1009B0003F00CCE40C00D0DD000059930800F0DDCE
:1009C00001000B21040010DD0000B0010050000305
:1009D0000300F0DD51000003000059938FD316CCC3
:1009E0000F000DDC000059933FD3CCE40F000DDC69
:1009F000012000F14C012009040000DD4D01022915
:100A00000200D0DD4D0120192F0022E44C012019F5
:100A1000010003D1000000FD83D440E1660000DD49
:100A20000A0020014B01201901003A51002D00035A
:100A30000000325B004C000300004203040033510D
:100A4000010024992F009348020024992F00834825
:100A5000030024992F007348880700F10100C3D1D7
:100A60000F0063000000AAD14B0130093F0033E4BE
:100A70004B013019000000FD83D440E1030078F100
:100A8000040088F1050098F101002AD1AF00AAE422
:100A9000020022D1010002E0020068F10200C6D18A
:100AA000FEFFAAD12F000AE4F0FF10DDC00704F119
:100AB0008F0020509F0030507F00405001001A519D
:100AC000000000F3FFFFBAF10000C6F30000805100
:100AD00001009051010046D14F00A050020026D1E4
:100AE0002F25B0502F257050514D0003050032D1F5
:100AF00000400321030010DD003900031100F0DD88
:100B00009F3804640700D0DD000050F30000A6F316
:100B10003F0000504F00C0500F32C0500F00304413
:100B20000F000400000000FD83D4D0E100B90003F1
:100B3000000000FD63CEF0E1000000F30000A6F32A
:100B40000025000301007779E8FFC0DD2F257050F4
:100B5000514D0003050032D100400321030010DD98
:100B6000003900031100F0DD9F3804640700D0DD78
:100B7000000050F30000A6F33F0000504F00C050AB
:100B80000F33C0500F0030440F000400000000FD80
:100B900083D4D0E100B90003000000FD75CEF0E180
:100BA000000000F30000A6F30025000301007779A0
:100BB000E8FFC0DD4C012009000000FD83D400E106
:100BC0003F0022E44C012019012004F10F000DDC4C
:100BD000C02F00F1770001F100F701F1010000F1F1
:100BE0000F00A20001000A51000000F30000A6F36C
:100BF000FF7F80010F2193000F21C2000F00BC0076
:100C0000020004D5000040F30A00F0E5050032D1EF
:100C100000400321030010DD000022D10300F0DDBD
:100C2000000000FD17C6F0E18F00022004218200C1
:100C30000F21C2000000BC0310000B65000000FD86
:100C400083D440E10A00F0E5050032D100400321E1
:100C5000030010DD000022D10300F0DD000000FDE4
:100C6000E3C4F0E19F000220042192000F0078000D
:100C70007F000920040079000000AAD10A00300199
:100C80004E0130194E0130093F0033E44E01301956
:100C9000000000FD83D440E1010068F101002AD189
:100CA000AF00AAE4010022D1010002E0FEFFAAD1B8
:100CB0002F000AE4F4FF10DD00000721000000FD12
:100CC00083D440E1000044F3030024D17F000220DC
:100CD00004007200010074D5020004D1020010DD8E
:100CE000020074D50F0027000000E6F300F705F1BD
:100CF000770005F1C02F04F10F000DDC0100325127
:100D0000002D00030000325B002C00030F000DDCFF
:100D100001003251002D00030000325B00BC0003D3
:100D20000F000DDC01003251002C00030F000DDC20
:100D30000100325100BC00030F000DDC02003251F3
:100D40000000335B002C00030F000DDC010032516A
:100D5000002D00030000325B002D00030000335B18
:100D6000002C00030F000DDC020032510000335B49
:100D700000CC00030F000DDC01003251002D0003F8
:100D80000000325B002D00030000335B00CC000349
:100D90000F000DDC01003251002D00030000325B1A
:100DA000002D00030000325B002C00030F000DDC5F
:100DB00001003251002D00030000325B002D0003C2
:100DC0000000325B00BC00030F000DDC010032515B
:100DD000002D00030000325B002D00030000325B99
:100DE000002D00030000335B002C00030F000DDC1E
:100DF00001003251002D00030000325B002D000382
:100E00000000325B002D00030000335B00CC0003C8
:100E10000F000DDCC02F00F1770001F100F701F1A8
:100E200001000251000000F3FFFFAAF1FFFFBAF139
:100E30000000C6F30F003058005D00030000355B72
:100E4000006C000300005603040033510F00535898
:100E5000020045994F004358010045994F0013582F
:100E6000030045994F002358002100030F21C200C1
:100E70000700F0E5A5000003000000FD45CFF0E10C
:100E800000C9000300B50003A12100030F21C20027
:100E90000700F0E5A5000003000000FD53CFF0E1DE
:100EA00000C9000300B50003A121000300F705F10C
:100EB000770005F1C02F04F10F000DDC00004AD1CE
:100EC0004F008050010090510F0039D03F00C050BA
:100ED0000F0037D0000030F30000A6F30000C4D9A3
:100EE000010040D9000040F3000040010F0038D05D
:100EF0003F0000504F00A050003200022F0044E499
:100F00004F0038D03F0040504F0039D03F00E050F4
:100F10004F0037D0000030F30000C6F3FFFFC8F1E8
:100F20003F00CCE4002000020200F0E5A120000216
:100F3000A10000024F000868EDFF10DD0000C05165
:100F40000000E051000000F3FFFFCAF10000A6F32B
:100F5000000024F3020026D50F000DDC00005AD15A
:100F60005F008050010090515F0039D03F00C050B9
:100F70005F0037D0000030F30000A6F30000C0F39C
:100F8000000040015F0038D03F0000504F00A050EB
:100F9000003200024F0038D03F0040504F0039D09F
:100FA0003F00E0504F0037D0000030F30000C6F3A0
:100FB000FFFFC8F13F00CCE4210000020200F0E591
:100FC00021A0000200A000022F0044E44F000868A6
:100FD000EDFF10DD0000C0510000E051000000F303
:100FE000FFFFCAF10000A6F3000024F30000259BD8
:100FF000020026D50F000DDC00002AD12F0038D0CA
:101000003F0000502F0039D03F00C0502F0037D094
:10101000000030F30000A6F301002AD12F0038D0E1
:101020003F0040502F0039D03F00E0502F0037D014
:10103000000030F30000C6F302001AD1D5093001D8
:10104000800000FD000050013F0045203F00CCE43F
:10105000002114CF3F0012AC000021235600229C37
:101060000500F0E5A12114CF3F0012AC00002123C0
:101070005600229CA100CC7F0000E051000000F34C
:10108000FFFFCAF10000A6F302001AD50F000DDC25
:1010900000002AD12F0038D03F0000502F0039D057
:1010A0003F00C0502F0037D0000030F30000A6F3FF
:1010B00001002AD12F0038D03F0040502F0039D0F6
:1010C0003F00E0502F0037D0000030F30000C6F39F
:1010D00002004AD13F00CCE4002100030000249329
:1010E0000300F0E5A121000300002493A100CC7FC0
:1010F0000000E051000000F3FFFFCAF10000A6F37A
:101100000F000DDC00002AD12F0038D03F00005026
:101110002F0039D03F00C0502F0037D0000030F3EF
:101120000000A6F301002AD12F0038D03F00405024
:101130002F0039D03F00E0502F0037D0000030F3AF
:101140000000C6F33F00CCE4002100030200F0E5FC
:10115000A1210003A100CC7F0000E051000000F3BA
:10116000FFFFCAF10000A6F30F000DDC0D002AD12D
:101170009F0062946F006920CF0066E40400600065
:101180007F000620040076000F000DDC00002AD14D
:101190002F0038980F0079003F00072005007300EA
:1011A000000072D9010070D90F000DDC00002AD1B7
:1011B0002F0079988F000720050078000F000DDCC4
:1011C00002000AD50F000DDC0F000DDC0F000DDC56
:1011D000F61C4F4C0700C513C4128312822021F065
:1011E00037E9100400F0E7E582D879D892C3D255E8
:1011F00089C3891241DE59D81BF0012019F000E89B
:1012000051D822F0464A880402F0C9E001F010F0FB
:1012100042266D6001F010F04327576001F010F096
:10122000442C6D6001F010F0462C736001F010F05A
:10123000452D4562B2F000E854F02DEF03134EF057
:1012400033E510046C6201F00060A1DEB0DE6A6E6E
:1012500088047A6001F010F0472FF06001F010F080
:10126000483400F089E401F010F0493500F0B5E4AD
:1012700001F010F04A3623625FF039E6170078F08B
:101280000320C320420859F02FED16005FF035E42B
:10129000B28EF2203B005AF03BEC42D8D25191C3BF
:1012A00042D892C3D25523F04B5235008A124408DB
:1012B00055F03BE8170032003BF025E138045AD8DE
:1012C0003BF03DE00FF087E490F00124F9FFF1EFEF
:1012D000A3F05BE4B5F0012094F00124B3F000E842
:1012E00042D81CF02DE17F4C4720E96F64F0395A59
:1012F000B3F000E842D82FF03DE5F76F65F0475AAC
:10130000B4F00188B3F000E842D833F037EAED6F6B
:1013100063F0555A42D83AF039EAE76FA0DE61D857
:10132000B1DEB1F000E8A9DE42D8D25191C342D873
:1013300092C30515C42023F04649D2558A1255F0B0
:101340002DE41700BC6F0009872090F003245C6433
:101350000AF00124AFF902C0C3205254522059F0C0
:1013600037E61600AFF901C049DE49D81FF800C2C0
:1013700002F0D7E05908410C09099AF00120A2F0C7
:1013800000E891F00288925644135312B2F000E83C
:1013900059F02FEB10041860A1F000E8F1EF7F2066
:1013A00091F00288F1EF7F206AD873D8D4559B5210
:1013B00092521B131900F1EF7F2071D889C6F1EF0B
:1013C0007F201075D36F49D81FF800C20362010057
:1013D000036E01F0036031EEB1F000E8718E82F02F
:1013E0000120145442D8D25191C342D892C3D2554D
:1013F00023F0474A8A12350054F033EE17003200CA
:101400003AF03DE65C6F01F0036089DE0FF900C23F
:101410000460B1F000E8026E010091DE42D8D251C2
:1014200091C342D892C34514442023F0474AD25571
:101430008A1254F039EC1700426FB2F00388B1F011
:1014400004889256511265F0E9520B000200121CFA
:10145000B2F00188B1F002889256B3F000E854125D
:1014600042D82FF035E87E4C406FBCF051E5B1F02A
:101470000420091CB2F00188B1F0028812C1125494
:1014800009C08912B2F000E892C3D25495F0042446
:10149000B4F003888B1242D83CF039EC7E4C256FB7
:1014A000B2F00188B1F0028812C1125409C0891249
:1014B000B2F000E892C3D25445F06F49B4F003880B
:1014C0008B1242D844F02DE6106F714CF648D84C80
:1014D000DCF241E110091D00260028041A60E82E04
:1014E00008F093E041240FF0C2F7B4606B00D2E83B
:1014F000DA4C50F1072400F0E9E450F1192400F02F
:10150000E1E450F11C24056450F11D2409F0D3E4FA
:1015100013F0004082F0FF002C0053F03BE00FF08E
:10152000C1E455F0F569B388040042085BF021E698
:101530000FF0AFE455F0B562B420738842085BF059
:1015400023E60FF09DE455F0E962B4207388420869
:101550005BF025E60FF08BE455F01D63B420738833
:1015600042085BF027E6FC6E55F05163B4207388A7
:1015700042085AF021E3F46E728899F05FE3F52097
:10158000B388540042081AF029EC7F4CE96E02003F
:10159000340043081FF035E4E36E42203400430872
:1015A0001FF029E4DD6E0200340043083EF03FE105
:1015B000D76E4220340043083EF033E1D16E55F03F
:1015C000FD73F488B388420826F02DEEC96E718948
:1015D0000B0002003189DC5192560B099B5655F0E5
:1015E00027780209121300FB73C800FA72C8121C94
:1015F000F488B38842082EF021EC7E4CB16E55F091
:10160000516AF488B388420829F023EAA96E55F09C
:10161000816AB4207388420847F021EBA16E38DE5E
:1016200040DEC411F388B28858F037E61004036234
:101630004620026E0600C32042214FF035E614001A
:1016400003F00E6023EEC120618EA68E41D889C6BC
:10165000E18E3ED847D8F255BF52BF12B652278FFF
:101660003CF8D2C891C382F0FF00D2558A12D25101
:1016700092C35AF035EF746EF18899F051E90B007E
:10168000020000F030CFDC51B188925600F030CF2C
:101690009B5612130D0000F030CF04005D1300F0D4
:1016A00030CF14130300420821F029EB7B4C586E15
:1016B000842813F0024082F0FF0052F03BE3506EAA
:1016C000C32042214FF02BE2170071880960C42823
:1016D00013F0014082F0FF0052F03DE2416E06F04F
:1016E00013603EEEC120798EB88E5DF031E191C677
:1016F000F98E5DF029E192523A8F3CF8D2C891C33D
:1017000082F0FF00D2558A12D2513C0092C33300BE
:101710005AF037EA256E43F0E36A420838F033EABC
:101720001F6E44F0376BB38842082DF029E4186E21
:1017300045F08B6BF488B388420831F027E9106ECE
:10174000B28852F023E7100404605CF033E5086EC1
:10175000842A13F0054082F0FF0051F03BEEDCF2EA
:1017600061E1D84CF61D1A0942DE4CDEF9D9A825F4
:101770005B621BF000E84C888A8852DECA885ADE19
:101780004A8913000200DD51098992569B560600D2
:101790000F0052137FF349C86FF248C85B084AD85C
:1017A0005CF03DE117000FF091FF53E65308440849
:1017B0004D083A004BF035E07F4C1600100401F064
:1017C00089E40FFA00C20362C428026E042A41D8D9
:1017D000091C00F030CF0FF0C2F7636155083B00E1
:1017E00029F035E57E4C16001F60769E309EB1884C
:1017F00011FF7F1F49CB11FFBF1FB18EF1883FF052
:1018000011FFFF1FF8FF00F000F151C8F18E51D811
:101810009762C32042232DF02FE632AE10040662F9
:1018200032004AF02BEB0200D06E28F0008E29F037
:10183000018E31A85AD80A9E49D88826066049D810
:10184000C82603604120026E010032A853221AE824
:101850000CC0DFFF22FFFF1F245712131AEE135391
:1018600019C01060A0F001240D62B0F007240460DC
:10187000B0F0052407623FF021FFFF1F32A8519E00
:101880000F6E59D84824056CF8FF01F00040026E35
:1018900001003FF022FFFF1F511232A8519E31A8D4
:1018A000889E31A849220AE8EFFF22FFFF1F0AEEB7
:1018B00031A8C89E31A8C88F31A849220AE8F7FF8D
:1018C00022FFFF1F0AEE34F2D2D81F6031A8432056
:1018D00044088A204D083AF039E7B2888320D25074
:1018E00012C030F029E0328F320054F02DEA4AF075
:1018F00039EA31A8CA8F32A8D189156237F021EFB1
:1019000032004AF02BE4906F31A844084D088A2039
:101910005BD83AF03DE5B2884320D25012C02FF098
:101920002DEE328F3189186231A8CA8937F031ED36
:1019300032A837F02BED32004AF035E2756F52D8FD
:1019400051F025E7170039A831AE33003A0047F0CF
:1019500033E13989318F31A84A9834F2D2D80860FE
:10196000320054F035E65BD857F03FE9046E3200A0
:1019700054F027E6F29FB388DB5019C013624AF097
:1019800029E6329F3199206251D8086231A8CA896C
:1019900037F02DEA32A837F027EA320049F031EF6C
:1019A000436F4AF025E5729F71990E6251D8086223
:1019B00031A8CA8937F029E932A837F023E9320083
:1019C00049F02DEE316F3200F649D84CF61D1A0958
:1019D00042DEA025566229E86E88AA884ADE5BF0BE
:1019E00003886A8913000200DC51925612132C8975
:1019F000250004009B564FF248C85FF349C8822275
:101A000034000B005AF039EE17000FF091FF5FE63B
:101A1000530844084D083A0049F031ED7F4C160058
:101A20001004E16241D8091C00F055E0C4220FF017
:101A3000C2F76F6155083B0028F03DE27E4C16006E
:101A40002060769E309E70AEB18811FF7F1F49CB1B
:101A500011FFBF1FB18EF1883FF011FFFF1FF8FF8C
:101A600000F000F151C8F18E49D87962C3204223B9
:101A70002CF035E332AE10040662320049F031E852
:101A80000200B26E28F0008E29F0018E31A81BF002
:101A9000088E31A84A2211E8DFFF11FFFF1F11EE67
:101AA000B0F00124056CF8FF02F00040026E020065
:101AB0003FF011FFFF1F891232A8519E31A8889E66
:101AC00031A849220AE8EFFF22FFFF1F0AEE31A8E2
:101AD000C89E31A8C88F31A84A9834F2D2D81E6067
:101AE00043208A2044084D0839F027E7B288832034
:101AF000D25012C02EF037EF328F320053F03BE954
:101B000049F027EA31A8CA8F32A8D189146236F089
:101B10002FEE320049F039E3B46F8A205B084408A5
:101B20004D0839F02DE5B2884320D25012C02EF076
:101B30003DED328F31A88A205BF021E1125031A8AF
:101B40000A9F3189186231A8CA8936F033EC32A86D
:101B500036F02DEC320049F037E1936F4AD850F05F
:101B600027E6170039A831AE33003A0046F035E0D9
:101B70003989318F31A84A9834F2D2D808603200BE
:101B800053F037E55B0856F021E9046E320053F05C
:101B900029E5F29FB388DB5019C0136249F02BE5A9
:101BA000329F3199206249D8086231A8CA8936F03B
:101BB0002FE932A836F029E9320048F033EE616FA0
:101BC00049F027E4729F71990E6249D8086231A8E2
:101BD000CA8936F02BE832A836F025E8320048F002
:101BE0002FED4F6F3200F649D84CF61C1109554CB9
:101BF00040DE93F00288DA56D25A50250B6291F0FB
:101C00000C8892F00D8894F010882700249944DE07
:101C1000076E91F00C8892F00D8897F01088BC98B0
:101C20004CDEA0240462842054DE036E442054DE83
:101C30007C9834F4D4D80760F98959DEDA5011C0A1
:101C40000660146EDB501BC0106259DE5AD854F087
:101C500037EA53D856F033E21009412061DE5AD8F2
:101C60005AF029E86ADE0E6E5ADE5AD855F02FE394
:101C700053D856F035E1100960DE5AD85AF029E7FA
:101C80006ADEBE2032005AF033E612507B981B53B6
:101C900019C019602FF800C202F09FE092F002888C
:101CA000D25011C0076291F000E8030009894A0888
:101CB000D14C0200A16E1009320059F021E1120945
:101CC0001B096D6E92F00288D25011C00F62320073
:101CD00058F035EE72DE320059F033EF1700320063
:101CE00058F03BEF12091B090E6E320058F02BEE34
:101CF00072DE320059F02FEE1700320058F02DEE50
:101D000012091B0971D88FF100C209F087E0036E38
:101D1000E8F00E887FF800C209F08DE04A084CF028
:101D20003FE838090FF800C2C56132005AF02DE1D2
:101D300041D8510472D8500408F0C9E092F00288EA
:101D4000D25011C010624A084FF029E5F188130003
:101D500004000D0002214CF029EA320043D858F06B
:101D600021ED0F6E4A084FF02BE431891300040077
:101D70000D0002214CF03DE7320043D858F031EB22
:101D800092F00288D25011C006624308320058F027
:101D90003FEA056E4308320058F027EB49D88AC065
:101DA000D2549ADE5AD859F03BED82DE69D889DEEA
:101DB0005AD859F02BED92DE78DEE8F0168EEAF074
:101DC000148EEBF0158E0121B9DE61D8C1DEC3207F
:101DD00002214BF03DE929F000EE51D800F8B1C9DD
:101DE000918E59D8518E51F03559D9DEE2DEC213A9
:101DF0001EF03FED42206B4CF648D84CF61D100902
:101E00001E0021092B09EAF3FEB9B0F005240E6487
:101E10003CF8D2C891C382F0FF00D25503F00060B5
:101E20008A124C080FFA00CEFD6EF9D90E603CF80C
:101E3000D2C891C382F0FF00D25503F000608A122D
:101E40004C080FFA00CEEE6E320047F021E6170084
:101E5000380412623CF8D2C891C382F0FF00D25518
:101E600003F000608A124C080FFA00CEC23833002B
:101E700058F027EAD76EC32079984A2250F03BEFFA
:101E8000160030040E623CF8D2C891C382F0FF0005
:101E9000D25503F000608A124C080FFA00CEC26ED1
:101EA000378F7122319E0FF900C2346250F021ED5C
:101EB000728E68F000EE03F001F11899F18F03F0D3
:101EC00006F1189FB120091C00F030CF35F09F5B60
:101ED0004320340067F059E05A080EF023EC7D4CA3
:101EE00010044A6203F001F11899C98903F001F165
:101EF000189F320034F029EF3CF8D2C891C382F029
:101F0000FF00D25503F000608A124C080FFA00CE91
:101F1000896E91F20000206091FD3F001D624A0829
:101F200059F027E056F031E510041160320034F02A
:101F30002FED3CF8D2C891C382F0FF00D25503F0D8
:101F400000608A124C080FFA00CE6C6E4A0858F0F6
:101F500039EE728EAF6F320034F025EC3CF8D2C807
:101F600091C382F0FF00D25503F000608A124C0842
:101F70000FFA00CE576EC320422029F02BEB17003A
:101F800038041B62B28807F03BE603F001F11899B0
:101F9000C98903F001F1189F320034F023EA3CF8BC
:101FA000D2C891C382F0FF00D25503F000608A12BC
:101FB0004C080FFA00CE366E718839EE738882F0C5
:101FC000FF00540849F02BE210041E623A0034F07E
:101FD0002FE8B28807F02DE403F001F11899C989C0
:101FE00003F001F1189F320034F035E73CF8D2C815
:101FF00091C382F0FF00D25503F000608A124C08B2
:102000000FFA00CE0F6E81F0FF0041DE718849DECD
:1020100081F0FF00F18E05124320B2883C002BF0C6
:1020200037EEF649D84CF61E160037E819E8780462
:1020300002F089E00F00016E38041360C3203A54A7
:10204000522050F035E162DE10040E6202000FF003
:10205000A9E445F02BEF41D81D6262D834F021E4A9
:1020600042200FF095E402006FF280C202F0A3E07C
:102070007120510064D815540BE82C01638E09E8D7
:1020800063D814544989E300998E5220EE6F61D8C9
:102090000FEE61D809E8E26140DE03090E6E49D80F
:1020A0000B6000FBD2D861D85100488E00FBD2D81B
:1020B00061D85100888E0B7562D82FFB80C2F2FF69
:1020C00095EF00FBD3D89A009388F661DC8834F44E
:1020D000D4D81160528809F03BEF00FBD2D861D808
:1020E0005100488E61D800FBD2D85100888E412023
:1020F00041DEE26F4620412049DE598811F2C01FBF
:1021000051DE0A0055F02BE05ADE110048248960A8
:102110000700036E06007F2059D8780402F0D9E04A
:1021200051D87912E0F000F152D854F039E210049D
:10213000F3615189F161812064D800FBD3D8CB00D1
:10214000210059000B003FF280C2E66125E8010042
:102150005C08600502F095E02C052409064C3FF26E
:1021600080C2026241209B203004D5610804D36103
:102170004620D26F3004A06100FBD2D8562029F04F
:1021800002200209026E0A7559D81FFA00C202F035
:1021900093E151D81FFA41C8E0F000F152D853F052
:1021A00025EF17003804F0617989EE61822000FB89
:1021B000D3D861D89A0089E87804E661580961D8D3
:1021C0001FF880C2F2FFC3EF00F8D3D80A009A00CC
:1021D00013009A88B8042362020089E95B88C80466
:1021E00004600A0009F02DE763D800F8D4D819007C
:1021F000610049885004096299EF61D800F8D2D88B
:102200008A00928812F009EE00F8D2D861D8510005
:10221000488E61D800F8D2D85100888E0875D06FEA
:1022200052D854F03DE7110900FBD2D828F0022023
:10223000060000FBD2D85720076E61D8CBE9021305
:102240002FF03FEC76209FF600C2F2FFD5EC51D87C
:10225000711260F000F152D853F02BE91004F361D1
:102260005489F16149D8EA6161D814F008EE48DE7A
:10227000412041DEE86FF64AD84CF51C2F001909C1
:10228000100922093E0043203A00F5FF26E503002D
:102290004C083A00F5FF34E643203A00F5FF34E3FA
:1022A000030054083A00F5FF32E603003A00F5FF58
:1022B00022E80FF800C2DE6081F006008825076280
:1022C00002F0634043084DF029EDE76E8824186260
:1022D000C320422128F031E03AEE10043760412457
:1022E00011EE3AE801F02F41518E39E8888E4120F5
:1022F0003AE8D18E01F05C413AE8118F196E082559
:102300001862C320422127F03FEE3AEE10041E600F
:10231000412411EE3AE801F02F41518E39E8888EC0
:102320003AE84120D18E01F0B0413AE8118F3EE801
:1023300081F008005A60C32042294EF03DE932EE98
:10234000100406623A002EF03DE20200A66E41241F
:1023500011EE01F0294132E8518E022A47F037EAA6
:1023600031E8CA8F31E8CA8905623A002EF037E1B8
:10237000ED6F02228A9FC320022227F02BEB31E867
:102380000A9E32E8119805623A002EF039E0DE6FBD
:10239000919E010032E8519E32E8D19EF9D909E8B8
:1023A00032E8119F31E8C89F31E87FF180C289632C
:1023B000888E412032E8D18E81F010000760012222
:1023C00032E8918F88FFEF1F036E31E8888F412438
:1023D00032E8118F32E8518F31E8489F32E8F8FF38
:1023E00001F0004011AE36E881F010002160C320FA
:1023F000422127F033E732EE100405623A002DF057
:1024000025EDA46F412411EE01F02C4132E8518EEC
:1024100031E87FF180C20362888E036E42208A8E8B
:1024200032E84120D18E32E80122118F36E881F066
:1024300001003260C320422127F02DE532EE100466
:1024400005623A002DF03FEA816F412411EE01F060
:10245000234132E8518E31E87FF180C20362888ED9
:10246000036E42208A8E412032E8D18E31E8088FF7
:10247000136EC320022127F02FE33AEE10046661A9
:10248000412411EE3AE801F02641518E39E8888E58
:1024900041203AE8D18E4220F548D84CF41C1F0068
:1024A000100921092E0043203200F4FF26E4030026
:1024B0003C003200F4FF34E543203200F4FF34E204
:1024C00003004C083200F4FF32E503003200F4FF51
:1024D00022E7412431EE0FF800C2D66081F00600F9
:1024E0008825076202F0634043084CF025ECDF6E5C
:1024F00088241762C320422126F02DEF1004346097
:1025000031E811EE32EE01F02F41518E31E8888E24
:10251000412032E8D18E01F0904032E8118F186EE0
:1025200008251662C320422126F03DED10041C60F0
:1025300031E811EE32EE01F02F41518E31E8888EF4
:1025400032E84120D18E01F0F84032E8118F81F05D
:1025500008005960C32042294DF03FE8100406628C
:1025600032002DF021E20200A26E31E811EE32EECF
:1025700001F02941518E022A46F03BE931E8CA8F29
:1025800031E8CA89056232002DF03BE0ED6F02228E
:102590008A9FC320022226F02FEA31E80A9E32E801
:1025A0001198056232002CF03DEFDE6F919E010024
:1025B00032E8519E32E8D19EF9D932E809E8119FFC
:1025C00031E8C89F31E8888E31E843240AE8D00416
:1025D0008A634220CA8E81F010000760C17832E819
:1025E000918F88FFEF1F036E31E8888F412432E816
:1025F000118F32E8518F31E8489FF8FF01F0004019
:1026000032E811AE81F010001F60C320422126F095
:1026100037E61004056232002CF02BECA56F31E890
:1026200011EE32EE01F02C41518E31E8888E31E806
:1026300043240AE8D00404624220CA8E026EC88E87
:10264000C17832E8118F81F001003060C32042214F
:1026500026F035E431E8056232002CF029EA846F77
:1026600011EE32EE01F02341518E31E8888E31E8CF
:1026700043240AE8D00404624220CA8E026EC88E47
:1026800031E8088F136EC320022126F03BE232EEC0
:1026900010046A61412411EE32E801F02641518EA6
:1026A00031E8888E412032E8D18E4220F448D84C5F
:1026B000F61C130903F001F1EF98376203F001F102
:1026C000F098336203F001F10799D14C03F001F166
:1026D00006994920130003F001F1069F03F001F170
:1026E000ED98056203F000F1ED9E056E492403F0BC
:1026F00001F1ED9E18040D62412003F001F1EE9E00
:1027000003F001F10599898903F001F1EF9E0D6E47
:1027100003F000F1EE9E03F001F105994A8951F0B2
:1027200023ED03F002F1F09E03F001F10899D14C82
:10273000110003F002F1ED98500402F087E0056EFD
:1027400003F001F10899D14CC32050F03DEA120981
:1027500001090C6EBAF059E803F002F1F098350067
:102760003C0054F02DEA7F4C0975AFF900C202F02D
:1027700091E203F001F10799D14C03F001F10699C0
:102780004920100903F001F1069F03F001F1ED98D3
:10279000056203F000F1ED9E056E492403F001F19E
:1027A000ED9E03F001F10799D14C03F001F1069978
:1027B0004920170003F001F1069F03F001F1ED98A5
:1027C000056203F000F1ED9E056E492403F001F16E
:1027D000ED9E03F001F10799D14C03F001F1069948
:1027E0004920160003F001F1069F03F001F1ED9876
:1027F000056203F000F1ED9E056E492403F001F13E
:10280000ED9E0FF800C2246203F001F1EE98482417
:10281000106203F001F10599BAF059E803F002F1F2
:10282000EF9835008B893C0012F023E07F4C9D6FC0
:1028300003F001F10599BAF059E803F002F1F098BC
:1028400035008B893C0043F037E17F4C8E6F03F0FD
:1028500001F105994A89430851F029E3130003F077
:1028600001F1EE9848247763BAF059E803F002F1D9
:10287000EF9835003C0009F02DE27F4C766F03F0B5
:1028800001F1ED980462B0F000EE046E4120B1F069
:1028900000EE4220F648D84CF61E1209190950DE07
:1028A00068DE40DE48DE0309A1F000E88312C98833
:1028B0005208D14C91F000E84313C9884A08D14C22
:1028C0006AD835F2D2D811C0196052D8125311C04B
:1028D0001560A1F000E800F030CF0400452083F03F
:1028E000054009985208D14C7F4CA1F000E88312B2
:1028F000C9885208D14C412049DE52D835F2D2D88D
:1029000011C019606AD8125311C0156091F000E827
:1029100000F030CF0400452083F0054009984A08B4
:10292000D14C7F4C91F000E84313C9884A08D14C40
:10293000412041DE53D834F3D2D80B606CD834F444
:10294000D4D80A60DA5213C0023953F02DE3586E1E
:10295000DC5221C0F463100403605ED8066E6AD8AE
:1029600034F2D2D8256076D807004B08520841F0DF
:102970002FE21009456086F0048E81F002883AC08B
:1029800007F2D2D811FBFF1F8912B2F0010011FD2E
:10299000FF1F5256891281F0028E4B08520831F007
:1029A00021EE10042F6242083EF03BE0296EDA521D
:1029B00011C00A6059D80BE8CA884CF02DE6160001
:1029C00007000B71D36FE8F00B8871D81FF800C2B5
:1029D00009F087E0026E08094720420842F02BE325
:1029E00016003004C3638238430852F02DEE086E9F
:1029F00042083DF031EEA0F0058E90F0058E020009
:102A0000376EA9F0058E9AF0058E91F000E833003C
:102A100049884A08D14C1004EC61A1F000E8330069
:102A200049885208D14C10040A6291F000E8898864
:102A30004A08D14C42083DF02DECDE6F49D80B60BE
:102A40004B0852083BF031E01004056242083DF0AB
:102A500035EBD66F41D80B6053084A083AF039EF8E
:102A60001004056242083DF03DEACA6F4208F64A8A
:102A7000D84CF21C1700096E03F002F10499D18EB4
:102A8000412003F001F1EE9E03F001F10899D14CD1
:102A9000902409F0CDE303F001F10799D14C03F044
:102AA00001F106994920160003F001F1069F03F099
:102AB00001F1ED98056203F000F1ED9E056E4924E9
:102AC00003F001F1ED9E03F001F1EE98136048244C
:102AD000186088243E60C824526008255E6048253E
:102AE00093608825D26303F001F10499CE8F38EE0C
:102AF000B96E31F0A0407004C061812039EEB26E31
:102B000003F001F10799D14C03F001F10699492036
:102B100003F001F1069F03F001F1ED98056203F067
:102B200000F1ED9E056E492403F001F1ED9E9256F1
:102B3000961330040460C12039EE946E03F001F165
:102B40000499088F488F812003F001F1EE9E9D6F5C
:102B500003F001F104998E8FC320F24144F033ED6C
:102B600003F001F104990A9E10048F6103F000F153
:102B7000EF9EC12003F001F1EE9E876F03F001F19B
:102B8000049903F002F1EF980998D2418EEE0121E9
:102B900003F001F1EE9E796F03F001F1049903F067
:102BA00002F1EF980998D24151004E8EC320B242F3
:102BB00044F03FEA03F001F1049903F003F1EF98C8
:102BC000DB41099859000A8FC320320044F023EA00
:102BD00003F001F10499092203F004F1EF980BE8E6
:102BE000E441E300DA8E03F002F1EF9809E8D24104
:102BF000510009894A6103F000F1F09E412103F080
:102C000001F1EE9E426F03F002F10499112203F0EC
:102C100004F1EF98E4410BE8E30003F004F1F098CD
:102C20001B89A4421EEF03F003F1F0985B2003F030
:102C300003F1F09E03F004F1EF9809E8E541690023
:102C4000498858042263612003F001F1EF9E9289C4
:102C500088049063812103F001F1EE9E166F4120FC
:102C600039EE4220F248D84C751C11002209180494
:102C700056620FE8BA503BC222F0E001D2121300B4
:102C8000020016F3FFB9B4C504F4D4D81A00A21296
:102C90001300020018F3FEB93EF8D4C8A4C32500FF
:102CA00004003EF5D9D80AF4D4D80AF5D5D800F9ED
:102CB00074C8A212EB1274F7E01065F7001088F7E1
:102CC0000F1006005708DB0592070600F8FF07F013
:102CD0000040FB0092031F001E0077F0E001BF548C
:102CE00036C2F61334130CEE07F2D4D83BF3D7D820
:102CF0003BF2D6D83F133C00A4C5641314F3FFBFC6
:102D0000945435F3D3D835F2D2D81B131A0092C39A
:102D1000D25400F872C812F3FEBFA16E5824566256
:102D20000FE83A503BC322F08007D2121300020092
:102D300016F3FFB9F450A4C305F4D4D81A00A212B4
:102D40001300020018F3FEB984F0FF0F2500040001
:102D50003DF5D9D809F4D4D809F5D5D800F974C807
:102D6000A212EB1274F7801065F70F1088F70010AD
:102D700006005708DB0592070600F8FF07F0004041
:102D8000FB0092031F001E0077F080073F5436C3FC
:102D9000F61334130CEE06F2D4D83AF3D7D83AF23D
:102DA000D6D83F133C00A4C3E454641314F3FFBF0C
:102DB000145536F3D3D836F2D2D81B131A0092C565
:102DC00000F872C812F3FEBF4A6E982448620FE8FA
:102DD0003AC11300020016F3FFB9B4C5A4541A0097
:102DE000A2121300020018F3FEB984F0FF0F2500B1
:102DF00004003BF5D9D807F4D4D807F5D5D800F9A5
:102E000074C8A212EB1274F7F81F65F7001088F768
:102E1000001006005708DB0592070600F8FF07F0D0
:102E20000040FB0092031E0036C134130CEE0AF280
:102E3000D4D89F5096503F133C00A4C5641314F39C
:102E4000FFBF04F2D4D838F3D3D838F2D2D81B134A
:102E50001A0092C500F872C812F3FEBF7548D84C2C
:102E6000F61C4624935238F01F0080F005240664B7
:102E700002F0AC6050F02DEABB6E20F021F00000B3
:102E80001860160010F021F000004E60DFFF2BFFED
:102E9000FF1F4DF035EA01F8D2C801F029F2C43223
:102EA00097F0032000F711D139EE4DF029E40F6EB1
:102EB000130910F021F00000056004F000F000F2AA
:102EC00056C85020E763306EA9F008209AF000E859
:102ED0001D60AFFB80C2F96339E8482409F0EFE0D8
:102EE000A1F0018813624DF021E84120A1F0018E8C
:102EF00038FBD2C812C2525401F021F2C4328920E8
:102F000000F112D10AEE4DF02DE14DF03DE639E829
:102F1000482408F08BE042082FF03BEBFFF711D17B
:102F200039EE4DF031E0702063604DF03DE501F881
:102F3000D2C801F02BF2D832B7F0032000F711D13C
:102F400039EE4CF031EF5909196E4120A1F0018E94
:102F50004DF037E4520817F037EAA2F004882CF05D
:102F60003FEBA1F0088891F000EE4CF029EE5208FA
:102F70002CF02DEBCB6FA9F005209AF000E817603C
:102F8000AFF680C2F96339E8482409F0C1E0A1F046
:102F900001880D624DF033E24120A1F0018EB1F0C5
:102FA00002884920B1F0028E4CF02BEC4DF03BE151
:102FB00039E8482408F08BE0420835F033EAFFF79F
:102FC00011D139EE4CF02FEB136E4120A1F0018EA0
:102FD0004DF037E052082BF021EAA1F0058891F07E
:102FE00000EE4CF031EA52082CF035E7E06FF6487D
:102FF000D84CF61E160044DE21001A09070000090D
:1030000001091BF000E84CF021EFFFF701F321B8B4
:103010004220FFF702F321BE0FFB00C22C603FFBF2
:10302000D2C803F100409BE89BC39C564CDE85F15F
:10303000004073F0FF7BADE8ED102C134CDE05F182
:103040000140ADE8ADC3AD5655DE8CF10140C2F094
:1030500002E8D210521352DE7250A0040864AFF49A
:1030600000C202F08BE05F08410922095809EBF029
:103070000A88D36F38049B607B5002F100409A00AD
:1030800014E8A4C3A55684F100401C014DDE2300C2
:1030900074F0FF7B38F000E800F438C85FF845C8EA
:1030A00028F001883BF0018888F0FF0000F43BC85D
:1030B00008F8D8C8E8F00A8E8FFB48C84DDEE8F063
:1030C0000A8E3FF6DBC85375BFFA00C21A643FF69A
:1030D000D9C89FF509C201F9D9C84F0C3FF6D9C824
:1030E000AD2400F935C238F5D9C829F000EE2D110C
:1030F0001DEE38F8D5C8558E4FF802C85A8E3E6E70
:103100006E540FF900C237603FF9D5C803F1004093
:10311000EB001AE888F1004092C3280D92565ADE5F
:10312000450858F000E800F438C82FF842C838F0D5
:10313000018859F0018888F0FF0008F8D8C800F429
:1031400039C8E8F00C8E8FF948C8E8F00C8E5ADECA
:10315000E8F00A88E8F00C8E38F2D8C838F000EEB3
:1031600012112AEE62D838F2D8C838F0018E121146
:103170006A8E046E52D843D81AEE72507C5003F116
:1031800000409552E3001DEE85F1004092C66501B6
:103190002AEE02F0AB405A8E62F001596A8EFFF7B8
:1031A00001F321BE4BF02FEC3A22076EFFF701F33B
:1031B00021BE4BF021EC0200F64AD84CF61D100956
:1031C0001F008AF8FF003CF8D2C82BF0FF0038F847
:1031D000D2C811C241DE482502F095E042D85254CF
:1031E00001F026F2C4326FF080C2076202F09B60E9
:1031F000430846F03DE3A06E4BF02FEFF1884920E5
:10320000F18E4BF031E969F000E80FF900C2EF618F
:103210009FFA80C2046099F00888F86F91F00588E1
:103220001FFB00C2076402F09D60430846F023E2E2
:10323000836E3804066202F09A604EF027EC7C6ED2
:103240009AF004885A0D47F037E2100978F0038E9F
:1032500038EE4BF035EC91F001882C60BB880A60A9
:1032600091F0068804607A88D14C046E1A002BF025
:103270002FE303F001F12F99076203F007F12F9F6D
:103280004BF033E5066E4BF02DE53A002BF031E2C2
:103290004BF037EAF188482408F08BE042D82DF053
:1032A00035EF4724F1887900F18E4BF029E43A009C
:1032B000436EA1F000E803600A09FC6FA7F000EE7E
:1032C00003F001F12699492003F001F1269F71884E
:1032D0004920718E41D800F192DE03F001F12E9960
:1032E000511203F001F12E9F4BF02BE24BF03BE724
:1032F000F188482408F08BE042D82DF039EC4724BF
:10330000F1887900F18E4BF02DE101F045891362CF
:1033100003F001F12D990F600AE8925211C2492081
:1033200000F192DED6014BF021E6320001F021EAF5
:103330004BF023E04208F649D84CF41C1600554CDB
:103340001809210930DEF28834F2D2D8626071891E
:103350002562B288D25011C0116290F000EEC320F5
:10336000822046F035E882F000EE1004AF60412084
:1033700011EE81F000E84E8EA96E80F000EEC320C1
:10338000822046F035E792F000EE10049F60412065
:1033900011EE91F000E84E8E996ECA8834F2D2D8C0
:1033A0003860C320822046F031E682F000EEC32070
:1033B000822046F025E692F000EE81F000E80360FE
:1033C00010040E6282F000E82AF035E892F000E87E
:1033D0002AF02DE880F000EE90F000EE776E4120AC
:1033E00011EE82F000E811EEB288D25011C00962ED
:1033F00081F000E84E8E718992F000E8518E666E81
:1034000091F000E84E8E718982F000E8518E5E6E78
:10341000C320C22B46F023E382F000EEC320C22B70
:1034200046F037E292F000EE81F000E8CC61100443
:10343000CA61F28834F2D2D80B6031D84A2032DE29
:1034400072895288C31122F2C01F5AEE096E31D818
:103450004A2032DE7288C31122F2C01F5AEE0700E2
:1034600031D8780402F0C9E0C111CEE932004BF046
:1034700021E5150081F000E8091CC4118311E0F07A
:1034800000F652D828F027E77F4C32004BF033E4A7
:10349000150091F000E8091CC411831160F000F6DA
:1034A00052D828F029E67F4C7F20DB6F82F000E8BD
:1034B00011E805622AF029E180F000EE92F000E8C0
:1034C00011E804622AF039E0886F6B4CF448D84C5C
:1034D000F51E1F00160058DE70DE3B00320033F090
:1034E00021E4100403609288C06E31E84312899889
:1034F0003200D14C39E8031389983A00D14C5AD89C
:10350000125311C0076072D8125311C003604420D7
:10351000026E04003B00320035F033EC100406600C
:103520003B00320046F037EFA06EB288D256D25A36
:1035300002627698BA88D256D25A02627F98F00513
:103540000862B288D35102F0704044F025E98D6ED4
:10355000C32002213FF03BED100986F000EE87F01A
:10356000018E89F0074031E8C4114B0849983200B8
:10357000D14CEAF0088839E8C4114B0849983A0060
:10358000D14C41D80FFA00C238600804046286F0BA
:10359000028E086EA0F00224FB618824176287F077
:1035A000028E82F0028811E800F030CF040045203E
:1035B000099883F00840D14C7F4C1004266082F0BB
:1035C000028890052B6239092A6E5AD8125311C00D
:1035D000066072D8125311C00662E26F72D812539D
:1035E00011C0D6634AD851D863D8891A6AD8D21A7A
:1035F0008804F8FF9DEFD46F0804D26302F06C409A
:10360000030044F02DE3316E81F002888A88D351A3
:1036100002F06C4044F03BE2286E310945F035E69B
:1036200003F001F139991862060037F0F75A4AF0B1
:1036300027E6E3F190641202452404F0FF405B1199
:103640001211321C14001D0044F02BE27E4C41206C
:1036500003F001F1399F03F001F1389981F0038EF5
:1036600003F008F1389F4A08F54AD84CF61D1009B6
:1036700003F001F12D9941DE0C6E00F992DEFFF2AC
:1036800051D603F002F12E99891003F001F12E9F1B
:1036900003F002F12E998FF200C209F0AFE24DF073
:1036A0003BE40BF259C601F9D2C801F027F2C4324B
:1036B0007FF080C20E6201F9D2C801F021F2D83247
:1036C0001FF080C2066202F09B604CF037E7816E0B
:1036D00001F9D2C801F026F2D8320F6E49F02BE87A
:1036E000F988482408F08BE04A082BF029EDF98886
:1036F0004924F98E49F03FE179880824046A7188E9
:103700000824BC6D49F023E7F1884920F18E49F087
:1037100025E13209116E03F00BF12D9F49F037E0DE
:10372000B1F00288B2F00488D14C49F03DE5A1F037
:1037300000E81AF00520ABF000E80F60B1F0038854
:10374000F761B1F00188F463B1F00288E56302F03B
:103750009C604CF02FE33D6E49F02FE4F188482443
:1037600008F08BE04A0831F027EDF1884924F18E0A
:1037700048F023EE49F033E3F9884920F98E48F008
:1037800035ED3A09176E4924522008040F6013E8FA
:10379000FB6103F00BF12D9F48F03BECB1F0038887
:1037A000B2F00720D14C49F021E2A1F000E81AF074
:1037B0000820ABF000E89361B1F00188F763B1F045
:1037C0000588B2F00488E26F41D803F001F12D9F23
:1037D000F649D84CF61DF1D91700190922092B0911
:1037E00041DEA2F000E84CF021EA49F02BEF10098D
:1037F0000FF800C20D62FA5191C3BAC3D25503F05B
:10380000006005008A1204000FFB00CE9A6E81F062
:1038100000E8C805106070F0FF240D60FA5191C3F4
:10382000BAC3D25503F0006005008A1204000FFBF2
:1038300000CE876EC32002211DF02DE51600300456
:103840000D62FA5191C3BAC3D25503F0006005006E
:103850008A1204000FFB00CE746E6BF000EE69F06C
:10386000018E90F0012409F0BBE0C3204A081DF04E
:1038700037E3F28E10041062320028F023E3FA518D
:1038800091C3BAC3D25503F0006005008A12040048
:103890000FFB00CE566E4C0853084BF033EA046E13
:1038A000A1F000E8F18EB08E83F00188BAC3340035
:1038B0003CF03FEA100417627188482409F08BE05D
:1038C000F28828F03BE0320028F035E0FA5191C34D
:1038D000BAC3D25503F0006005008A1204000FFB42
:1038E00000CE2F6E41D82160420841D8D14C10043F
:1038F0001C6283F00188BAC341F03DE4718848241A
:1039000009F08BE0F28827F037EE320027F031EE35
:10391000FA5191C3BAC3D25503F0006005008A1270
:1039200004000FFB00CE0D6EB9C349DE81F00188A3
:1039300051DE4512FBD982F0028804001FF039E500
:10394000F649D84CF61D160043DE718889C149DE60
:103950000309B388DA56D25A502509626AF00C205E
:10396000712351DE68F0108801090A6E6AF00C209C
:10397000712351DE68F01088B29934F2D9D882F000
:10398000098834F2D2D857600FF900C20462DA50C5
:1039900011C0046207000B71036E472003093289CE
:1039A0005188C9E91D62DB5085F008881BC03C00C6
:1039B00029F029E4B288D25011C00A6231894988BD
:1039C00084F00788CAE90300E9FF20ED096E318918
:1039D000498884F00788CAE90300E9FF3EECB28811
:1039E000D25011C015620FF900C20962A1F000E8BF
:1039F00049210AE840F000F252D80AEE318949889C
:103A0000A4F000E8CAE94BD8E9FF30EB146E0FF9D7
:103A100000C2096251D809E849210AE840F000F2E1
:103A200052D80AEE51D80CE831894988CAE94BD8F6
:103A3000E9FF38E90FF900C20E60B288D25011C018
:103A4000066241D8A1F000EE42203A6E42D851D829
:103A50000AEEFB6F3289518811F00BE8066284F0A0
:103A600008885B0823F025E1B288D25011C00562B6
:103A700042D851D80AEE046E41D8A1F000EE318947
:103A80004988A4F000E812F00BE84BD8E9FF3CE6C7
:103A900051D80CE83189498812F00BE84BD8E9FF7E
:103AA0003AE6070031891FF780C2F2FF9FEF8A884C
:103AB000D3E94988CAE9E9FF3EEA7F20F46FF64975
:103AC000D84C731CFFF701F321B84620FFF706F32B
:103AD00021BE5650175062C603604220026E02009B
:103AE000B8F7FF7B00F834C800F835C8EB001004C5
:103AF000A960E701BA2014C00762BD2082F100402E
:103B00002D5052E9066EBD202D5002F1004052E9C1
:103B100025F6000002F050F000245B623BF2D5D89D
:103B20002DC1282522F6000E36F000061DC4B6541D
:103B3000AD13AA1220040D62BD2092C684F100408C
:103B40002D5062EF7C2002F10040245012E90C6EEF
:103B5000BD2092C604F100402D5062EF7C2024501D
:103B600082F1004012E922F7FF1C3AF3D4D8A4C036
:103B7000E455A2127C2024C008627D2092C684F104
:103B800000402D5062EF076E7D2092C604F1004088
:103B90002D5062EF39F3D2D8F0F000F252D80B6E0C
:103BA0007D2092C604F100402D5062EFDA52F0F011
:103BB00000F252D83BC0076292C683F100403C50ED
:103BC0001AEF486E92C603F100403C501AEF426E65
:103BD00025F6000001F050F000243C62D5C422F626
:103BE000000436F0001C9DC43654AD13AA12200404
:103BF0000D62BD2092C684F100402D5062EF7C2002
:103C000002F10040245012E90C6EBD2092C604F16E
:103C100000402D5062EF7C20245082F1004012E9D8
:103C200022F70F1839F3D4D824C3E454A2127C200D
:103C300024C0B7637D2092C684F100402D5062EF0E
:103C4000B66FA60182F10040B2009C5214EE9BC6F2
:103C5000538EFFF701F321BE7348D84CF61D1009AF
:103C60001A0023002C00E9F3FDB9FED940DE48DE3E
:103C7000472480F00524076620040A6210040362CA
:103C80003004156202F0AC6049F039E99B6EF5D959
:103C90002FF031EB42DE41D81A6030041A60CA219D
:103CA000040033002CF029E04ADE076E02001C00FD
:103CB00033002BF03BEF4ADE49D80B6241D8076056
:103CC0000A8926F03BE042D826F035E002007A6E01
:103CD00046F037E845D8066001F8D2C832F0C4563D
:103CE000026E021249D8066001F8D3C833F0D856E4
:103CF000026E4312010016E8056034E8A4C308050B
:103D000003604420026E04003AF000E80860ABF063
:103D100000E8BBF0FF00BFF100C242602004446035
:103D200028040D602E9E44D814EE08F8D2C8521212
:103D300044D822EE42D8508E42D817E84AD81460B0
:103D40001CE8548F4AD81AEE08F8D2C851124AD843
:103D500011EE04F000F000F151C84AD811EE49D834
:103D6000488E49D80FE845F02DEE49D8106042D86A
:103D70000E600AE802F000F000F252C80AEE41D8E4
:103D80000AE802F000F000F257C80FEE0FF900C287
:103D9000036097F000EE782014604220136EA3F0C9
:103DA0000520200402623222492010F0FF24F9FF8E
:103DB000C9EE45F021EC02F0AD6049F027E0026E5B
:103DC0000200F649D84CF61E42DE22004BDE54DEDD
:103DD00058DEFFF701F321B861DE4120FFF701F360
:103DE00021BE52506ADE030970DE0B6E03F001F152
:103DF0001499492003F001F1149F71D8492071DE14
:103E000072D841D8500402F0FFE149D8D14C1600D5
:103E100003F001F1139932F0F25256EE1AF001203C
:103E200003F00AF1139F03F003F1129932003CF002
:103E30003BEA03F002F1129F03F001F11299D763FC
:103E400003F001F1149988240E62C31332003BF091
:103E500033EA100408607BD801F0A2F2F13254D8A2
:103E6000F7FF29E06AD889F1004006F10040110D02
:103E7000960103F001F11199590D5E0C090D8E01A7
:103E800001003CF0F2523FFAD2D8880402F0C5E0BB
:103E9000C2F000E813000200DC51925612139B5648
:103EA000C4F0018825000400A21277F0FF7BEB121A
:103EB00004F2D8C89D52945200F875C82C001A001C
:103EC000E41194F001EED21172EE49201475DC6F0A
:103ED0005AD88A000B0D5ADEA1F001000D6031F0B6
:103EE000F15211F00AE803F001F1F29E412003F0D3
:103EF00001F1139F046E03F000F1139F03F000F132
:103F0000149F7C6F03F001F111995AD86BF011F1F5
:103F100092C161D8FFF701F321BEF64AD84CF21DD9
:103F2000040075F0FF7B03F0404102F0D66033F0EF
:103F300037E607F0D060041103F004603A0032F075
:103F40002DE229D809C00F6006F0406004008520EA
:103F500033003A0033F031E50400452033003A00E5
:103F600033F025E529D849C0116006F0546007F008
:103F7000D0600400852033003A0033F02BE40400C5
:103F8000452033003A0033F03FE329D8C9C011601F
:103F900006F0686007F0D0600400852033003A0026
:103FA00033F025E30400452033003A0033F039E2D2
:103FB00029D849C1116006F07C6007F0D060040088
:103FC000852033003A0033F03FE104004520330000
:103FD0003A0033F033E106F0D660040005F080408B
:103FE00003F04841320033F03FE0040005F00041A7
:103FF00003F04841320033F02FE00400052203F0C3
:104000004841320033F021E0040005F0004203F0A3
:104010004841320032F031EF34F0F75203F04441BE
:10402000320031F029EB03F004F1F79803F044413A
:1040300003F005F1F898320032F02DEEF249D84C39
:10404000F21DC4114311021142F023EC29D8882437
:10405000036221D809E8831121D84A8843F039E85E
:104060001004696031D88824066223D83AD830F029
:104070003BE8666E08042B6229D88824616221D847
:104080004A8830F02BEA1600D0F05FE165F019495C
:1040900023D82AD834002AF029E97F4C21D84A882D
:1040A0002EF035EECBF057EB21D8091C11E80400B7
:1040B0000D007288B3881EF039E47E4C47F03DEB6A
:1040C000432021D84A8843F02BEC3A6E48243862CA
:1040D0000600036E3004346248F03DE1502408606D
:1040E000D024F96323D83AD830F021E5226E35F098
:1040F00039EC48F023E1D024EE6121D84A8830F031
:104100002FE6160021D84A882EF02DEB170047F035
:1041100021EFCBF057EB21D8091C7FF281C00400BE
:104120000D007288B3881EF029E17E4C47F02DE81F
:104130004620066E21D8898802F00060D14CF249F1
:10414000D84CF41C1600200930F0033602F0ADE024
:104150001804406030F000363D6030F001362F60CA
:1041600030F002366D6231A8899802000B0082F0AF
:10417000008E83F0018E856E30F00336346030F0AF
:1041800004363C6030F00536456004F030F0002421
:10419000576404F030F0072408F0A7E10FF0C1F7EE
:1041A0000A62FCFF32F0002089E8D94CF199020044
:1041B0000B0082F0008E83F0018E636E320047F0B8
:1041C00033EE130034F212D982F0008E83F0018EA8
:1041D000586E31A8C99802000B0082F0008E83F05F
:1041E000018E4F6E31A84A9834F2D2D813000200E3
:1041F00082F0008E83F0018E446E31A84A9835F229
:10420000D2D811C002000B0082F0008E83F0018E24
:10421000386E31A8099902000B0082F0008E83F0FD
:10422000018E2F6E32893FF03DEC1109040005002C
:104230004B08020034F037E517003804036202002F
:10424000216E91F010001260B288D25011C0086245
:1042500003223A0042F023EA10040862F16FC378A7
:104260003A0042F035E91004EB6102003B0082F0B5
:10427000008E83F0018E056E80F0008E80F0018E3E
:104280004220F448D84CF11C160003F001F1EF98DD
:104290005C6203F001F10899D14C902409F0ADE182
:1042A00003F001F10799D14C03F002F1EF9E03F006
:1042B00001F10699492003F001F1069F03F001F195
:1042C000ED98056203F000F1ED9E056E492403F0C0
:1042D00001F1ED9E03F002F1059903F001F1EF9871
:1042E00052888804326203F001F10799D14C03F03F
:1042F00001F10699492003F001F1069F03F001F155
:10430000ED98056203F000F1ED9E056E492403F07F
:1043100001F1ED9E03F001F105998A8E03F000F1A1
:10432000EE9E03F000F1F19E106E03F001F105998D
:1043300003F003F1F19809899B42C9E888040562FA
:10434000412003F001F1EE9E03F001F1ED983C6095
:1043500003F001F10899D14C502409F0E5E003F095
:1043600001F10799D14C03F001F10699492003F0BE
:1043700001F1069F03F001F1ED98056203F000F1F1
:10438000ED9E056E492403F001F1ED9E03F001F16D
:10439000EE98CC614824D96303F001F10599C988EE
:1043A00003F003F1F198CAEE03F001F1F19849200E
:1043B00003F001F1F19E03F000F1EE9EC66F03F0F1
:1043C00001F1ED98076230EE412003F001F10A9F00
:1043D000036E412031EE4220F148D84CF21C13000C
:1043E0009F2418049F6021F040425804386421F053
:1043F000AF71580408F0E9E036F01F537988AFFE3A
:1044000010F0013D3A623AE819005100492422F0C7
:1044100040428804066422F0AF71880409F09BE0F2
:104420000FF092F70060880428640FF0A2F76F4B3A
:10443000880408F0C7E0788E42F02FED03F001F118
:104440002499492403F001F1249F03F001F12399F9
:104450003AE86BF023F291C331E8136E0FF091F755
:10446000006058040A640FF0A1F76F4B580408F07D
:104470008BE036F02053C36F422A3CF035EF526E8A
:10448000080417600BE80A009A009220D005036028
:104490004988F76F7FF382C092200AEE03F002F1A1
:1044A00021997FF282C0922003F002F1219F156EC4
:1044B00039003AE83AEE32E87A8E37EE03F002F14C
:1044C0002299522003F002F1229F3AE803F003F10F
:1044D00021996BF021F392C1320033E821600CE89E
:1044E0000B00E3009B2015E8E80405606A2015E84E
:1044F000FB63166E5FF483C09B200BEE11E84988C6
:1045000011EE03F001F12299492403F001F1229FF9
:1045100003F001F12199892003F001F1219F42F07C
:1045200035E0F248D84CF41C160020091804346019
:1045300030F00036316030F00136236030F0023662
:10454000346030F003363A6030F00436426004F0F4
:1045500030F00024576404F030F0092408F0A7E19B
:104560000FF0C1F7CE61FCFF32F0002089E8D94C92
:10457000F19902000B0082F0008E83F0018E6E6EC6
:10458000320046F02FE0130034F212D982F0008E90
:1045900083F0018E636E31A8C99802000B0082F08F
:1045A000008E83F0018E5A6E31A8899802000B00AC
:1045B00082F0008E83F0018E516E31A84A9834F259
:1045C000D2D81300020082F0008E83F0018E466E76
:1045D00031A84A9835F2D2D811C002000B0082F0FF
:1045E000008E83F0018E3A6E32893DF039EE11096A
:1045F000040005004B08020032F033E717003804CE
:10460000036202002C6E91F010001260B288D2504A
:1046100011C0086203223A0040F03FEB1004086228
:10462000F16FC3783A0040F031EB1004EB61020007
:104630003B0082F0008E83F0018E106E020004F0C9
:1046400003F0004082F0008E83F0018E076E0200BE
:10465000832082F0008E83F0018E4220F448D84CF3
:10466000F61C0700169843F039E5100403600200B9
:10467000996E41240B000200347110F045EC68F093
:1046800002E83D601554B42164E906626D20B4214E
:1046900064E93560166E6D2069F0062095F005E836
:1046A00010606D8889F0018800F935C2280405F092
:1046B0008BE089F000E84D0CE80402F087E02B0065
:1046C000658889F0018800F935C2280405F08BE07F
:1046D00089F000E84D0CE80402F087E02B0085F03B
:1046E000028848F0028800F835C2280405F089E005
:1046F00024E86501680402F087E029005220482080
:10470000B761080403621804B3610200347112F047
:1047100043ECB5E8456058F0018844081C0159F0A5
:1047200000E85AF003884A0DAFF400C209F08BE0AC
:104730009FF009C24C0C4FF800C206606C8E14004A
:1047400000F494DEE7131554B42148F005E88BF02B
:104750000220B4F000E80C018AF000E889F0038838
:10476000510D9FF400C209F08BE0AFF009C24C0C70
:104770000FF800C20960B4F000EE280910F000F84C
:1047800098CE7FF847C86D2068F0062088F005E8CD
:10479000076084F0028E10F000F594CEE7135220EB
:1047A0003A00F648D84CF51E160048DE60DE0209D5
:1047B00030040560F28834F2D2D80562823344F0C6
:1047C00023E0856EB288D256D25A04627198880569
:1047D0007E6231E8831289983200D14C320042F077
:1047E0003FE210090FF800C20662330032003EF0CB
:1047F0002FE5100940DE7289056011E88998C31120
:10480000D14C5FD87824606247D8782409F087E0DB
:104810005B6E53D85162073BF9F00068420844F0E0
:104820002FEB11E8C989D14C100402600A71738919
:10483000246062D834F2D2D82060420844F02DEAD5
:10484000728939F02FED3B003EF02DE031E800F0A9
:1048500030CF1500040083F0034009983200D14C9A
:104860007F4C728911E800F030CF04004520099890
:1048700083F00440D14C7F4C31E800F030CF3D0054
:10488000040083F0024009983200D14C7F4C31E89B
:1048900000F030CF4D08040083F001400998320049
:1048A000D14C7F4C0FFA00C2126031E8430889896D
:1048B0003200D14C0C6EF2F000683FF02DEF170083
:1048C000E9F00A88AC6F51D8FC63A76FF54AD84C61
:1048D000F61C100903F001F1EC984826186203F069
:1048E00001F105998E2131E88B6203F002F1ED9818
:1048F000125441F021EE32EE03F001F1059989895D
:1049000003F001F1EE9E40F035EE786E8826786275
:104910000600C320822035F039EF170003F001F1C3
:104920000799D14C03F001F106994920110903F0D0
:1049300001F1069F03F001F1ED98056203F000F12B
:10494000ED9E056E492403F001F1ED9E03F001F1A7
:104950000799D14C03F001F10699492003F001F1C8
:10496000069F03F001F1ED98056203F000F1ED9E62
:10497000056E492403F001F1ED9E03F00AF105995B
:104980000100A5F00188480502F0A9E003F003F159
:104990000A99A4F003884BF001E8BFF300C2066255
:1049A0008942A6F004888E01290049204805F46553
:1049B0003004066213004A083BF03FE5160003F09E
:1049C00001F10A99492003F001F10A9F30047E8E1B
:1049D00038EE03F001F1059949210AE803620FEE70
:1049E000056E03F001F10B990FEE03F007F10B9F39
:1049F00003F006F1EE9E41F031EA80F000EE422035
:104A0000F648D84CF61C4C4C42DE2E0054DE4BDEF1
:104A100032A8919813985BDE92208BC0DB5463DE42
:104A200093885C546CDE1B5073DE882403628720FD
:104A3000026E472042F027E512091B0971D8791A46
:104A400079DE80DE216E63D89B569D1244084B08A8
:104A500052D843F025E4C0F040E0452074D842D855
:104A60004BD823F027E97E4C42DE4BDE369851D8F6
:104A7000C92051DE69D802000B001B0DAFF24AC0FD
:104A800081D8492081DE82D859D8500402F0E7E06D
:104A900030040762B288D351822239F035EE356E88
:104AA000B288D25011C01162329943F03FE511092A
:104AB000329943F02FE5100932993DF02BE71700AA
:104AC000329943F03BE4106E729943F03BE41109D4
:104AD000729943F02FE4100972993EF021E017001B
:104AE000729943F03BE379D87804F2FFDDEE0200DF
:104AF0000C6E02000300121C0521040042D84BD8A2
:104B000023F029E47E4C4220744CF648D84CF61D24
:104B1000160020092B091A00EAF3FFB943F02BE035
:104B200040F035E511090FF900C21062F25191C34E
:104B3000B2C3D25500F030CF03F0006005008A12F6
:104B400004000FFA00CE7F4C6F6E91F000E88805EC
:104B5000136060F0FF241060F25191C3B2C3D255CC
:104B600000F030CF03F0006005008A1204000FFA55
:104B700000CE7F4C596E0FF800C21062F25191C303
:104B8000B2C3D25500F030CF03F0006005008A12A6
:104B900004000FFA00CE7F4C476EC32082F0022043
:104BA00013F025EA170038041062F25191C3B2C322
:104BB000D25500F030CF03F0006005008A120400E7
:104BC0000FFA00CE7F4C306EB1C339EE78F0018E13
:104BD000BA2044085B0842F037E093F00188B2C382
:104BE000540833F02DE1100413623A001EF031E74F
:104BF000F25191C3B2C3D25500F030CF03F0006040
:104C000005008A1204000FFA00CE7F4C0D6EB1C36E
:104C100041DE91F0018849DE0512C32092F002883E
:104C20003C0015F033EEF649D84C741C2E00FFF70B
:104C300001F321B84520FFF705F321BE3FF2D9C8A3
:104C4000155062C603604720026E070072C60360FB
:104C50000871026E0009B2F7FF7BA410B6101A00AB
:104C60000FF800C2056033549A0012C8036E7354E3
:104C70009A00380467606501AB201CC00762AE2053
:104C800083F1004036509BE9066EAE20365003F1AA
:104C900000409BE936F6000001F060F000245A6203
:104CA000DEC4586233F6000427F0001C96C43F545B
:104CB000F613F31220040D62AE209BC684F100406F
:104CC0003650A3EF6C2003F1004024501BE90C6E1A
:104CD000AE209BC604F100403650A3EF6C20245058
:104CE00083F100401BE933F70F1839F2D4D824C3FD
:104CF000E454E3126C2024C0136274F0FF7B6F2035
:104D00001B1186F100403F50F3EFD252F0F000F259
:104D100052D8121103F100402C501AEF1B6E74F0A0
:104D2000FF7B6F201B1106F100403F50F3EFD25282
:104D3000F0F000F252D8121183F100402C501AEF1B
:104D4000096E210D83F100404B0C94521CEE92C66B
:104D50005A8EFFF701F321BE7448D84CF51C17009A
:104D6000180929090100060003F002F13699100420
:104D70001C6053889B88DB518FF300C2086213E8E4
:104D80009B88DB51D8050B603804096013E89B88C9
:104D9000DB51D80507620FF800C202624920D288B1
:104DA000E76F3804F961FC6F08046960CA4022EEBD
:104DB000C32033F03DEA92F000EE03F00AF1369999
:104DC000106E21F7000002F010F2002404620AF0D5
:104DD0005EF292C891F000E88AEF7620AAF003888C
:104DE0000FFA00C24F60A1F001888A88D2518FF279
:104DF00000C20962A1F000E88A88D251D0050C6097
:104E000038040A60A1F000E88A88D251D0051962FE
:104E10000FF800C2E46352083FF03BEF91F000E866
:104E20008AEF7620A1F000E88A88D25121F70000AD
:104E300000F010F2002408620EF0A1F292C80D6E8C
:104E40003804E761CC6F21F7000002F010F2002473
:104E500004620AF05EF292C891F000E88AEF7620D0
:104E6000A1F001888A88D25121F7000000F010F2E9
:104E70000024A8630EF0A1F292C8AD6F20EE90F06E
:104E800000EEF548D84CF31C1600F8D930F0043683
:104E900002F09FE030F000363A6030F001363260C8
:104EA00030F00236376030F0033636605E6E30F038
:104EB0000436346030F005363E6004F030F00024F3
:104EC000216004F030F002241B6004F030F006246E
:104ED0004C622F0038045060F288125311C04A62AD
:104EE00033894860759934993A0016F02DE410041E
:104EF000416046203A0040F025EB3200436EF59FBA
:104F00000B6E2B0032003FF023E03C6E31A8CD9EAB
:104F1000036E31A88D9E4220356E31A82B004922A8
:104F20001BC00AE80AF3D3D8EFFF22FFFF1FD212FB
:104F30000AEEF26F2F0031A88A2041F03FE01009FD
:104F400031A8899888240662320039F02DE7125082
:104F5000046E320039F023E72FF801C2780408F01C
:104F60008BE0B80402F089E002000C6E31A80F9FBC
:104F7000D36F0600C06FB288D35102F0674037F09C
:104F800031E7F348D84C00F03DCF180AD0240D6229
:104F9000117221F030C01026056004F089E042F063
:104FA0003DED3EF02BE0596E9024226200F03A89EC
:104FB00001F042F02BED00F03B8901F042F021EDD1
:104FC000117221F030C0122600F042F033EC04F0F0
:104FD00042F02DEC00F032CF02223DF033EE00F42F
:104FE00032CF8B0803F03B8F02F03A8F3D6E1024D6
:104FF0001D6202F03A8900F042F025EB03F03B8994
:10500000190A522600F042F037EA04F042F031EA81
:1050100000F032CF42223DF037EC00F432CF8B0863
:1050200003F03B8F02F03A8F1F6E50241B6202F098
:105030003A8900F042F029E903F03B89190A502629
:1050400004F08BE0036042F035E83DF023EB030011
:1050500003F03B8F00F03A8F2200832028F025E7F1
:10506000046E42F039E742200FF1CBE1F11C16004B
:10507000300403620200706E7288D38834F3D3D890
:1050800010603DF03BED10040560728811E8C9899D
:10509000D14C7188C9200AE8DFFF22FFFF1F0AEE0A
:1050A000728811E88988D14C1004E5617188488FB5
:1050B00032E8D38834F3D3D810603DF023EC1004E9
:1050C000056032E811E8C989D14C31E8C9200AE805
:1050D000DFFF22FFFF1F0AEE32E811E88988D14C7A
:1050E0001004C96131E8488F32E83DF033EA10041A
:1050F00003603BF021E972883DF025EA100403606B
:105100003BF033E832E826F03DE6728826F037E6D9
:1051100031E889200AE813511BC00B6022FF7F1F72
:1051200052CB0AEE32E82EF02DE11004026030EE90
:10513000718889200AE813511BC00B6022FF7F1F72
:1051400052CB0AEE72882EF02DE010040260708EB1
:1051500032002AF031E3F148D84CF41C160004F078
:1051600000F000F656C8B25217C203F001F12699BA
:1051700010F06424096403F003F1269902F0AE6094
:1051800036F02FE7616E782502F093E07A5401F053
:1051900029F2D8329FF080C2076202F09B60330090
:1051A00036F02FE6516E3CF021E291F00388492061
:1051B00091F0038E3BF03FEB98F000E80FF800C24F
:1051C000ED618FF680C2046088F00588F86F3CF0CE
:1051D00039E081F00188256281F00388226281F044
:1051E0000288066202F09C603EF039EE2D6E41208E
:1051F00081F0038E03F001F12699492003F001F1BB
:10520000269F91F00188492091F0018E390000F12C
:1052100092DE03F001F12E99511203F001F12E9F5D
:105220003BF033E83BF023EE91F00388482408F08C
:105230008BE03A0024F039E691F00388492491F09C
:10524000038E3BF031E7F448D84CF51E160048DEDB
:1052500060DE020930040560F28834F2D2D80562BB
:1052600082333EF03FEA706EB288D256D25A046260
:1052700071988805696231E8C31189983200D14C70
:1052800032003CF03BED10090FF800C2066233001B
:10529000320039F02BE0100958DE7289056011E800
:1052A00089988312D14C47D878244B625FD87824F0
:1052B00009F087E0466E3BD83C62073BF9F0006896
:1052C00042083FF02BE611E8C989D14C1004026076
:1052D0000A7172890F604BD834F3D3D80B6011E890
:1052E00000F030CF04004520099883F00440D14CF1
:1052F0007F4C31E800F030CF3D00040083F00240E5
:1053000009983200D14C7F4C31E800F030CF4D0885
:10531000040083F0014009983200D14C7F4C0FFA11
:1053200000C2126031E8430889893200D14C0C6E0A
:10533000F2F000683AF033EB1700E9F00788C16F2C
:1053400039D8FC63BC6FF54AD84CF61D10091A0910
:1053500023092F00E9F3FFB983F000E882F0018808
:1053600034F035E116003004086283F000E802F002
:105370005A4035F03DE7576EA1F00188096005F00D
:10538000006054084308320032F039EF4C6E7188E7
:1053900048240562F2883EF031EC066EF188B2884E
:1053A0008AE83EF025ECD74CB1884920B18E72884E
:1053B000880402F0E7E0502408F08FE022F000407B
:1053C0003EF021E0306EF28852E83EF03DEA3CF0DB
:1053D00027E017003804D4610FF900C206603A00D4
:1053E0000FF900CE1004CC6181F0018841DEF18814
:1053F000B2888AE83EF033E94ADE4BD882F0018871
:1054000034002FF02DE01004BB610512BA880400AF
:105410005B0811F023EF076E0500540843083200C3
:1054200032F021EBF649D84CF61E27001A0942DE6D
:105430000109F98849DE398961DEB9890B0002006A
:105440007989DC5192560D00121304009B561213F9
:105450005B13190089C669DED4559B521B1373DE9A
:105460009252C3203A8930F029E5130941240600FD
:10547000080903F001F1FA9E39892960060039898B
:10548000700402F0C5E056DEE9F00B8ECEF05FEC62
:1054900041D8091C45128421BB88520802F03FE420
:1054A0007E4C03F008F1FA980FF800C2156203F081
:1054B00001F1F998B1F006EE3004046203F009F14D
:1054C000F9987620DD6F0FF800C2066241D80F62AE
:1054D00002F008600E6E3024FA6D762464F0CD5B25
:1054E000B3F006E8520832F031E9F66F02F00960D5
:1054F000281C3CFAD3C899C3A3F0FF00DB55350044
:10550000CB12440827F039E67F4C5A0819F031EEE7
:10551000F64AD84CF31C14092A00C1F8FF003CFCE1
:10552000D5C8ADC338FCD6C836C2702502F0A9E094
:10553000765401F068F2C4328FF080C20C6003F040
:1055400006F12D9908606FF180C2056220F0C1F06C
:105550000000076002F09B60630834F035E84C6E91
:1055600071896804076402F09D60630834F023E8E1
:10557000436E3789EF013EE830043D601804036054
:10558000718819EE20040360B18821EE10040560D3
:105590003321842035F039ED03F001F126990560BF
:1055A00081F001880824066A02F09F603DF035E032
:1055B000236E3AF035E131E839EE03F001F1269936
:1055C000492403F001F1269F81F00188492481F0EC
:1055D000018E03F001F12F99076203F006F12F9F6E
:1055E00039F033EA066E39F02DEA320019F031E76E
:1055F0004220026E0200F348D84CF61C1109180430
:105600006D6292F00E8834F2D2D8156091F009885C
:105610009FF100C2636291F00788606091F010888A
:105620004A9834F2D2D85A6092F0048803F0FF41CD
:10563000BA4E546E91F007201AF008884A080AF012
:105640002DE813094E08066EF09E320038F02BEC60
:105650003698300443607189FC61B288D25011C021
:10566000106291F0018889C1F16391F007204989A6
:1056700009E892F010881298531A3289944EE66F16
:10568000F19805F089E04104016EAFF100C209F024
:1056900087E0F09E68F00B888FFA07C2380405F0A7
:1056A00089E00300026E3B0091F0018889C103622A
:1056B0003289794E0FFB00C2C8613289FFF213D1E3
:1056C0003BF03BECD105F19E0FF800C2BF611FF823
:1056D00001C272B9510071BFB96FF648D84CF41CC1
:1056E0001E0020092909F8D904F060F00024316473
:1056F00004F060F00A2408F0DBE00FF0C1F77B61F2
:10570000FCFF63F00020C9E8D94CD38834F3D3D828
:105710000A623AF029EF4908500403624220026EFF
:1057200002003F6E32F02DE6160082F0004024F0B9
:1057300037E144084D081300320023F029E010043B
:10574000086202002E6E4B089288D25133F029E095
:105750004220276E070032F03BE4160082F006403C
:1057600024F025E044084D081300320022F037EE03
:105770001004026047204A083CF023E73A00116E0B
:10578000D38834F3D3D8DE6132F029E31700320036
:1057900023F035EE44084D0813003A0022F027EDBF
:1057A000F448D84CF61C11091B099AF000E8B0F037
:1057B0000026066422F000403CF029E0646E0100FF
:1057C000AFF100C202F0A3E093F001885AE81004A0
:1057D000076202F069404B0833F037E4546E492009
:1057E000AFF100C2F46533F0FF7B56083004196056
:1057F000472491F001887100CAE991F00288710094
:1058000018F007E88BF0038E4408D9FF26EE13004A
:1058100081F0018810F00026F2FF9DEFBE01E76FD6
:10582000180431600600AFF600C202F0DBE091F030
:1058300001888AE991F002888FE93B00D5FF30E4C6
:10584000A1F0012470041D6039E842248804196025
:10585000B98810F00026F2FFDFEE92F00288B20065
:1058600052885388580409F089E0518E918E3AE8A5
:10587000100407605388580409F089E0518E918E16
:105880007620D26FF648D84CC81D096E1BD802117D
:1058900015F039E11AD8036018F025E20511C4109B
:1058A00083100221FEFF31E31004466013D84060EC
:1058B000182708F0FDE00FF0C1F74B615A2489E882
:1058C000D94C1BD889F05DE455F0E96A84200211B7
:1058D000FDFF3BE37F4CDF6F1BD802111FF039E166
:1058E000DA6F1BD800F030CF45F03F5B0421021186
:1058F000FDFF3BE27F4CCF6F1BD800F030CF45F06F
:10590000975B44210211FDFF25E27F4CC46F1BD839
:1059100000F030CF65F0D36084210211FDFF2FE14C
:105920007F4CB96F1BD8021133F03BE7B46F02F024
:10593000584032F03DE9C849D84CF41D1600E9F34F
:10594000FEB9F9D907F0006030DE18043D60D824B4
:1059500008F09DE0821102F044E025001C000B00DD
:105960003200DFFF23E07E4C1009086E98261C628F
:105970000B003200E0FF39E210090FF800C224608A
:1059800082F00388525191C3B2C388041D6231D89A
:10599000326003F001F1349921600BE802F06B40B2
:1059A00032F02FE6346ED826D661982F0D62A024EF
:1059B00009626B882AE835000C0037F037E51009DA
:1059C000DD6F07F00460F25191C3B2C3D2550400F9
:1059D0008A123B000FF900CE1A6EC320C2202DF0B0
:1059E00031E903F002F1349F29F0028E568E28F03F
:1059F00000EE0D6E420830F03BEF1400F25191C3FF
:105A0000B2C3D2558A1203000FF900CEF449D84C24
:105A1000F61DD9D9130943DE20092909EAF3FCB997
:105A2000EFD949DEC32002220CF03DE51600300418
:105A30001A623A0017F029E5520817F023E53CFBFB
:105A4000D2C891C3B2F0FF0000F030CFD25503F0BE
:105A500000600500040000F030CF8A1249D8D14C14
:105A60007E4C3A6E41D831EE68F0018E69F0028EBC
:105A7000F9D9F18EF1D9318F778F6AF0068E49D836
:105A8000F18FB2F0FF00030034002BF029EA10047C
:105A90001D623A0017F029E2520817F023E23200A3
:105AA00017F03DE13CFBD2C891C3B2F0FF0000F01B
:105AB00030CFD25503F000600500040000F030CF75
:105AC0008A1249D8D14C7E4C076EC22005000400D2
:105AD00003000EF023E9F649D84CF21CF8D930F057
:105AE0000036236030F001361C6030F00236206052
:105AF00030F003361F6030F004361E6004F030F0E2
:105B00000024536404F030F00A2408F09FE10FF001
:105B1000C1F7916183F70044C9E8D94CD59F0A6E5B
:105B20002B0038F027EF426E11A8CD9E036E11A80E
:105B30008D9E42203B6E11A82B0049221BC00AE813
:105B40000AF3D3D8EFFF22FFFF1FD2120AEEF26F43
:105B50002B0091991BC03FF011FFFF1F0BF3D3D80F
:105B6000C912919FE76F2E0030041660D3881B5333
:105B700019C0106213890E605599149932000FF004
:105B800039EF10040760472032003AF031E63A005E
:105B90000D6E0700FA6F9288D35102F0674031F022
:105BA00031E6046E959EC66F0200F248D84CF21C96
:105BB0001600F189076222F00040030031F033E55E
:105BC000506E2DF02FE2739932993AF03DE1FFF7D4
:105BD00000F305BF3189FFF701F304BF7188FFF7B8
:105BE00001F306BFF188FFF701F308BFB188FFF7A3
:105BF00001F307BF31E8FFF701F309BF07F0C16008
:105C0000F189040003F004480D003A0024F039EF54
:105C1000F189040003F010480D003A0024F029EF48
:105C200071980AC0D254D1C8040003F00C480D008A
:105C30003A0024F033EE0400452803F01C483A00F3
:105C400024F025EE0400050003F028483A0024F073
:105C500037ED7489B58903F000483A0024F029ED46
:105C6000F248D84CF61E0109070003F001F1009933
:105C70005462C4128312421234F033EA49D84C8879
:105C80008D880AE81EF033E11309C3205A0834F066
:105C900027ED42DEC3205A0834F03DEC120906001D
:105CA000086E81F000E842D821F009EE09757620EF
:105CB000BFF600C202F0B5E049D84C888D880AE8EA
:105CC000330016F02DE71009031382F000E835F0D9
:105CD00027E51004ED6161D88824E46381F000E8D1
:105CE000A1F007EE7F20E46F5AD849D8C989201C5B
:105CF00043D8191CD35192C39BC3D2559A120500A5
:105D000003005C08D14C7E4C32F021EDC320C22050
:105D1000050004000DF021E7F64AD84C00F03DCF15
:105D200000F131CF00F23BCF4520046E00F03DCFB3
:105D3000050000F130CF00F23ACF00F03CCF00F088
:105D400038CF0600140090242C60D024316092F0EB
:105D5000008800F034CF100920F030C02800036024
:105D600044F030C0184C3FF000F893D907F0FFFF23
:105D7000FFF353C604F0A7E000F372C9A1F030C0EE
:105D800020F530C0076000F374C9C5F030C044F09E
:105D900030C0087500F434CF166E00F434CF842080
:105DA00000FC37C205F08BE04620C420070002004B
:105DB0006308034CA1F030C0280005601C09034CA7
:105DC000A5F030C0FFF81CCF98F00088600D98F067
:105DD000008E00F438CF00F43CCF00F63ACF00F547
:105DE00030CF2800056000F63BCF00F531CF00F43E
:105DF0003DCFD84CF51C16001F002209290936F0AA
:105E000037E7DB05920704F08040050014115D11AF
:105E1000280400F400C2126204F0FF40452412116D
:105E20005B11040065F05043E804A00607663B00E0
:105E300022F0064030F03BE1386EC32002222BF006
:105E400031E6100980F000EE89F0028E8AF0038EB0
:105E500086F0048E87F0058EF8FF02F000403400D3
:105E60003D000FF037EE110989F0018E35F03BEB64
:105E700002F01741430826F03DE710041360FFF7D6
:105E800000F362BE390033000200FFF701F365BE84
:105E90001900FFF701F364BE4120FFF701F362BE72
:105EA000412035F031E44A08F548D84CF61C110978
:105EB00092F000E892522BF01F0001FBD2C801F0D3
:105EC00021F2C4324F200209026E0A7591F0058852
:105ED0001FFA00C202F0F5E096F00488560C0B6E33
:105EE0001A0014F03BEF03F001F12F992A6203F03E
:105EF00008F12F9F68F000E8E96103F001F12699AD
:105F0000046039E80824066A02F09F6038F035E53D
:105F1000306E81F000E831EE03F001F1269949245A
:105F200003F001F1269FFFF711D139EE83F00288CB
:105F3000DB6191F00688D56182F00188D14CD46F85
:105F4000420814F03BECD76F39E8136201FBD2C86A
:105F500001F021F2D83249880C6200FB92DEFFF298
:105F600051D603F002F12E99891003F001F12E9F12
:105F7000F648D84C00F03DCF01F541E440F140E84F
:105F8000331C1C0915002A8938F035E400F034CFA1
:105F900000F63ACF100A1C0B6A8938F031E400F0A1
:105FA00034CF00F63CCF140A1E0BEF88382414625D
:105FB000AF8978240760054C61F030C0E1F030D043
:105FC000296E58F00888074C61F030C000F876C997
:105FD000E1F030D01F6E78240B6258F00888074C2F
:105FE00061F030C000F8B6C8E1F030D0136EB824CC
:105FF0000F6258F0088802F398C858F0088E074CD2
:1060000061F030C000F8B6C9E1F030D0036E060090
:10601000EE8E2A89830837F025E96A89A30837F0CC
:106020002FE902F00160334840F160E801F561E4D6
:1060300000F43DCFD84CC81C412001F04A8F2CF011
:1060400023ED01F04A89456003F001F126992660AD
:1060500034F037EC0200EBFF37E003F001F1309948
:106060001A6003F001F126994824156203F000F14B
:10607000309F03F001F12699492403F001F1269F96
:1060800034F033E502F0104120F02DEF19F033EE3B
:1060900034F037EA34F03FE4D56F37F039EE34F0BE
:1060A00029EA03F001F130990B6003F000F1309F11
:1060B00003F001F12699492403F001F1269F34F001
:1060C00035E302F0104120F02FED19F035ECBA6FF6
:1060D000C848D84CF51D170019092A0938DE0600F2
:1060E00040DEC12021EE398911608A890F6093F06A
:1060F000028834F039EA110008042160C511041245
:106100004B083A00D14C10040F6041D830603AD8A7
:106110003B60C320CA2008F02FEE16001004126264
:106120003AD813F03BED08F00060C320022108F0DC
:1061300037ED160010041F620200296E08F002609D
:10614000F56F798811EE41D8918E508E010043D8B9
:10615000C80402F091E03BD8D4205BE863EE49200C
:10616000F76F3AD813F039EB41D80E62A0F000EE89
:1061700042200D6E798811EE4120918E28F0018E1B
:1061800091F00288D18EA6F000EEF36FF549D84C5D
:1061900000F03DCF34F033E2FDF702F19BB903F09C
:1061A00003F39AB9D004426203F000F3A6B93C624B
:1061B00002F03C89376020F80288568800F036CF1C
:1061C0008222F0C0046239F035EC056E31F89C7B18
:1061D00034F03DEE03F03C891C889A8800F034CFFF
:1061E00000F033CF13F039E700F432CF13F031E78A
:1061F00000F434CF04F03C8F00F433CF9AC0D8C001
:10620000056239F039EA8320096E03F004F39AB984
:10621000642003F004F39ABF432013F02BE902003B
:10622000066E0221046E4221026E422000F032CF3F
:1062300033F023E800F432CFDFF0FBEDF61D17005A
:1062400023092A0943DE39E8482408F0B1E07988B7
:106250000AE82D62C320022308F02DE41009410949
:106260000FF800C20B60C320022208F03BE31600C7
:1062700010040662420813F027E30200366E7988A4
:106280000AEEB98818F000EE90F0018E90F0028EC0
:1062900090F000EE39891462201CF98835005C0802
:1062A0000AE843D8DFFF37EE7F4C136E1600B9883B
:1062B00019F000E80EF02FE71004E763DF6F201CF1
:1062C000F98835005C080AE843D8E0FF33EE7F4CDC
:1062D00010040A624A0813F027E0320013F021E0AC
:1062E000798808EECB6F4220F649D84CF51C170090
:1062F00018092600290938040662822133002DF08E
:1063000031EB476E33F023E732002DF035E9120907
:106310003160A2F001883BF2D3D8D805236211C4C2
:106320008FF100C21F62A3F000E89A5220F0FF2410
:106330000B6233F021E0A1F000E88BC6423936F061
:1063400039E30200266E522092C399C692568912F2
:10635000A1F000EE32F03FEE90F000EEA2F00288E5
:10636000186E32F031EE02F05C4033002DF023E87D
:10637000106EFDD9340043083A000FF03DE61600D8
:1063800032F033ED3004DE61412091F000EEB2884E
:10639000F548D84CF61C120927002B091A000009F1
:1063A0002CF025E411094E083A002CF03BE31300D1
:1063B0000FF900C20E62100417609488E456E45A84
:1063C0001362160003007798B80529623798116E9A
:1063D00094F00288E456E45A07621004F561948848
:1063E000E456E45A036008F000601004ED61170001
:1063F0000FF800C2096231E8C9983200D14C10048C
:106400000F6208F000603CFAD2C891C3A2F0FF000E
:10641000D2558A1243080FFB00CE176EEA6F38047C
:10642000F36132001CF03FED3A001CF039ED320010
:1064300027F033E21004036208F000603A0027F00E
:1064400025E21004E163DE6FF648D84CF31C160019
:1064500047207288D25028F00F00B09EF09EF1992C
:1064600000F042FF40F111CC09504B5700F1D2C867
:1064700031A8C99804000D0035F02BE0DC50D2564D
:106480001213DB56F2AE33AF33F02DE372AEB3AE80
:106490000FF800C2236080F00124256080F0022400
:1064A000276080F00424296080F005242B62F1F736
:1064B000147B31BEF1990B000200DC50D25612134E
:1064C000B2AFDB56F3AF01F31AB9791201F31ABF79
:1064D00077BE31B808EE70AF1A6EF1F7157B31BE9A
:1064E0008720E96FF1F7167B31BE0721E46FF1F7E2
:1064F000177B31BE0722DF6FF1F7187B31BE07280B
:10650000DA6F02F06F4043082CF027EBF348D84CC9
:10651000F51D11092A0996F0088838F000E85F880F
:1065200093F00188020054082EF033E21004036255
:1065300002004A6EC4113300420821F035E610090A
:106540003BD832002FF03DEE1004F3610FF800C28B
:10655000146080F001241A6080F002241F6080F033
:106560000324256239D88E01B19889201FF080C29A
:1065700025620FEE4220286E39D88E01B198C920CD
:106580001FF080C21B620FEEF66F39D88E01B198F2
:106590001FF080C213620FEEEE6F39D88E01B198F2
:1065A00049201FF080C20A620FEEE56F02F0006022
:1065B0000300540834F03FE6076E93F0018822F0A0
:1065C0000E402CF02DE5F549D84C00F03DCF1109D7
:1065D000200A1C00C2202000536047201B26180000
:1065E00004F09BE07F205B2604F093E0FC6F4320E7
:1065F0000200782401F203C0066EC32082207824B2
:1066000001F203C000F033CF00F034CF8222C32068
:1066100027F03FE700F434CF00F433CF1600110A1F
:106620005471B5F030C0CCF0012418240760582410
:106630000560C5F030C0CCF00124054C31F030C00D
:10664000B5F030C003F03C411C001B88FE6300F035
:1066500034CFC220C32027F039E500F434CF108EA8
:1066600029F0018E968E228E7F243800C163FDFFB3
:1066700023E95025FD61102500F037F023E7DFF016
:10668000B5E5F31D17001E0028DE3A002DF023EBC0
:106690001009E8F0078E4111091C8511C41143222D
:1066A0003A0013F03DE27F4C1004426229D832E8F0
:1066B00089883FF022FFFF1FC0FF11F00000891200
:1066C00031EE2AD8928820F022F00000DFFF11FF7F
:1066D000FF1F511231EE2AD8928810F022F00000EC
:1066E000EFFF11FFFF1F511231EE2AD8928808F0F8
:1066F00022F00000F7FF11FFFF1F511231EE29D8E1
:106700008A8834F2D3D80460C988718E0C6EC0FFB9
:1067100083F000000462D25212C0F763B08E29D811
:10672000C988718E2AD810F037ED4220056E2AD81C
:1067300010F02DED0200F349D84CF11D06F0D660A3
:1067400034F0F75203F0444132001EF021E203F02E
:1067500004F1F79803F0444103F005F1F898320092
:106760001FF025E506F0D060C41003F0046032008D
:106770001EF03BE021D809C008600400050003F0CA
:10678000406032001FF021E421D849C009600400B4
:10679000050003F0546002F0D0601FF02BE321D815
:1067A000C9C009600400050003F0686002F0D06011
:1067B0001FF035E221D849C109600400050003F04B
:1067C0007C6002F0D0601FF03FE1040005F08040E3
:1067D00003F04C4102F0D6601FF02DE1F149D84C96
:1067E000F31D130028DE1EE83004056242332BF04F
:1067F00021E4496EB28808F029EF10044460318921
:106800004311C9893200D14C100929D80A60728815
:106810005255E0F000F252D8030024F03BE1336E11
:1068200007003189C988780402F0ABE0390000F133
:1068300092DE8FF201C80C6072885255442040F0FD
:1068400000F252D83B002BF02FED26F02FE47F20F2
:10685000E96F070031890989780402F0ABE0392338
:1068600000F192DE8FF201C80C607288525504006C
:1068700040F000F252D83B002BF03DEB26F03DE219
:106880007F20E96FF349D84C9388DB5019C05388B7
:10689000DA5092C19BC108041862D025146A0FF027
:1068A000C1F7FA6189E8D94C82204F6E82214D6E82
:1068B00002234B6E0233496E4228476E8229456E91
:1068C0000228436E4224416ED025FD6B0FF0C1F7C4
:1068D000026289E8D94CC220386EC221366E42234A
:1068E000346E4233326E8228306E18040D605824A4
:1068F0000D6098240D60D8240D6018250D60582572
:10690000E263C22A226E022B206E422B1E6E822B65
:106910001C6EC22B1A6E822A186E18040D60582441
:106920000D6098240D60D8240D6018250D60582541
:10693000CA6342290A6EC229086E022A066EC2285C
:10694000046E422A026E0229D84CF61C120918095C
:1069500021092B0981F200000E605308420810F053
:106960002DE9160030040B60B18811FFDF1F49CA02
:10697000B18E056E420829F02FE5160091F2000055
:106980000D6053084A0810F025E810040A60918849
:1069900011FFDF1F49CA918E046E4A0829F029E4CD
:1069A0001300320004F02BE532F02BE31600300424
:1069B000036007000F6E07F0006081F200000460C2
:1069C00042082CF031E291F2000004604A082CF0F9
:1069D00025E23CFAD2C891C3A2F0FF00D2553400A0
:1069E0008A123B000FFB00CEF648D84CF31DFFF790
:1069F00003F352B828DE30DED8271B60182C46621D
:106A000006F0D660441103F0444132001CF03FEB25
:106A10002CD835D803F0444132001DF02BEF31D88B
:106A2000020011F7F71C2ADE0B0033DE4620116E40
:106A300006F0D560441103F0444132001CF02FEA07
:106A40002CD835D803F0444132001DF03BED060050
:106A500031D818F7FF1F0FF800C21B60070039007C
:106A600000F192DE8FF201C80C603B0032001FF093
:106A700023EC390000F192DEFFF251D68FF108C805
:106A80007F200FF800C2EC63046E822829F023EF08
:106A9000F349D84CF51C180912092F00FED9C32060
:106AA000E2212AF035EE11090FF900C24260B0244C
:106AB0000B6291F0028882F7FF1F89C3D2558912B9
:106AC00091F0028E0C6E3A001EF02DE391F00288D8
:106AD00092C6D25589C3891291F0028E9AF000EEC7
:106AE00098F0018E91F002883AC0D25411FFEF1F46
:106AF0008912B2C111FFF01F511290F0058EF3D927
:106B000092F003889BC6E0FF22F03F005B55D21253
:106B100092F0038E11FFDF1F91F0028E38040B629A
:106B200003F001F1329991F0068E03F009F1329FE2
:106B30004A080A6E03F001F1339991F0068E03F0D2
:106B400009F1339FF66FF548D84CF41CD6212FF08D
:106B500027ED71A809E8B498F5985D05140708F0C9
:106B6000804001098FF408C89FF509C80FF900C2D9
:106B700000F800C209600109F8F7007B00F975C848
:106B800000F874C8096E08F0FF4000F834C809F036
:106B9000012400F935C8B29EF39E3299739908F228
:106BA000D7D83CF3D9D83CF2D8D800F779C800F947
:106BB00033C200F872C23AF5D7D806F4D4D8E41339
:106BC00006F5D5D8EB00A202329F739FB2998A04D2
:106BD000B19FF49935A808F4D3D83CF5D9D83CF442
:106BE000D8D800F379C800F935C200F874C206F2AB
:106BF000D2D813000200EB001203F29F33AE4224FE
:106C0000F448D84CC81D0511C41083104220F4FF6D
:106C100027E81004486021D8482608F0F7E00A0069
:106C200000F292DE13C00E6222F0300332602AD8E6
:106C300092C31CD813D889C3D2558A12D4FF35E425
:106C40002F6E11D8C82E096219D88A8827F039EE1C
:106C500010042660D189246011D810F102240F623B
:106C600019D8898806624120FDF701F1A6BF186E88
:106C700001F0FF40FDF701F1A6BF126E2AD821D81E
:106C800092C31BD889C3D2558A122FF021E1086E16
:106C900013F0044002F000480C0027F03BE41AD83F
:106CA0000EF03DE1C849D84CF41C1600070020093D
:106CB00019092EF035E981F000E80D600AE8900529
:106CC00007649FF200C202F089E04708110918F03A
:106CD0000120F26F38043B60B1221FF900C20B643F
:106CE0003AE813E8D10084054FF108C099246FF108
:106CF00082C30D6E39E808090EE8498839EE03F0C1
:106D000001F12299492403F001F1229F86F000EE5F
:106D1000FAFFE1F5015981F0018E03F001F12499A8
:106D2000492003F001F1249F03F001F123996BF056
:106D300023F196C103F001F1219989246BF021F62A
:106D400091C32DF031EF82F00220046E2DF027EF79
:106D50000200F448D84CF41D1700190928093E9880
:106D60007B88020044082AF035E010040362020028
:106D70003F6E831104004A0826F03DEAE9F00688D8
:106D800090F00120086202F003600300440830F034
:106D900025E82E6E1004206061F009E82460B2211D
:106DA0004B082FF031EC1004146000F9D7D82EF006
:106DB00039E131007900898903604A888A8E7F2011
:106DC00031007900898903604A888A8E2DF027EB8B
:106DD00031D870EE066E4E0CB1210AE8046008EE60
:106DE0004220066E7B8822F00F4028F025E4F4490B
:106DF000D84CF61C10094E4C82F0108811982AF0DD
:106E00000220C320CA4023F029E8110981F010882C
:106E10000A884B881F28160245084C0832003B00A0
:106E2000EDFF25EF100406624A080DF033E502007D
:106E30002D6E81F010888998882403621371026E88
:106E40000B71A2F002883FF2DAD882F00288D250A9
:106E500011C003624120026E0100E9F00A8E6EDE6D
:106E600077DE89DE31F0577AA1DEC320022123F0DC
:106E700021E529F0038EAFFB81C9918E28F000EE49
:106E8000AADE021209F03BE34220724CF648D84CCD
:106E9000F41D100929091A0086F00888C41183110D
:106EA00026F035E1170083F0018802004C0829F034
:106EB0002DE6100403620200376E33D858200862B2
:106EC00002F0036003004C082FF02BEE2D6E380407
:106ED0001660310059000F007FF080C21F62B2219E
:106EE0002FF033E21004086002F0006003004C0849
:106EF0002FF023ED196E39D839EE0E6E310059009E
:106F000089211FF080C20A623AD80AEE39D832D8F5
:106F100049889601B1AE4220076E83F0018822F0C5
:106F20000E4027F02DEAF449D84CF51C120978F0F0
:106F3000FF7B46080700A1F0122019F007E80FF9BF
:106F400000C2186092F000E8156091F001881260AC
:106F50002BF02BECB00409F089E01600016E92F0E2
:106F600001882BF023E22FF800C209F089E0100914
:106F7000016E7F203826E06571F0FF7B70040460AD
:106F80001FF800C203620200216E3004FD610FF899
:106F900000C2FA61A2F00488A3F00388DB5538F23E
:106FA000D2D89A00A3F00288DB551804ED6100F8EE
:106FB000B2C92CF035E7B00409F089E01600016E83
:106FC000A6F0098EA8F00D8E4220F548D84CF31D8E
:106FD00028DE30DE38DE40DE03F008F13899056245
:106FE00003F000F1399F466E0FF800C23060412077
:106FF00003F001F1399F82F000E811E886F00940C2
:10700000441149983300D14C82F0018811E8C41131
:1070100049983300D14C31D842D83FF21FC900F112
:107020009FCDC34C00F133F000241B5C82F002883A
:1070300011E800F030CF1D0034F314D9099883F023
:107040000A40D14C7F4C88F00388CF6F060037F0A0
:10705000F75A2DF023E5E3F190641202452404F081
:10706000FF405B111211321C14001D0027F027E1B4
:107070007E4CF349D84CF11E20DE28DE30DE16E8C7
:10708000C5114411C310B288F2FF2DE410043B6017
:107090001BD832002EF031E1110008042860851160
:1070A00004112BD83200D14C39D851DE41D849DEF9
:1070B0001004226203F00041C22001F02BE1100411
:1070C0000762738802F05F4026F027ED1C6E71881E
:1070D00011EE908E01F00060518E32DE19D821DE63
:1070E000451234D823D8022103F02DE82AD80B60AA
:1070F0000BF02DEF086E31D8F463738802F05B401B
:1071000026F02FEBF14AD84C1004526203F001F143
:10711000039904F097E10826486A0FF0C2F7E1618D
:1071200051E8D94C03F001F109990962812103F07A
:1071300001F1039F812001F0408F166E412003F082
:1071400001F1039F356E03F001F1EC980660812098
:1071500003F001F1039F2C6E812103F001F1039FE5
:10716000C12001F0408F4220246E03F001F1EC9821
:10717000C8260662C12103F001F1039F196E08279A
:107180000662012203F001F1039F126E482603609C
:1071900088260E62C12003F001F1039F096E0121D0
:1071A00003F001F1039F046E03F000F1039F02005E
:1071B000D84CF61D1209180944DE0309060003F035
:1071C00007F1189942082AF02DEC11090FF900C2B5
:1071D0002D60C32000F9D2D8864E130910040F6227
:1071E0003CFAD2C891C3A2F0FF00D25503F0006070
:1071F000050004008A1241D8D14C286E380416606C
:107200000FF800C20660398909E88FF100C20C62EC
:107210007B885B5540F000F351D891EF7620398997
:1072200009E891EF7620FF89EA6F3CFAD2C891C352
:10723000A2F0FF00D25500F9D4D803005D088A12ED
:1072400041D8D14C5A080BF037E4F649D84CF31C1E
:1072500017001E0038042260300420603A002EF02F
:107260002FEB10041B6232002EF025EB5024166227
:10727000798914627189126233003A00DBFF3DE0C4
:1072800010090FF800C22C6033003A001CF033EBF9
:10729000100406624208EEFF37EE0200226EFA8802
:1072A00034F2D3D80D60F3881B5319C00960DFFF97
:1072B00021FFFF1F04F000F000F151C8F98EF288A1
:1072C00034F2D3D80D60FB881B5319C00960DFFF6F
:1072D00021FFFF1F04F000F000F151C8F18E4208B9
:1072E000F348D84CF51D1F00010910040362020089
:1072F000416E20F0502409F08DE03B0008F03FE1A2
:10730000396E1209000906F05640096E2BF027E18C
:1073100009710875362180F00724EA6731E8AFF17A
:1073200000C2F8692BF023E6C4113B00420801F0CB
:107330003FE31004EC613CD8625423F056205A20FD
:10734000FFF211D111EE9A8888040266998ED988CD
:107350000AE8DA8E0CEE0FF900C2086003F002F1C1
:107360001E99522003F002F11E9F4E202AF027EEB4
:107370003200F549D84CF61D120923091A0045DEE2
:10738000F6D9FFD908F0006024F03DE4110948DE89
:107390000FF900C2206091F000E809984212111C18
:1073A00034003D005B084A08D14C7F4C100411604A
:1073B000000949D810600FF800C20D6203F001F116
:1073C000359914600BE802F06B4025F025E51F6E3F
:1073D00008F000603CFAD2C891C3A2F0FF00D25579
:1073E00043088A1241D8D14C126EC320822120F06A
:1073F00021E903F002F1359F41D8918E2AF0018EE8
:1074000029F000EE2BF0038E168F578FF649D84CDB
:10741000F41D170028093E9839F000E87B88020027
:10742000440826F039EA1004036202003A6E84111F
:1074300033004A0819F03BEE100410605024166027
:1074400090241B60D024216231D88E01B19889200C
:107450000AE8226008EE4220246E31D88E01B198ED
:10746000C9200AE8196008EEF76F31D88E01B1988B
:107470000AE8126008EEF06F31D88E01B198492009
:107480000AE80A6008EEE86F02F0006003004408B2
:107490002DF023E0066E7B8822F00F4024F033EEBF
:1074A000F449D84CF11D060044110311C21028F014
:1074B0003DE8300432622EF03FE210042060502498
:1074C0000A609024F7634320C2200500040001F005
:1074D00027E9226E1BF033ED2EF03DE19024EA61A6
:1074E0002EF02FE019D8CBF057EB091C1500040043
:1074F0004A888B8804F03BE27E4C0E6E19D8CBF0A4
:1075000057EB091C040005004A888B8804F023E22D
:107510007E4C2DF027E94620F149D84CF51C160089
:107520001F00200901093004036202003E6E2AF0A8
:1075300039E5C0FF61F0000007600AF01741FFF76E
:1075400000F362BE036E0AF010415108026E110092
:107550000AE8216053889805FB6313E80BEED18895
:1075600063F08D5BC8040E6238040460918809E8FA
:1075700039EE0FF800C20C609188498881F000EE66
:10758000076E0FF800C20460918881F000EE09F0E8
:107590002FEA097101F017411FFA00C2036220F0BF
:1075A0003DE129F031EC4A08F548D84C22EE582448
:1075B000226098241C6030F000252F62D0250E66D2
:1075C000D3215B5431F05620535403F0564449887C
:1075D0005B88C804036CD12121EE22E8525421F0CB
:1075E000562049880824176C4220166ED025116653
:1075F000D12121EE22E8535431F056200FF0C2F78A
:107600003D6549882FF181C208241F6C42201E6EFF
:1076100002001C6E02001A6ED025ED67D3215B5468
:1076200031F05620FEF323F13D21DB894988C9045E
:10763000535403F05644FEF325F13D215B885FF37C
:1076400083C2C804D66BD76F0200D84C00F03DCF80
:1076500000F03D8F03F002F39AB9FDF703F19BB9F7
:10766000D0040862F5FF2DE950240462422002F0A4
:107670003D8FFDF702F19AB903F003F39BB9D004F3
:107680002660422002F03D8F0FF0D2F79C5B29F07C
:107690002DE905F0384155011A00230004F03E8918
:1076A000E4C82DE8D54C03F003F39BB95B2003F04D
:1076B00003F39BBF10000B60432003F003F3A6BF4E
:1076C00002F03E8903F03F8909F03DE300F03D8977
:1076D000C063BFF0E1E4F41C11091E00270000099B
:1076E0009FF800C202F087E103F001F10F991B60DF
:1076F0004824236088241562D64C91C603F002F119
:107700001099891203F002F11199B9EE512003F09A
:1077100001F1119F03F000F1109F03F000F10F9FA2
:107720000875DF6FD64CD25503F002F1109F41204F
:1077300003F001F10F9FF56FD64CD35199C303F0BD
:1077400003F11099C91203F003F11199F9EE5920D0
:1077500003F001F1119F92C3925603F002F1109FC2
:10776000812003F001F10F9FDC6FF448D84CF61C28
:1077700010091E002B0989F008886AF000E8A7F0BC
:107780003F0083F0018802005C0824F031EF100410
:10779000036202002E6E390D97F012207FF080C236
:1077A0000E62C320C22124F031E63AEE086202F0F4
:1077B000006003005C082BF03DE61B6EC0FFA1F0EB
:1077C0000000096239E849201FF080C20C6272880B
:1077D0000AEE076E39E81FF080C2056272880AEE71
:1077E0004220076E83F0018822F00E4023F023E44C
:1077F000F648D84CF51C1209180926002F0003F092
:1078000001F1269910F06424096403F003F126992C
:1078100002F0AE6023F03BE2296E28F02DEE03F07B
:1078200009F12F99076003F000F12F9F28F027E856
:10783000086E28F021E8C32082211EF035E61109E8
:1078400098F0018E96F0028E3804066290F0048E55
:1078500090F0058E076E92F004203B00842024F007
:107860002FE74B085208DCFF37EAF548D84CF31CE9
:1078700016001809270080F0092403640200346E02
:107880007826F2FFFBEF7FF800C218624120B18E2C
:10789000F18E308FB08F309E72890960B1B804606C
:1078A0000DF029EB036E08F037E1708FF289046068
:1078B00008F02DE1F08FF09E166E3C004308320078
:1078C00002F037EF1004DB61320027F035E21004DC
:1078D000D661B188091C3521F4203B004208C6FF5F
:1078E00035EF7F4C4220F348D84CF51C1F0012099D
:1078F0000600C3204221FCFF2FEF10090FF800C241
:107900001A60C3203A0023F031EB1109C3203A007A
:10791000FCFF35EE0FF900C2076010040E624A0842
:1079200007F03DED056E1004036007F033ED4208EB
:1079300007F02DED0200166E87F000EE80F0038E4A
:1079400089F0018E82F0028E8AF0048EF00502F03A
:1079500093E0B9050C09054C81F0018888EF762089
:107960004208F548D84CF31C1009F6D9FFD980F02D
:1079700000EEE9D981F0028E83F0038E84F0048E4C
:1079800085F0058E86F0068E87F0078E020002F0E5
:107990002BE582F0018E28F031E202F0104143081D
:1079A00018F033EE1004166003F001F11D99086021
:1079B00003F002F11D9904000300FDFF23EB050015
:1079C00064F0035932003B00F2FF2DE103F002F1B5
:1079D0001D9F27F021EB82F00188F348D84CF21C60
:1079E00013009A5212C2502502F0ABE0525401F03B
:1079F00026F2D8326FF080C20D6003F007F12D99A6
:107A00000960FBFFF1F7FF7B3CE85A10611050045E
:107A1000066002F09B6022F039E2216EF9881E6058
:107A200003F001F12699046071880824066A02F0C7
:107A30009F602AF02FEC136E27F02FEDF88E03F0E5
:107A400001F12699492403F001F1269F7188492408
:107A5000718E27F021E74220026E0200F248D84CD6
:107A6000F21D16001A002F0023001804166031F7CB
:107A7000000000F010F2002405620EF0A1F393C89C
:107A80000A6E31F7000002F010F2002404620AF0DE
:107A90005EF393C833FFC01F1004166021F7000087
:107AA00000F010F2002405620EF0A1F292C80A6EF6
:107AB00021F7000002F010F2002404620AF05EF2E6
:107AC00092C822FFC01F05114411E9FF33E4F251AF
:107AD00091C3B2C3D25525D82CD88A120300D74CF3
:107AE00022D806F03BEFF249D84CF51C1F001209D2
:107AF00023002C00A8F0088879F003883E893A001A
:107B000021F023EF100403620200346EA1F0058817
:107B1000FC6181F00588F96182F0068800F932C2C3
:107B20009005F3657F21490C0B0032501409174C66
:107B300079F000E804F9D9C87F2074F0FF7B3AE8B7
:107B400012117F2039E809117F20D4514FF944C820
:107B50001CEE5B2092568A121AEE5B2031C009603F
:107B60003AE8D2557F203CE8A4C6E45114131CEE39
:107B70004220F548D84CF51C1209190920092F009C
:107B800042204620036E10043360A1F0018871107A
:107B900021603300020029F021E110040B6200F0A3
:107BA00030CF3D00440833004A0818F03DE87F4CD0
:107BB0001B6EF1C10D60520826F021EB111C3D0037
:107BC000440833004A0818F021E87F4C0D6E02008B
:107BD0000B6EA1F00388711007603D00440833006C
:107BE0004A0819F031EC365460F08024CD65F54830
:107BF000D84CF41C1600B288D256D25A502569F0DF
:107C00000C8868F00D8837A80300320027F02BE1BC
:107C1000718889C10862328919F027E5100403626E
:107C200002001F6E308FB288D25011C005624A0820
:107C300023F021EF046E420823F039EE03003200F6
:107C400026F037EF718889C10B627A9834F2D2D866
:107C50000460FA8923F03DED3A0006F023E4422067
:107C6000F448D84CF41C170078F008883A0028F043
:107C700031E51004076281F00488046082F0058811
:107C800003620200286E24F03FE8110982F00488A4
:107C900025F02BE216000FF900C2F4FFE9EF3004E3
:107CA000F4FFE3EF9FF600C2026C4E083024EA6D49
:107CB0003C9861880C602289330013F027E210049D
:107CC000066013F000403A001CF037E3330042082E
:107CD000F1FF25E5F448D84CF41C110998F0088808
:107CE00086F0028887F006887A24330026F031E592
:107CF00082F0108E3A00330025F02FEDB11A79048E
:107D000008040260522082F0118E060081F01220D9
:107D10008FE915607FF080C2126079881060BA88A0
:107D2000036005F03BED82F008880860C32021F075
:107D300029EABA8E04620200096EB88E76203026D7
:107D4000E6654A081DF027ED4220F448D84CF41CA3
:107D50001F00160020092909C3208223FAFF29ECFD
:107D6000490D00F878C04F0C6FF846C0390089C043
:107D70000A60412003F001F10C9F052544247F1186
:107D80003611046E03F000F10C9F8132118F31F037
:107D90008452518E31F08452918E01F04040D18E48
:107DA00010EE0130D18F568F978F0121119E412007
:107DB000519EF1D903F001F10E9F61F02350119F04
:107DC000F9D9519F27F031E4F448D84CF61C130937
:107DD0001A09B1F0018818F00AE80FF800C21C6017
:107DE0004208C7FF32ED11094208C7FF3AE9170000
:107DF0000600146EB1F0028812F00AE805F021E7DF
:107E00004208D04E10041660420805F033E6B1F087
:107E1000018810F00AEE42200E6E9FF600C2F2FFBB
:107E2000D7EFBB014208C7FF26ED05F033E576200A
:107E3000F56F0200F648D84CF51C120926002F00F9
:107E4000500909F0464126F02FE5140002F0FF40EA
:107E50001D00432404F025F640572402A410ED1021
:107E6000ED05A40706F080400700A611EF113804C5
:107E700000F600C20662EB10A210C004800607687C
:107E800004F000F000FA58C809F0474125F03BEA39
:107E900092F000E8512091F000EE8FF248C83FF0D8
:107EA00010F3FF3F0464412091F000EE25F027E439
:107EB0004208F548D84CF31D16005942610028DEEF
:107EC0000FF0C2F7004052E891C1B18ED2500FF0CE
:107ED000C1F7126218F002E8572872890960B1B838
:107EE00004600AF027E9036E04F035EF708F451146
:107EF000C320C2383C0027F035E3728F74890362D7
:107F00000200146E4120B1BEC138B18F29D805607E
:107F1000832A4208C3FF29EF71898A38CC71054C46
:107F20000BE813EE492052244220F349D84CF41CAC
:107F3000180987F000E839A819F008880600086ECB
:107F400083F002887A9914F035EA3F9876209FF6FC
:107F500000C215663804096281F000E88A88D351AE
:107F600082221FF02DE81C6EBA88D25011C0E9633E
:107F700083F002883A9914F02BEBE86F82F000E866
:107F80009388DB5019C0056211E809890300D14CC0
:107F900082F0038804F029EA420804F023EAF44856
:107FA000D84CF21C16003004036202002D6E37E834
:107FB00041247804126039E831EE798802F02941D1
:107FC00088040762BA9804F037E8FA8928F031E5A6
:107FD0003A0004F02BE8EC6F43203200C6FF34EA8D
:107FE000040003003200C6FF22EC43203200C6FF2B
:107FF00022E9040003003200C6FF20EC0300320037
:10800000C6FF30ED4220F248D84CC81E24F03BEEAB
:1080100003F000F12D9F03F000F1269F03F000F123
:108020002E9F010032F0D8522C71054C83105AEE6D
:1080300049201221010002F00489925211C28310DA
:108040005BE802F004411AEE02F0094183105AEE97
:108050004120010032F0C4522C71054C83105AEEBD
:108060004920122102F08E4034710B4C13E89B52D0
:1080700019C283105BE81AEE1322841063EE5222B9
:1080800024F033E5C84AD84CF51C27001909120919
:1080900000F030CF3D003C004B08520809F02DE8BD
:1080A0007F4C100403620200296EA1F0018818F0D1
:1080B00009E80600F00502F0A9E0C3200221F9FF5B
:1080C00027E11004F16101F02641518E968EF101F5
:1080D000D18E1300420826F039EC7620EC6F0600B2
:1080E0009FF600C202F095E0A1F001888AE9030042
:1080F000C6FF20E67620F56F4220F548D84CF21CEA
:1081000016001AF02FE87399329927F03DE7812085
:10811000FFF701F305BF8120B188FFF701F307BF27
:1081200007F0C16071980AC0D25444F251C80400EB
:1081300003F00C480D003A0012F02DE6040005385B
:1081400003F01C483A0012F03FE50400050003F07C
:1081500028483A0012F031E57489B58903F00048E7
:108160003A0012F023E5F248D84CF11C160003F057
:1081700001F10899D14C110003F002F1ED9850047F
:1081800002F087E0056E03F001F10899D14C03F08D
:1081900001F1EC984826106203F001F1ED98890492
:1081A000036022FFFE1F03F004F1EE9853F0897282
:1081B000DEFF37E00A6E8826086203F004F1EE98CD
:1081C00053F08972FAFF33E803F001F1ED9803628E
:1081D00030EE036E412031EE4220F148D84CF51CC0
:1081E000120919092009A6F000E832E803007120FD
:1081F000036E5B208920980402F099E01FF080C292
:10820000F9631A54960169F0018E68F0028E226EAD
:108210009220C320125452201FF03FE2170032E890
:10822000732014547A2026F027EE32E812543900D5
:10823000510019F0018E32E839001254510018F043
:10824000028E01F611C139EEA7F000EE320003F004
:108250002FE4F548D84CF51C10091F0021092A0904
:108260000DF031E41600300414600FFA00C207600C
:108270003B0042081FF023E0B28E066E3B0042082E
:10828000F8FF25E3B28EB188066232000BF02BE4D2
:108290000200196E72F0FF7B31E82FF903C811F864
:1082A0000000C912738884F3FF1F04F4D4D81BC4E0
:1082B0001B1333FF001E3CC41B13738E8910C9CEE1
:1082C00031EE3200F548D84CF41C17001E003BE894
:1082D0007A881CF023E6100973880C6232E8525544
:1082E000798840F000F254D88AC3D2550FF800CEF6
:1082F000236E32E824F021E7110992F00288D5FFBD
:1083000023EB31F018530AE80C609FF200C20360BF
:10831000D121FA6F92F007880AEE4A0802F021EEA6
:1083200032E85255798840F000F254D873888AC3F5
:10833000D2550FF800CEF448D84CF11C160030048A
:1083400003620200316E5824096234F01F5303F0B7
:10835000706B3200F4FF35EA276E9824096234F01E
:10836000205303F0706B3200F4FF21EAF66F01F046
:1083700048890D6000F0488F34F01F5303F0706B94
:108380003200F4FF27E91004EB61E76F412001F0B0
:10839000488F34F0205303F0706B3200F4FF2DE867
:1083A0001004D461DA6FF148D84CF21C16001F009B
:1083B0003804186031A84A98125311C02D62F1890F
:1083C0002B60719888052862F12149890BE8328970
:1083D000E9FF35EE78241762B288D25011C01962D5
:1083E0001B6E30041960719888050862F189066077
:1083F000328903F0FF41E9FF2FED320021F03BEE1F
:108400003698F06FB8240862B288D25011C0046266
:10841000320019F02BE1F248D84CF31C1E0093886F
:10842000DB56DB5A582517A828F00F20F9981D6055
:108430001FF027E01300C420FDFF45F0006002009C
:108440004FF301CC5FF201CA49575FF301CA0950EB
:1084500000F1D2C84B57F99804000D0025F027E130
:108460001A00125032EE026E30EE81F000E8718E8A
:10847000B1883FF011FFFF1FB18E7A9835F2D2D844
:1084800012C0DFFF11FFFF1F12578912B18EF34890
:10849000D84CF41C1700210928093E98B1880362C2
:1084A00002002D6E7B88020044081EF031E61004A5
:1084B000F861012191F000EE798916603A00FCFF25
:1084C0003BE01004086202F000600300440824F05E
:1084D00025EE156E0100B22852E82FF080C206602A
:1084E00052880460788F42200A6E49200826F4657D
:1084F00002F000600300440824F03BECF448D84C40
:10850000F31C10091F0023002C0086F008883A0095
:108510001CF033EE100403620200266E81F0058821
:10852000FC6178F0048868F0068E72890960B1B841
:10853000046007F037E6036E01F025ED708FC3206D
:1085400042081DF035E9728FE861B0BEF988B18E3E
:108550007A899256B98989C68912318FF989F18E43
:10856000320020F03DEDF348D84CF61C13091809F1
:1085700026002A09E9F3FFB90700066E512081F0B1
:1085800000EEB3EE7F20AFF700C202F0CDE0BFF700
:1085900042C821F031EF1004F6615289F461D388AA
:1085A00034F3D3D805604B0820F031E6EC6F5188E6
:1085B00013F2C01F82F000E80100880402F08FE08F
:1085C00074E8E004E0614920F96F102DD865823A23
:1085D00024F027EFD86FF648D84CF41C1700BA885F
:1085E000D256D25A502578F007203EA881F000E8F4
:1085F00028627998C805226269F002204A0825F0AD
:1086000031E87298125311C0196039A84A9835F2AE
:10861000D2D811C004623A00EFFF35E192F002882F
:1086200013504A0824F029E6BA88D25013C07A8839
:10863000D25092C1340008F039E9412081F000EEB7
:108640004220F448D84CF51C1F00120921092809C2
:10865000C32082F0052017F039E51600FA5091C3C7
:1086600031EE3A5011C1718E39C0B18E69F0038E6E
:10867000F1D903620100026EE9D9318FFBD9722171
:10868000440824F02BEB3CFAD2C891C3A2F0FF00BF
:10869000D25584F0052023F04A518A1235001BF090
:1086A0002DE91700320001F037E13A00F548D84CC7
:1086B000F61D1E00130922092909E8F3FEB9FFD9A6
:1086C0000312320020F031E510041B6041D819621A
:1086D000C3208221F6FF31E003F002F11A9F2BF054
:1086E00000EE568E2AF0028E29F0038E178F28F0A6
:1086F000058E44F03D7A33005A0805F02FEA0A6EE1
:10870000101C391C4D08540833005A08CBFF31E7C0
:108710007E4CF649D84CC81C13E89B521BC2D1882A
:108720001D6003F001F1269909605C5401F041F2EB
:10873000D83249200CE82024066A02F09F6024F019
:1087400023E4236E03F004F12699642403F004F17A
:10875000269FFFF114D10CEED08E5A5401F021F275
:10876000C432498812625A5401F021F2D832498841
:108770000C6200F392DEFFF251D603F002F12E9963
:10878000891003F001F12E9FC848D84C751C2600B3
:108790002F00280400F400C23060000909710A6E3D
:1087A000E804A00602F099E03D003400490D00F80D
:1087B00078C0EF013603E805A007F365060007005F
:1087C000176E5805100706644F0C6FF846C05B051E
:1087D00012070BF4DAD82D503FF9D9D800FA75C832
:1087E0000BF8DAD824503FF8D8D800FA79C80FF936
:1087F00000C200F800C2E663F9D90A8E4B8E32003F
:108800003B007548D84CF21CD254D612020022F01C
:108810003DEE170038041360BA88D256D25A0B6264
:1088200039A84A98125311C006603A00F0FF3DE2A1
:10883000B0040360BF89EF6F7A98186E422022F06F
:108840002DED170038041160BA88D256D25A0B6247
:1088500039A84A98125311C006603A00F0FF2DE182
:10886000B004EB61BF89EF6F0200F248D84CF41CF2
:1088700016001809010901F01E4111F009E8036012
:108880000975FA6FC3204A08F5FF3DE21700380466
:108890000D62F25191C3B2C3D25503F000600500DE
:1088A0008A1204000FF800CE186E04009FF400C274
:1088B00002F093E001F01E4109E909E839EF642074
:1088C000F66FF25191C3B2C3D25503008A123D0034
:1088D0000FF800CE3A00034EF448D84CF21C1300B7
:1088E00018042F6021F040425804066421F0AF7153
:1088F000580409F09BE00FF091F7006058040B64F6
:108900000FF0A1F76F4B580408F08DE01A00DDFF5F
:108910002FE6176E5E2437E8B8270564422A1AF05E
:1089200031EA0F6E20F023E67A5402F056445120CB
:1089300000F113D10BEED188D68E31EE1FF037EF58
:10894000F248D84CC81C1100982408F089E018049B
:108950001B6282281AF03BE8296E58240A6203F051
:1089600000430400452002F024630EF03BE41E6E39
:1089700003F00443F76F5824046203F00843F26FD6
:1089800003F00C43EF6F0804E9614824F561882483
:1089900009625824046203F01043E46F03F01443A7
:1089A000E16F82280B001AF029E6C848D84C731CE6
:1089B00003F008F1029901000FF800C2316086F05F
:1089C00000E837E8B8040962B7887688300550F7C0
:1089D00000C203624120036E88F0018886F001889E
:1089E00003600804ED6148241B62020081F000E886
:1089F0000C988E8901006520046E3A004920ED2113
:108A0000880502F09DE05FF287C0D805F2FFEFEF26
:108A1000C9419A040C01924221898A00026E020027
:108A20007348D84CF21C17007989036202002C6E3F
:108A300006003989C988700402F0A3E07A8852558B
:108A4000442040F000F252D833001AF02BED1BF016
:108A500025EE1004EC617620ED6F06003989098956
:108A6000700402F0A3E07A885255040040F000F24E
:108A700052D833001AF021EC1BF03BEC1004D76104
:108A80007620ED6F4220F248D84CF31D16001809ED
:108A900028DE30DE71C603604720026E0700320018
:108AA0000AF02DE1100403620200236E101C00F096
:108AB00052E044200FF0C2F757613D003300EFFF52
:108AC00037EE7E4C1700F1614411C32032000AF0EA
:108AD0003DE9B98811FF7F1FB98E32D8F98812C0DD
:108AE0003FF011FFFF1F0BF2D2D88912F98E3A0026
:108AF000F349D84CF21C1E001004036030040362DA
:108B00000200306E07F0F7F7FF7B919933E8C0FF62
:108B100011F00000DB11CB1233EE34F3D3D80B602D
:108B20009388DB5019C004621199718E0B6E5199B4
:108B3000718E086E1BF023E8728EB08E31E8C91179
:108B400031EE31E8F7FF11FFFF1FDFFF11FFFF1FBD
:108B500004F000F000F151C8EFFF11FFFF1F31EEEC
:108B60004220F248D84CF31C1809260004F080F08B
:108B70000024276404F080F0092408F0C7E0FCFF1B
:108B800081F0002000F193DE19C0146231F08E02F2
:108B90001860D38834F3D3D8166018F037E2170082
:108BA000420809F023EE340013003A000AF03FE2D5
:108BB0000B6E20F029EA130034F212D9328E738E34
:108BC0004220026E0200F348D84CF11C160032F02D
:108BD000EC52832122F025E603F001F10799D14CF4
:108BE00003F001F10699492003F001F1069F03F01B
:108BF00001F1ED98056203F000F1ED9E056E492448
:108C000003F001F1ED9ED35199C303F001F1EC9E05
:108C100008040C6048260A6088260860C82606609A
:108C200008270460012131EE026E30EE03F002F1FC
:108C3000EE9E4220F148D84CF51C12092109180477
:108C40000562472028094220046E2F0008710200A7
:108C50002B0018F023E0160030040C6000F030CF39
:108C600045083C004B08520803F021EA7F4C1004F1
:108C700003620200116EA1F0018817F009E83300C9
:108C80003A0020F02DEFA1F0028813F009E83A0035
:108C9000C0FF24EC4220F548D84CC81D1100982490
:108CA00008F089E018041862822818F025EE266E74
:108CB000582408620328841002F024630BF02FE686
:108CC0001D6E0329F96F5824046203F01041F46FFC
:108CD00003F01441F16F0804EC614824F561882425
:108CE00009625824046203F01042E66F03F0144254
:108CF000E36F82280B0018F039EBC849D84CF61CFA
:108D00001700180923092A09E9F3FFB93A0022F0EC
:108D100039E01FF023E616003004076222F0044019
:108D20003B0018F02DEA1A6E430832001FF039ECB0
:108D3000110008040B604D0854085B083200D14C48
:108D40001004046091F000E8046202F00060066E16
:108D500072881FF280C2FA634A88F648D84CF21D26
:108D60001E001700F28834F2D2D8196039E8841155
:108D700083F0004049983A00D14C1004266031E855
:108D800000F030CF34D83DD883F00040099832004D
:108D9000D14C7F4C100419604220186E31E8041148
:108DA00083F0004049983200D14C10040E6039E83D
:108DB00000F030CF24D82DD883F0004009983A0035
:108DC000D14C7F4C1004E9630200F249D84CF61DE7
:108DD00026002F0078F0FF7B110943DE3900F255A1
:108DE00038F7DBC8441238F6DAC88FF103C800F24E
:108DF0007BC85A080AF037EC4AD853D892F0008E54
:108E000093F0018E3900092144128FF103C83F21EC
:108E10003602F255BF52B652BF123A000AF02FEB9B
:108E200052D843D81DF023E492F0028EF649D84C74
:108E3000F61D13091A0921092F00E8F3FEB9EBF01A
:108E4000088E48DEC3203A21F2FF3DE416003004CC
:108E50001560F78E68F000EE6AF0018E69F0028E00
:108E6000FBD932213C0020F027EC051223F0004012
:108E700042213400F4FF21EC0B6E00F030CF05F0FE
:108E800000604C0853085A080FF800CE7F4CF64992
:108E9000D84CF41C525401F028F2C432460887F032
:108EA000022069F000E81A6039E8186091F0018842
:108EB00012604A08E7FF39EF92F00488FDFF21E1D4
:108EC00091F0088831EE4A08FDFF35E0FFF711D137
:108ED00039EEE86F96F00820E56F81F002880760B0
:108EE00003F0334202F0136017F027ECF448D84C3B
:108EF000F51C12090109026E0975AFF980C202F072
:108F0000D5E0A8F0012037F03853480D3EE8F56170
:108F100081F000E832E8500404607288500417625F
:108F2000F18839EEB28811E800F030CF0400050076
:108F3000099883F00840D14C7F4CB28818F023EF99
:108F40003200FCFF3BEC7FF080C2D76139E8CF20D4
:108F5000DE6FF548D84CF21C1600B288D356DB5AA7
:108F600058250562F38931A807000D6EF38931A8F1
:108F70000C986024076C4C9834F4D4D803624720D2
:108F8000026E0700180403620200166E4B981B5312
:108F900019C00960D25011C0066031E80300098988
:108FA0003200D14C380405603200EFFF29E2046E34
:108FB0003200C6FF39E1F248D84CF41C11091900FF
:108FC00027002809C8250662380404600FF800C28B
:108FD000086213F003400C004A0815F03BEA1A6ED1
:108FE000C320FA2012F02BE91600C12131EE778E52
:108FF00081F000E8B18EF08E7C2483F00120F22015
:109000001FF02DEF3CF9D2C8C32192C334001EF0EB
:1090100039E2F448D84CF31C160032001DF039ED4B
:109020001009725540F000F256D8070081F004880C
:10903000C988780402F097E044203B00320017F022
:1090400037ED1DF021E97F20F26F070081F00488E1
:109050000989780402F097E004003B00320017F021
:1090600037EC1DF021E87F20F26FF348D84CF31C59
:10907000160032001DF021EB1009725540F000F28D
:1090800056D8070081F004880989780402F097E037
:1090900004003B00320017F03FEA1DF03BE67F2062
:1090A000F26F070081F00488C988780402F097E025
:1090B00044203B00320017F03FE91DF03BE57F20E4
:1090C000F26FF348D84CF21C1600B288D256D25A2E
:1090D0005025F12137A87298900503624220026E54
:1090E00002000BE8036202001D6E08EE1004196016
:1090F000BA2020F03DE07A98125311C01260B28875
:10910000D25013C07288D25092C109F023E231A824
:109110004A9835F2D2D811C0046232001FF02DE314
:109120004220F248D84CF31C2E001809179835003D
:1091300043080CF02FE1100403620200246E31E8B2
:1091400089200AE8F7FF22FFFF1F01F000F000F27C
:1091500052C80AEE81F000E8C0FF12F0000005607E
:10916000B9B932E8D18E0E6E8AC21250B9E80862DF
:1091700002F00060030034001EF03BE8046E32E8A9
:10918000D18E4220F348D84CF61C16001F002B004D
:1091900061241A5403000D00040078F0FF7B5D1376
:1091A00014133900F25538F7DBC838F6DAC88FF1F6
:1091B00003C800F27BC85A080AF02DE23F213602AC
:1091C0003900F25538F7D9C88FF103C8F4D9FDD961
:1091D00000F279C838F6D8C84A080AF02BE13F21D6
:1091E000360232003B00F648D84CF51C2700120925
:1091F000190978F0018806008FF600C202F09FE09E
:10920000B92064F0CD5B8BE94A0814F02DE003F03F
:1092100001F1FA9803627620F06F0FFA00C204623F
:1092200002F00A60036E02F00B603CF9D3C899C3E8
:1092300093F0FF00DB5503F004F1FA98CB123500F0
:1092400012F03BE5F548D84CF41C1F00110926002C
:10925000C320C220F0FF31E410090FF800C20562FC
:1092600002F00060D64C1C6E80F000EE86F0028E9C
:1092700087F0018E832092F0FF0044080FF037EA58
:10928000100408624208FBFF37E202F00060D64C8F
:10929000076E0321C22005000400F2FF3BEAF448F8
:1092A000D84CF31C16001F00200403604220216EDE
:1092B00032001FF02DE2D02406603A001FF023E2B6
:1092C000D02403620200156E32001FF035E1100950
:1092D0003A001FF02DE12FF800C2F56332001FF0B5
:1092E00029E116003A001FF021E1B004E061EB6FC4
:1092F000F348D84CF21D84114311021119F02FE6E6
:1093000021D84C888D880AE802F02FED170003F071
:1093100007F1009F0600F00502F0B1E021D84C886B
:109320008D880AE83300FBFF29E41EF027E91004CA
:109330000A6003F001F1009904F08DE0492403F084
:1093400001F1009F7620E86FF249D84CF11D1BF027
:1093500039E4FFF701F321B84220FFF702F321BE01
:1093600020DE13F0FC7B1BDE82F0014022FFFE1F9B
:1093700003F002F1169F555004F1004086F10040C1
:109380002C01AE0120EE35002BEE23D89E52668EC6
:109390009BC66B8E03F002F1159FFFF701F321BE10
:1093A0001AF033ECF149D84CF51C26002F001209B5
:1093B0001909E8F3FFB9B901C3204A20525416F045
:1093C00039E5A1F0028812F009EE100403620200F0
:1093D0001A6E7FF801C0C32071000A2116F03BE429
:1093E0001004F661412411EE568E110071008F8E2B
:1093F00011007900710018F0038EA1F0018812F0BD
:1094000009EE4220F548D84CF11C130003F001F19D
:109410001799076E5220F620D027076411F02D8887
:109420000804186002000E00B488E004F4633200FF
:109430001CF02BEA10041262B288FAFF23E531E82F
:1094400011F8000031EE708EB08E320002F02BE683
:10945000056E02F05D4015F039E0F148D84CC81DAA
:109460001AF027EC03F001F11D99086003F002F1F6
:109470001D9904000300F0FF27E5831002F010415E
:109480001AF023EC10040C60050064F0035912D8A4
:109490001BD8E4FF23EB03F002F11D9F046E03F0E1
:1094A00000F11D9F1AF02FE4C849D84CF31C160098
:1094B0001F00200930040F62C320C22115F03BEDCC
:1094C00010040760110028F0068E9321138F156E8B
:1094D0000100176E0FF800C2086003F07B4902F02C
:1094E000136014F02DEC0E6EC320822115F02BECCE
:1094F000110010040260168F080403608F8EC88E5E
:109500000A00F348D84CF41C1E002909179868F08B
:1095100000E8C12121EE538802004C0816F03FE21A
:109520001004036202001E6E0FF800C2106000FEFD
:1095300080F000241162398904627188398F116EBC
:1095400001F0006092F000E8518E0B6E7989F963AA
:109550007188798F066E01F0036092F000E8518EF9
:109560004220F448D84CF41C1700210928093E98E1
:109570007B880200440816F025E010040362020014
:109580001D6E012191F000EE79890C60010961F0F6
:1095900009E80A60B2214B081BF03BEC10040460A0
:1095A000788F42200B6E097590F00624F16902F065
:1095B0000060030044081CF03DE6F448D84CC81C89
:1095C00003F000F1069F03F005F1079FF9D903F0BE
:1095D00001F1089F03F000F10B9F00F0408F03F0B2
:1095E00004F1049F03F002F1099F10040B6203F0E1
:1095F00000F1039F19E821EE5A889B88628EA38EA2
:109600000D6E90240B62412003F001F1039F5A88F4
:1096100004F025E303F002F1059FC848D84CF31C81
:10962000060017981BF03BE7100403600200236E4E
:109630000009B922410C0AE8196013E80562548850
:10964000036294881360D28811603BEE0AE8528866
:109650007A8E0AE89288BA8E09E8C988F98E3A00AB
:10966000B7FF31E100F8F2C89613087580F00C24BA
:10967000E1653200F348D84CF11C060013F027E9ED
:10968000130031F01E00066002F0B06013F023EF0B
:10969000196ED9C20260862003F001F1FC980C60BB
:1096A00003F003F1FD9806628222030013F023EE1B
:1096B000096E3200D14C030002001CF02DEA1DF0AF
:1096C00029E1F148D84CC81D1DF037E01004216293
:1096D000C410831005000200DFFF3DE11004196093
:1096E00011D80A60482415621AD8E2FF25E61AD874
:1096F000F8FF2DEF0E6E1AD89388DB56DB5A11A8AF
:1097000058254B98F7FF33FFFF1F4B9EFCFF2BE2C2
:10971000C849D84CF21C16001F0033E8728812F0BA
:1097200037E311000804076233E802F0594013F0F0
:1097300021EA1C6E38041060FA20111C3AE85255D8
:1097400040F000F254D87288BD887B8892C3D2550D
:10975000D14C7F4C0B6E728892C300F030CF050065
:109760000400D2550300D14C7F4CF248D84CC81CA1
:10977000110022001804146208250960C8250A6235
:109780001489D38892880CF039E4166E0CF03DE20F
:10979000136E02F06F400B0013F037E60D6E0825D4
:1097A0000960C825F7631489D3889288D3FF33EB07
:1097B000036E0CF021E0C848D84CF51C12091809BA
:1097C00027002909380403607924026E0100C320B0
:1097D0000A210EF03DE9160001F0146031EE792007
:1097E000718E68F0028EF08E0FF800C20662F220D1
:1097F0003C004B081BF039EF3CFAD2C803F0146070
:1098000092C334001AF023E34220F548D84CF51CEB
:109810001209180927002909380403607924026E07
:109820000100C3200A210EF029E7160001F015609F
:1098300031EE7920718E68F0028EF08E0FF800C242
:109840000662F2203C004B081BF025ED3CFAD2C822
:1098500003F0156092C334001AF02FE04220F5485F
:10986000D84CF51C1209180927002909380403608F
:109870007924026E0100C3200A210EF035E416009F
:1098800001F0166031EE7920718E68F0028EF08E54
:109890000FF800C20662F2203C004B081BF031EAD0
:1098A0003CFAD2C803F0166092C3340019F03BEDC5
:1098B0004220F548D84C731C03F008F102990100CE
:1098C00003000FF800C2256086F000E837E8B8040E
:1098D0000962B7887688300550F700C203624120DC
:1098E000036E88F0018886F0018803600804ED614A
:1098F00048240F6281F000E80A988C890100522008
:10990000080502F08FE02409044C2FF383C0D22114
:109910001A007348D84CF11C160018F02DE631F0EF
:109920001753066E5B20E420D827066451330AE8FB
:10993000176003001400A005F663932006003FF0B3
:1099400080C2046017F02FEF0D6E7620DB20F02729
:10995000F76523F02D880BEEF7FF25ECF46F17F079
:1099600035EEF148D84CF41C160021092F0068F0A0
:109970000888738802003C0014F023E0100403629E
:1099800002001B6E012191F000EE71890B60010055
:1099900082F00A2052E82FF080C20660D28804606C
:1099A000708F42200A6E49208825F36502F000601E
:1099B00003003C001AF03FE6F448D84CF31C1E00AC
:1099C0002F0010093D003300420807F037EC100467
:1099D000036202001F6E82F008881389D48838F36E
:1099E000D3D8E45519019288D25533E8C0FF33F03B
:1099F000000008605004096401F080403AE8D18E0C
:109A0000086E5004F9FFF5EF01F000413AE8D18EFD
:109A10004220F348D84CF51C1209190920092F00DF
:109A2000380403607924026E0100C3204A210DF03E
:109A300021E7160001F0066031EEB920718E69F061
:109A4000028E68F0038E308FFBD932213C001AF071
:109A50003FEC3CFAD2C803F0046092C3340019F022
:109A600029E04220F548D84CF41C110918092600B9
:109A7000300403607124026E0100C3200A210DF03E
:109A800031E4170001F0116039EE7120798E78F021
:109A9000028EF88E0FF800C20662FBD9FA2034005D
:109AA0001AF02DEA3CF9D2C803F0116092C33C00D1
:109AB00018F037ED4220F448D84CF41D160019096F
:109AC0002700280930DE320013F027E942DE811139
:109AD000091CC5110412C3223200F9FF25E17F4C95
:109AE0001004106231D8898891F000EE31D80989CC
:109AF00081F000EE31D88A880462C98839EE026E9E
:109B000038EE32D8F6FF39EEF449D84CF41C5254F2
:109B100001F029F2D8324F0898F002203EE8156093
:109B200081F000E8126071880E603200F5FF2BEFC3
:109B3000718939EE3200F6FF27EDFFF811D181F07F
:109B400000EEED6F7721EB6F91F00288076003F074
:109B5000184202F0136011F039E8F448D84CF31CB5
:109B600010091F0031F03853126E8FF200C20660E8
:109B7000430816F035E8100409607288D0051660B5
:109B80003B0016F025E810041162F1200EE8106089
:109B900032E88FF200C2056071888FF100C2E6637F
:109BA000D00504607188C805E1633200026E0200CE
:109BB000F348D84CF11D45110411C3104221DCFFBC
:109BC00037EA10041C60C32082210CF025EA16003D
:109BD00019D8718E21D8B18E43113221842012F010
:109BE0002FEB30EE31F025530AE803601100FD6FD2
:109BF0000EEE04F002F00040DAFF23EBF149D84CFE
:109C0000F61C1B09160022092909C320422212F062
:109C100029E3100947080FF800C21860C32032007A
:109C200012F037E2100406624208F6FF33E507003F
:109C30000D6E80F0028E8AF0038E89F0068E8BF016
:109C4000078E82F0048E86F0058E3A00F648D84CD6
:109C5000F31C280916981FE8C12121EE5388020041
:109C6000440812F039E81004036202001B6E380445
:109C70000F6000FE70F000240F6231890360308FA6
:109C8000106E01F0006082F000E8518E0A6E71895A
:109C9000F961708F066E01F0036082F000E8518E6A
:109CA0004220F348D84CF41C169872890960B1B868
:109CB0000460FBFF37EA036EF6FF25E1708F0700B3
:109CC00068F01220380D89F000E80E6092F00288EA
:109CD0000560F6FF2BE090F0028E82F000E8F5FFC1
:109CE0003FEF80F000EE7F203826EB65F448D84C3B
:109CF000F11C03F006F1179930041E62C320823371
:109D000011F037EB03F002F1179F160010041462F4
:109D10000200166E4920D220C827106461F02D88F9
:109D20000762C320823311F031EA62F02D8E66F0B3
:109D30002D883004EE61010032009388EC63F14815
:109D4000D84CF41E1009190926002F0030DE4208F5
:109D500012F03FE442DE012149DE11F0094051DEFC
:109D6000E9F00B8E66DE6FDE8111091CC51104124D
:109D7000C3204208F7FF2BEC7F4C160032D8F5FFCA
:109D80003FEA300403624220026E0200F44AD84CDB
:109D9000F41D1109180926002F00E9F0068E38DE9F
:109DA000C3200221EAFF21EA140020040D60E08EA6
:109DB00027EE48F0018EA68E851123F00140422146
:109DC000EDFF35E10D6E00F030CF10F050E00500F2
:109DD0003400430800F030CF4A08D74C7D4CF4499A
:109DE000D84CC81D10DE18DEC4108310CAFF2FEA3D
:109DF00012D8046219D81560056EF8FF37E719D834
:109E00000A601AD8F8FF2DE712D805601BD8036046
:109E1000C1FF37E012D8F5FF27E61AD8F5FF21E693
:109E2000C849D84CF41C16002C0069F008881FE8BB
:109E300078F03F007388020011F023EA10040362F7
:109E40000200176E410D91F012880E60C0FF72F093
:109E5000000005624A880860488E046E0AE80460C3
:109E600008EE4220066E738822F00F4010F023E0C7
:109E7000F448D84C751C03F004F10299026E648812
:109E80002004226021E80D9819F0068801006F2057
:109E9000036E4920FF219FF100C2F2FFE5EF78F049
:109EA00000E80300FE88036E5B20B6228FF300C239
:109EB000F2FFE3EF6AF000E82FFA00C2F663C9414F
:109EC0002A008A00026E02007548D84CF31C170065
:109ED0003A0019F023E516003A0019F02DE216F0C9
:109EE00037E710090FF800C213603A0017F037E5A2
:109EF0001004096081F00488C988700402F093E0BE
:109F00004220076E81F0048809897004FA65020016
:109F1000F348D84CC81C1004106003F003F11A99E0
:109F20001AE8D55192C359899C88ADC3D25503F024
:109F30000060AA12D14C0F6E03F001F11A994A8900
:109F4000111C0A89111CCD888C884B880AE8BFFF38
:109F50002FE57E4C03F002F11A99F4FF23EC422026
:109F6000C848D84CC81C130004F030F0002420640A
:109F700004F030F00A2408F0B9E00FF0C1F7866170
:109F8000FCFF32F0002089E8D94C4220146E822078
:109F9000126E0221106E42210E6E82210C6EC221C1
:109FA0000A6E0222086E4222066E8222046E02337C
:109FB0000FF03FE5C848D84CF21C1E0023002C00CF
:109FC00017987188C825036002001E6E32000FF0DA
:109FD00035E81004FA6171F0FF7BF38832899BC386
:109FE0009B565210D2123A8F7389B2899BC352107A
:109FF0009B56D2127A8F32985110F28992C39256A0
:10A000008912B98F4220F248D84CF41E1600180964
:10A01000210930DE320010F039EE070042DEC120A7
:10A0200049DE11F00A4051DEE8F00B8EE9F00C8EAB
:10A030008111091CC5110412C3203200F6FF23E66A
:10A040007F4C10040262472032D8F4FF33E43A0018
:10A05000F44AD84CF31D100986F006401F0081F029
:10A0600000E84411330049984208D14C10040D60B7
:10A0700039E800F030CF2CD835D8330009983A00B1
:10A08000D14C7F4C10040F6281F000E889884208AF
:10A09000D14C39E889883A00D14C80F0058E788F10
:10A0A0000200026E4220F349D84CF21C1E00938835
:10A0B000B588DB56ED56DB5AED5A5805056020048D
:10A0C00011604220166E18040F609824116220045B
:10A0D000F96313F027E91700320013F03FE8B804E2
:10A0E000F1610200066E3300F8FF3BED026E2200C4
:10A0F000F248D84CF41CE8F3FFB919092700160000
:10A100002B0044083A000EF03DEE100403620200FA
:10A11000166E71894824086002F00060030044084C
:10A1200016F033EB0C6E0FF900C20560F988329817
:10A13000918F046EF9883298D18F4220F448D84C20
:10A14000F41D1F0032DE38DE78F000E8798819F05F
:10A150000220C3204A0809F039ED16004C083B00E4
:10A16000320017F02BE48511422034004308EBFF46
:10A1700027E480F01A24066080F002240360422065
:10A18000026E0200F449D84CF31C1E007288FEFFD8
:10A1900027E71700000979881FF800C202F097E04E
:10A1A0008320398905F892C98AE813F027E50875F4
:10A1B000F36FB1880200D14C10F031E74321C22087
:10A1C00005000400EBFF31E1F348D84C751C03F0A7
:10A1D00005F10299026E6D88280420602CE823980E
:10A1E00049F0068801005F20036E4920FF219FF19E
:10A1F00000C2F2FFE5EF78F000E80300FE88036E8E
:10A200005B20B6228FF300C2F2FFE3EF6AF000E8B2
:10A210002FFA00C2F6632200026E02007548D84C85
:10A22000F11C160003F001F10799D14C03F001F184
:10A230000699492003F001F1069F03F001F1ED9822
:10A24000056203F000F1ED9E056E492403F001F173
:10A25000ED9E91C603F002F1EE9892C392568912D8
:10A2600003F001F1ED9E03F000F1EE9E30EE42208E
:10A27000F148D84CF21C160013F02FEB0B6E13F0C4
:10A2800035E5F988BA88D14C13F03FEA3A00F3FF7C
:10A290002FE2F188D14C17000860F988F16302F0D1
:10A2A000976016F03FE8036E13F02BE4F248D84CA9
:10A2B000F21D16001F00B28805117B20D2513C0010
:10A2C000FBFF3BEFF28834F2D2D80B6022D8B9887A
:10A2D00012C0DFFF11FFFF1F12578912B98E0A6EDD
:10A2E000B988DFFF11FFFF1F04F000F000F151C833
:10A2F000B98EB9883FF011FFFF1FB98EF249D84CD3
:10A3000000F03DCF00F141E400F23ACF2CF140E003
:10A3100021091C0997F0028816F025E800F034CFD7
:10A3200000F63ACF100A1C0B92F00188DDFF21E005
:10A3300094F0018E97F0028E32002CF160E000F66E
:10A340003ACF00F161E400F43DCFD84CC81C1100B5
:10A350001804116208250660C82507620EF025E280
:10A36000136E0EF039E0106E02F06F400B000DF02E
:10A3700021E80A6E08250660C825F763E1FF3FED76
:10A38000036E0DF033EEC848D84C721CFFF701F392
:10A3900047B94824FC61FFF702F340BFFFF703F31E
:10A3A00041BFFFF700F345BFFFF701F347B948246A
:10A3B000FC61FFF701F342B90B000200DD51FFF72A
:10A3C00001F343B99256060089C652139B560F00FB
:10A3D0009213DB13228E638E7248D84CF51C110940
:10A3E0001A0920092E00300403607124026E010056
:10A3F000C3200A2108F03BE8170079F000EE712035
:10A40000798E78F0028EFBD9FA20340015F021EF16
:10A410003CFAD2C83C0092C34B0814F02DE2F54838
:10A42000D84CF51C1909120920092F00C320BA20A5
:10A4300008F03FE6160068F000EE69F0018EFBD9E7
:10A44000B2203C0015F029EDBC2023F04443350038
:10A4500052080CF039EB17003200F2FF23E43A0007
:10A46000F548D84CC81C0AF029E718F027E1384E07
:10A4700015F037EEEDFF37EC0EF02BE90DF03BE574
:10A48000422016F02BE5DDFF31ED0200C848D84C24
:10A49000F61C20092909030916885788020938047F
:10A4A00000F600C21A60510800F192DE130034F287
:10A4B00012D99FF300C28FF240C202F09FE0390030
:10A4C00009C0046014F033E7130D0BF6D2D83F50E7
:10A4D0003650BF120A75E46F5A08F648D84CF11C82
:10A4E000234E010003F056401CE82024066C5A88D5
:10A4F0001024036CDA880562C22115F027E6126E7B
:10A50000662004005D886D246005076615007501EE
:10A5100015EE2A006420F76F10EE49201B218827D2
:10A52000E469F148D84C02F000F0419E01F06E6BF6
:10A5300002F001F0409E22F0404203F002F11F9F22
:10A54000F9F700F2018EF9F701F2008E11F0DC5AF2
:10A5500003F001F1219F812003F001F1229F03F01C
:10A5600000F1239F03F000F1249F0FF091F70060AA
:10A5700003F001F1209FD84CF61C1209180927009E
:10A580002B0901090600066ED5FF25E710040B60B4
:10A5900076208FF600C202F093E0BAE914F02BE4C3
:10A5A0001004F36309F000603CFAD2C891C3A2F032
:10A5B000FF00D25534008A124B080FFB00CEF6483C
:10A5C000D84CF21C37F03653026EF7203EE8156087
:10A5D000B004FC6332000CF025E710040762B28877
:10A5E000935282380CF02BE40C6EF18839EE320075
:10A5F000F1FF2DE74220056E02F0544014F025EEE5
:10A60000F248D84C721CFFF701F347B94824FC61AB
:10A61000FFF702F340BFFFF703F341BF71F0FF7B89
:10A62000E255AF52A652BF123A005210FFF702F3A2
:10A6300042BF2A005110FFF701F343BFC123FFF7C8
:10A6400001F344BFC1234120FFF701F345BF41207F
:10A650007248D84CC81C03F001F10399C824096062
:10A6600008250D60C8251962D24CD02406640F6EEF
:10A67000D24C902402F099E00200136E03F001F135
:10A68000EC9848260662D24C9024F7654220096E69
:10A69000D24C1004F261FB6FD24C1004EE61F76FE4
:10A6A000C848D84CF21E16001F0020DE32000DF004
:10A6B00021EA32DE3FDE40DE0111091C4511841122
:10A6C000C3213200F3FF3BE17F4C1004066222D825
:10A6D000F1FF2DE04220056E22D8F1FF23E00200B9
:10A6E000F24AD84C10091FC01E58F340110A340911
:10A6F00001FC92D9100D104C25F030C035F030C05F
:10A70000D255DD51ADC325F275C892C69B56D1F323
:10A7100032C0A1F030C0380000FDC0CD410A25F0A4
:10A7200030C035F030C0D255DB519BC39A12A1F036
:10A7300030C0D84CF41C5024046257F00040036E23
:10A7400017F0004003F009F131993CF9D8C80875B9
:10A7500080F1FF3F09F087E008717FF846C83200BA
:10A760000FF033E71004F46382F7FF1F91F0FF004E
:10A77000D255891203F001F1319F3200F448D84CD0
:10A78000C81C9488E456E45A1262D00405605198BB
:10A790005C98080503624220166EC9890362E1894C
:10A7A00003600200106E13F039E20D6ED004F46104
:10A7B00051985C980805F061C989F463E189F263F6
:10A7C00013F027E4C848D84CF31C180917002E00D2
:10A7D000C12021EEC320C220E5FF2DE832EE300477
:10A7E00008627B8802F0006034000CF031EC0E6EE1
:10A7F00081F0028832E811EE398932E84988518EB9
:10A80000398932E88988918E4220F348D84C91C228
:10A8100021EEC0FF25F000000462902502001E6EAC
:10A820000827F2FFFBEFDA89880402F089E0422072
:10A83000156E1D985501480502F08DE02FF184C377
:10A8400082200C6E5A98AA00880402F08DE05FF115
:10A8500084C3C220036E02F0FF40D84C02004320A4
:10A860000A6E02008320076E42204320046E4220BD
:10A870008320016E00F03DCF02F03E8F03F03F8F4A
:10A88000F2FF3BE003F03F895824046014F027E214
:10A89000036EE6FF3BED5FF09DE1548920C000F0C0
:10A8A0003DCF00F141E41C09064E00F161E400F4E3
:10A8B0003DCFD84CA11C00F032CF13F023EB100A8F
:10A8C0001C0B00F034CF00F63ACF630B23F020C00E
:10A8D00000F432CF830813F025E3040BA148D84CD1
:10A8E000548920C000F03DCF00F141E41C09064E20
:10A8F00000F161E400F43DCFD84CA11C00F032CF50
:10A9000013F02BE9100A1C0B00F034CF00F63ACFFD
:10A91000630B23F020C000F432CF830813F031E141
:10A92000040BA148D84CC81D0411C31082100EF0AE
:10A930003DE411D8146019D81262C320422205F0F8
:10A9400031EE140003F004F1FF9ED0F05FE165F0FA
:10A95000194913D81AD8F6FF29E37F4CC849D84CB7
:10A96000F31C160027002809C3200221E4FF39EB5D
:10A97000100403620200176E718811EE508E9188E8
:10A98000DFFF11FFFF1FEFFF11FFFF1F3FF011FF60
:10A99000FF1F918E01F04040D18E412239EE82F0AE
:10A9A00000EE4220F348D84CF21C1E0023002C007D
:10A9B00017980100BA2252E803600200186E49207D
:10A9C0000827F965328971895100F28851000827FA
:10A9D000F8FFEBEF32000AF02DE81004EF61F18888
:10A9E000F98F3189399E7189799E4220F248D84C7D
:10A9F000F31C1F0016003B003200EFFF2DE0100992
:10AA00000FF800C20862F254D31322F000400AF09B
:10AA100021E30B6E81F010888A2093881B5012F07E
:10AA20002FE6420806F039E0F348D84CF21C160035
:10AA300003F001F11C9937F01C5308040C6032E854
:10AA40008F200BE81BE8980403620200116E8988CE
:10AA50000804F763C320C2200BF03FE03AEE100475
:10AA6000F56116EE39E8488E39E8888E4220F248C2
:10AA7000D84CF11D160018DE32000BF035EB2ADE43
:10AA8000C110091C0511441103223200F1FF33E308
:10AA90007F4C100406621AD8EFFF25E24220056EB3
:10AAA0001AD8EFFF3BE10200F149D84CF21E170023
:10AAB00006003A000BF03BE932DEC12039DE11F02E
:10AAC0000B4041DE0111091C45118411C3203A00DD
:10AAD000F1FF2FE17F4C1004036221D8CE8822D8E9
:10AAE000EEFF3DEF3200F24AD84CF41C16001F0076
:10AAF0002009290932003B0002F025EE6FF804C856
:10AB00007FF905C8280400F400C2036002000D6E3E
:10AB1000C320122104F03BEF1004F961168E578E0A
:10AB200028F0028E29F0038EF448D84CF21C16004F
:10AB30001F000FF023EEDB05920704F080400500B4
:10AB400014115D11280400F400C207600500F4F739
:10AB5000007B5B131213066E04F0FF4045241211B4
:10AB60005B111804100603664220026E0200F248D0
:10AB7000D84CF51C11091A0991F005885208D14CDE
:10AB800016001F00480982F000E80B6091F006886B
:10AB900034003D00D14C1004046088F000E8F46FEC
:10ABA00081F000E8A1F000EE8AF000EE9FFA80C28A
:10ABB00003624220026E0200F548D84CF31C1F00CD
:10ABC0001600C32042210DF02FE3100986F000EE9D
:10ABD00087F0018E07F031E381F0028892C389C6C5
:10ABE0009256891281F0028E03F001F1369981F0BC
:10ABF000038E03F008F1369F4208F348D84CF21C4C
:10AC000016001F0030040860F28834F2D2D80460C5
:10AC10003200D3FF39E138040860FA8834F2D2D820
:10AC200004603A00CDFF23EC320003F039E2100457
:10AC300003620200026E4220F248D84C721C41248A
:10AC4000030004000F6E642048200B60245413009E
:10AC5000E3005D8EBC889C8E30EEB88E4B201C00CD
:10AC60005B202FF380C202F097E01E54150075019F
:10AC70002F007E2035E8E8631900F36F200402629C
:10AC800010EE7248D84CF11D0600412001F0408FB3
:10AC900003F002F10899FCFF3FED1004136030044B
:10ACA00011620FF0C1F7D86103F002F1039989E84E
:10ACB000C210D14C1004ED611AD8E2FF2FE2160049
:10ACC000E86FF149D84CF21D21002C0015E86824EA
:10ACD00009F089E00200186ED68835E8EF10F80414
:10ACE00003624220116EED1235EE18260462FBD984
:10ACF00023DE026E20DE0804F5612004F3610511F5
:10AD00000B00DAFF3BE9F249D84C030001F01E4189
:10AD1000C9E803605B20FB6F0100026E4920C80494
:10AD200002F095E004F01E4164E825E8A804F7630A
:10AD300022000F6E03F003F11C99026E9B88180429
:10AD4000076019E80CE8A004FA630A00026E02002A
:10AD5000D84CF11C160030040560B288925111C025
:10AD600003620200126E7189086032000DF039EF43
:10AD7000D1FF3DE71004F66131E809E83200D14C1B
:10AD80001004F0613200034EF148D84CF11C16005B
:10AD9000320011F03BE11004046231F03253056ED1
:10ADA00031F03353026E91210AE809609005FC638B
:10ADB00093890BEEEDFF29E94220056E02F0554024
:10ADC00011F021E0F148D84CF41C100926002F00A6
:10ADD0001A00E9F3FFB910F035E09388DB56DB5A2F
:10ADE000582511A81004116013E89FF300C20B62EC
:10ADF00053888FF300C207624D880C88A00570F558
:10AE000000C203609289EE6FF448D84CF11C1E001A
:10AE1000728831E88B88DB5019C00562B388FDFF6A
:10AE200023E6046EB388FDFF35E332E89388DB50F8
:10AE300019C0056211E809890300D14C3200EDFF09
:10AE40003FE4F148D84CF21C1700C32082210BF0DC
:10AE500027EF1600C3203A0009F03FE01004066215
:10AE60003200EDFF3BE30200086E05003C001300DA
:10AE7000320011F03BE03200F248D84CF41C1600CE
:10AE8000270069C603600871026E000955FBFF1FA9
:10AE900080F0012403628120026E01214D1B5FF3CB
:10AEA00009C04A080B000DF037E7100480F00124B8
:10AEB000036200F959D869F007EEF448D84CF11C48
:10AEC000160003003200E7FF27E8100403620200C7
:10AED0000E6EF288EDFF29E07288EDFF23E0B28864
:10AEE000ECFF3DEF3200ECFF37EF4220F148D84C49
:10AEF000100403601804036202001D6E9488E45677
:10AF0000E45A0C6060240F60A0241060E0241168F3
:10AF100020250F6AC12119EE0D6E5288D25191C3BE
:10AF200019EE086E412219EE056E812B19EE026EA4
:10AF300018EE4220D84CF21C2F0016003D003200C3
:10AF40000AF025E2100403620200126E3AE811F0E2
:10AF500027E010040C62319802F012F570790A8F24
:10AF60004A8F8A8F0221CA8F0A9E4A9E4220F24847
:10AF7000D84CF11D21002C0015E8682409F089E067
:10AF80000200166ED5882DE8ED1003624220106E87
:10AF900018DED5882EE8FFF353D69B112BEE08045C
:10AFA000F6612004F461C5100B00D9FF33E4F149C8
:10AFB000D84CF21C0400052103F0484102F0D66091
:10AFC000FBFF25E216F0404007F0D060040085202A
:10AFD00033003A00FBFF31E10400452033003A0022
:10AFE000FBFF25E1F248D84CF21C0400852003F059
:10AFF000484102F0D660FBFF2FE016F0B84007F0A2
:10B00000D0600400852033003A00FAFF3BEF0400D3
:10B01000452033003A00FAFF2FEFF248D84CF21CDB
:10B020000400452003F0484102F0D660FAFF39EEF3
:10B0300006F0B86007F0D0600400852033003A00C5
:10B04000FAFF25EE0400452033003A00FAFF39EDFF
:10B05000F248D84CF21C16001F00320010F02BE60C
:10B060000DF035EB1004076222F00440330007F0C6
:10B0700021E0086E91890360380404629288D0FF51
:10B080003DE6F248D84CF21D1700060020DE3A00DB
:10B0900008F03FEA32DE0111091C451184118322B8
:10B0A0003A00EEFF3DE27F4C1004036221D88E8807
:10B0B00022D8ECFF2BE13200F249D84CF41C1600E8
:10B0C0001F0001090009380400F600C214603900AD
:10B0D00009C00A60410800F192DE130034F212D96F
:10B0E0000EF037E6110D0BF6D2D83F503650BF1296
:10B0F0000875EA6F4A08F448D84CF21C2F00160075
:10B100003D00320009F021E41004036202000E6EDB
:10B110003AE810F023E210040862319842208A8F46
:10B12000CA8F32000CF02DEB4220F248D84CF31CB1
:10B130001E002F0010093D003300420808F027E9E7
:10B14000100403620200106E81F0088832E8C0FF2C
:10B1500022F000000562C9893AE8918E046E89895F
:10B160003AE8918E4220F348D84CF11C16007189C0
:10B170000A62812021EE738802F000602C0007F043
:10B180003DEF0C6E32000DF033E01004066032002B
:10B1900009F03DE24220026E0200F148D84CF11C59
:10B1A000160071890A62812021EE738802F0006026
:10B1B0002C0007F029EE0C6E32000CF03FEE10046C
:10B1C00006603200F5FF23E74220026E0200F148DC
:10B1D000D84CF41C1E001109270038F0FE52C32081
:10B1E0000221E0FF23E81004036202000F6E29F041
:10B1F00000EE568E978ED08E81F000E8046018F035
:10B200000320FB6F82F000EE4220F448D84CF41C7F
:10B210001E001109270038F01953C3200221E0FF56
:10B2200027E61004036202000F6E29F000EE568E2E
:10B23000978ED08E81F000E8046018F00320FB6F39
:10B2400082F000EE4220F448D84CF21C56893004BB
:10B25000176032000CF029EF1700380408603A003C
:10B260000FF02DE911E889893B00D14CF188DFFF0F
:10B2700011FFFF1F04F000F000F151C8F18EF248F9
:10B28000D84CF11D18DE20DE46200411C310C0FF8B
:10B290002DE51AD8066023D80460B6FF2DEC160001
:10B2A0001AD8EBFF3BE122D8EBFF35E13200F14940
:10B2B000D84CF11D102E1762C510042A832002F00D
:10B2C00054400DF039E4160030040B6019D80960C1
:10B2D00004F054400FF0C3F7606032000EF031E824
:10B2E0003200026E0200F149D84CF21C2E00170009
:10B2F00035003A0008F02FEF100408627B8802F056
:10B300000060340007F037E30A6E31E87A880AEE0D
:10B31000488E42208A8EC88E31EE4220F248D84CA8
:10B32000F21C2E00170035003A0008F039ED100429
:10B3300008627B8802F00060340007F021E20A6EA8
:10B3400031E87A880AEE488E42208A8EC88E31EE25
:10B350004220F248D84CF21C2E00170035003A006B
:10B3600008F023EC100408627B8802F000603400CF
:10B3700007F02BE00A6E31E87A880AEE488E422008
:10B380008A8EC88E31EE4220F248D84CF41C1E0042
:10B39000110927002809C3204221BA4E140003F0E6
:10B3A000026023EEC120618EA68EE78E48F0048EE7
:10B3B0003CF9D2C892C30CF031E54220F448D84C95
:10B3C000F41C1E00110927002809C3204221A04EA9
:10B3D000140003F0036023EEC120618EA68EE78E79
:10B3E00048F0048E3CF9D2C892C30CF03DE34220F1
:10B3F000F448D84CF41C1E00110927002809C3206A
:10B400004221864E140003F0046023EEC120618EB9
:10B41000A68EE78E48F0048E3CF9D2C892C30CF099
:10B4200029E24220F448D84CF41C1E0011092700E0
:10B430002809C32042216C4E140003F0056023EE5E
:10B44000C120618EA68EE78E48F0048E3CF9D2C8EA
:10B4500092C30CF035E04220F448D84C538912894D
:10B460005B05120704F08040050014115D112804EB
:10B4700000F400C207600500F4F7007B5B131213B1
:10B48000066E04F0FF40452412115B11C0048006D3
:10B4900003684220026E0200D84CD38992895B0572
:10B4A000120704F08040050014115D11280400F417
:10B4B00000C207600500F4F7007B5B131213066EF1
:10B4C00004F0FF40452412115B11C004800603689C
:10B4D0004220026E0200D84CF11C1600320003F02C
:10B4E00027EA10040F609388DB5019C003624320E1
:10B4F000026E832052891004096011E80989D14C39
:10B50000056E0233330004F029EBF148D84CF11CEE
:10B5100016003004056282210DF029E50F6ED82453
:10B52000036203F000413200DEFF3DED10040662CD
:10B53000022A330004F03BE9016EF148D84CF21DB9
:10B540001F001600C3200221E34F1400E08E718813
:10B5500021EEF188618EA78E718821DEF18829DEC7
:10B56000051103230221E1FF2FE4F249D84CF21C1C
:10B570002F0016003D00320007F02DE0100403629A
:10B5800002000D6E3AE80DF02FEE100407623198BC
:10B5900002F080408ABF4220CABF4220F248D84C05
:10B5A00021F7F81F03F010F2403C0462812019EEED
:10B5B000116E21F7801003F010F280240462412004
:10B5C00019EE086E21F7E01003F010F22024046257
:10B5D00018EE4220026E0200D84CC81D831002F003
:10B5E00017410AF021E11004126012D81BD819008B
:10B5F00013000200FFF701F365BE1900FFF701F326
:10B6000064BE4120FFF701F362BE4120C849D84C17
:10B61000C81C036E09F03FE803F001F1FB98FD63DD
:10B6200009F027EE03F001F1FB98F563412003F0E8
:10B6300001F1FB9E09F03FE7C848D84CC81C140034
:10B64000A288D256D25A21A850254A98D3521BC05C
:10B650000E62F7FF22FFFF1F01F000F000F252C858
:10B660004A9E050003000200E0FF2DECC848D84CBC
:10B67000F41C1809110926002F00C3204221484F4D
:10B68000812A11EEC120518E28F0028ED68E178F9E
:10B69000832A14004A080AF031EEF448D84CF41C0E
:10B6A0001809110926002F00C3204221314FC12A59
:10B6B00011EEC120518E28F0028ED68E178FC32A2C
:10B6C00014004A080AF023EDF448D84CF31C1F007C
:10B6D00016002009C32002211B4F140003F0016053
:10B6E00023EE8120618EA78E48F0038EF25192C323
:10B6F0000AF037EB4220F348D84CF41C1909160025
:10B7000027002809C3200221034F140026EE8120C0
:10B71000618EA78E48F0038E3CF9D2C892C33300E5
:10B720000AF027EAF448D84CF31C1F001600200941
:10B73000C3200221FEFF3BEE140003F00F6023EE56
:10B740008120618EA78E48F0038EF25192C30AF0D9
:10B7500039E84220F348D84CF31C1F00160020099A
:10B76000C3200221FEFF2BED140003F0106023EE36
:10B770008120618EA78E48F0038EF25192C30AF0A9
:10B7800029E74220F348D84C1804116021F7001033
:10B7900003F010F30024076021F7F01F03F010F00E
:10B7A000D03F03624220026E02000A6E21F70010B1
:10B7B00003F010F3002403624220026E0200D84C12
:10B7C000F11C0AF033E01600B288BBFF37E431F019
:10B7D00018530AE80A6090050360D121FB6FF289D3
:10B7E0000AEE3200E8FF39E7F148D84CF21C07F0C6
:10B7F0001041026E37003EE8116032897389F9FF0B
:10B800002FE91004F86331E839EE3289738902F0C8
:10B81000118F03F0128F3200026E0200F248D84CF2
:10B82000481D519809DE519888040362119809DE79
:10B8300041100BE80D600CD85C9E0BE81B221CE845
:10B84000A004036214981CEE09E80922F36F529ECB
:10B85000109E42204849D84CC81C9388DB56DB5ABE
:10B86000D121582509E8096001F029EC130022F0E4
:10B870000A4002F03DEF056E128902F039EC4220D9
:10B88000C848D84C481D519809DE51988804036275
:10B89000119809DE41100BE80D600CD85C9E0BE896
:10B8A0001B221CE8A004036214981CEE09E809227C
:10B8B000F36F529E109E42204849D84CF21C1E0045
:10B8C000230017002C00320003F03BE01004036259
:10B8D00002000A6E7989FD61F288D3509BC194C140
:10B8E0003A98DFFF2DECF248D84CF31C28F008887A
:10B8F00086F00888070081F01220C9E90B60488FA4
:10B90000888F088F8A88CA8E1004046033000BF079
:10B910002BEC7F203826F065F348D84CF21C16003B
:10B9200003F001F1029937F0025308040A62C320C0
:10B930008220FDFF3DEE3AEE508E39E80EEE066EA7
:10B940004A88F6614F201100FC6FF248D84CC81CA1
:10B9500001F00048FFF701F30EBF01F0004801F0CD
:10B96000C840FFF701F30EBF01F0C8400121FFF707
:10B9700001F300BF012142200CF02FE1C848D84C50
:10B98000F11C16001A002B0031E85288A58892C3DA
:10B99000B488D255D14C7188482409F08BE0F288E4
:10B9A000E7FF3DE93200E7FF37E9F148D84CF11CE9
:10B9B00006F017893004126032897389F8FF31EB81
:10B9C00010040C6231E801F0178F3289738902F09C
:10B9D000188F03F0198F3200026E0200F148D84C24
:10B9E000F21C060007F0904039E80D60BA2403F01D
:10B9F00002F12D9F7A21D14C3024056A01F0954047
:10BA000001F0088F76207F22B025EF6903F000F166
:10BA10002D9FF248D84CF31C170020091A0006F09D
:10BA2000006001F023E0F9FF2DE910040260060038
:10BA3000FA5191C3BAC3D2558A1233000FF800CE1F
:10BA4000F348D84CF21C03F007F13199BEC37620BD
:10BA500060F0FF2402644620320008F02FE7100453
:10BA6000F76371FF001FB2C3891203F001F1319F28
:10BA70003200F248D84CC81C9388DB56DB5A096266
:10BA800051985004036211980B60FEFF37EC086E6A
:10BA900051985004036211980360FEFF2BEF42207F
:10BAA000C848D84CF21C1E00230017002C0032009E
:10BAB00002F033E11004036202000B6E3998086053
:10BAC000F38832899BC392C69B56D2120A9E4220AB
:10BAD000F248D84C11E889C219EE11E8C0FF11F004
:10BAE000000020040360528822EE080408601AE86F
:10BAF0009025036442241AEE0A00066E1AE8102705
:10BB0000F2FFF5EFFA6FD84C00F03DCF00F036CFE2
:10BB100000F037CF00F038CF00F039CFD5FF2FE558
:10BB200000F439CF00F438CF00F437CF00F436CF2B
:10BB30002FF083ECF31C1F0016002009C320022104
:10BB4000FCFF2FEE413011EE8120518E978E28F0B0
:10BB5000038E43301400320008F02FE8F348D84C2D
:10BB6000C81C03F001F10799D14C03F001F10699CB
:10BB7000492003F001F1069F03F001F1ED98056201
:10BB800003F000F1ED9E056E492403F001F1ED9EF6
:10BB9000C848D84CF11C34F01953026ECC2021E86F
:10BBA0000F601FF280C2FB634D885805F863CA8896
:10BBB00022EE8E880A00E6FF27E93200026E0200BC
:10BBC000F148D84CC81C07F021E103F001F130998D
:10BBD0000C62412003F001F1309F03F001F126993E
:10BBE000492003F001F1269F06F02BEAC848D84C03
:10BBF0000300100416609288D35131F7000000F062
:10BC000010F2002405620EF0A1F393C80A6E31F71A
:10BC1000000002F010F2002404620AF05EF393C800
:10BC20001A00D84CC81C21F7000000F010F20024C4
:10BC300005620EF0A1F292C80A6E21F7000002F030
:10BC400010F2002404620AF05EF292C805F027E0C8
:10BC5000C848D84CF21C1F001600C320C22002F0B6
:10BC600039E010040E609120432413EE3004056285
:10BC700003F03241538E046E03F03541538E0FEEC4
:10BC8000F248D84CF11C1600320008F035E41004DC
:10BC900003600200096E3298D9FF33E41004FA61A0
:10BCA0003200A4FF2BEBF148D84CC81C51890A6222
:10BCB000812021EE538802F000602C0002F03FE565
:10BCC000086E07F037E6100403620200026E42209D
:10BCD000C848D84CF21C1F001600C320C220FCFF2D
:10BCE00031E1140003F00C6023EE4120618EA78E39
:10BCF000F25192C307F033EB4220F248D84CF21CC9
:10BD00001F001600C320C220FCFF27E0140003F030
:10BD10000D6023EE4120618EA78EF25192C307F091
:10BD200029EA4220F248D84CF11EDD50A9C319DEA1
:10BD30001D5029C121DE19C029DE34DED65192C33F
:10BD4000C510442123F04950B1C3D2558A123E4E4A
:10BD5000F14AD84CF21C16001F00320009F02BEEFD
:10BD600007F035E31004066222F004403300804EF1
:10BD7000026E978FF248D84CF11C5689300410603F
:10BD8000320007F03BE5100406600AF023E011E8FA
:10BD9000C989D14CF188DFFF11FFFF1FF18EF148F7
:10BDA000D84CF11D06F0C160C41003F018483200F1
:10BDB000F2FF3BEE1CD825D803F018483200F4FF00
:10BDC00027E221D80AC3F149D84CF11C16001A0009
:10BDD00023002C00F551A9C310F0FF24046209F0E0
:10BDE0003BEC056E02F04F403300424EF148D84C18
:10BDF000C81DC4108310C2200500CBFF3BE810040F
:10BE000005601BD812D8E04EF56F07F02FE3C84944
:10BE1000D84CF41C100987F000E8462001097FF98E
:10BE200000C202F097E04B084208DFFF23ED100448
:10BE3000026206000975F46F3200F448D84C03F032
:10BE400003F11799076E6420C920E027076433F0D7
:10BE50002D8818040B60040019000DE8ADC6A80475
:10BE6000F3638D88F1610A00026E0200D84CF41C65
:10BE700016001F0006F021E41009190905F02BEB4C
:10BE8000330044084D083A0006F027E5006EF448F8
:10BE9000D84CF41C1909100926002F00C3200222D7
:10BEA000FBFF2FE3F1D9091CFBD9321C44084D08D4
:10BEB000DDFF37E57D4CF448D84CF11C1600B28804
:10BEC00038F2D2D811C00460328902F027EAB28871
:10BED000525211C004603289E5FF25E04220F1484A
:10BEE000D84CF31C1F0016002009C3204220D9FFA4
:10BEF00037EF100403620200086EB18811EE82F081
:10BF000000EE412039EE4220F348D84CF21C1600D6
:10BF10002F00812221EE738802003C0001F03FE2F5
:10BF20001004076031983AE8C9B9918E4220026E38
:10BF30000200F248D84CC81C34F015514320C223EB
:10BF40000AF02FEC34F01551432002280AF023ECBC
:10BF5000C848D84CC81C0400052103F04C4102F02D
:10BF6000D660F3FF23E50400050013F0404002F023
:10BF7000D060F3FF33E4C848D84CC81C04008520C7
:10BF800003F04C4102F0D660F3FF3DE304000500EE
:10BF900013F0B84002F0D060F3FF2DE3C848D84C4E
:10BFA000C81C0400452003F04C4102F0D660F3FFAA
:10BFB00037E20400050003F0B86002F0D060F3FF40
:10BFC00027E2C848D84CF11C114303F002F1019953
:10BFD000FEF316F100201254B1E81A00D14C03F020
:10BFE00002F1019912549601718803F001F1019F49
:10BFF000F148D84C21F7000001F010F00024036252
:10C0000091C2036002000D6E31FFC01FFC6320046B
:10C01000046231F00040036E71F00040C9128A12D0
:10C02000D84CC81C1D002BE85B5540F000F351D8DC
:10C0300029EEE9880C2111E8528892C3032389C3B1
:10C04000D2558A1207F037EAC848D84CF11C03F0E1
:10C0500006F11B99762060F07F2409F087E04620E6
:10C06000320005F033EB1004F66303F006F11B9F7A
:10C070003200F148D84CF21C160030040362020072
:10C080000C6E3200D9FF21E31700380405603A0036
:10C09000330008F027E03A00F248D84CF11C04F0D5
:10C0A00029EA06F04989712001F0498F482005628C
:10C0B000F1F3FF7B01F0498F04F03BE33200F148DC
:10C0C000D84C21F7000001F010F00024036291C267
:10C0D000036002000D6E31FFC01FFC632004046288
:10C0E00031F00040036E71F00040C9128A12D84C42
:10C0F000F11C9388DB56DB5A1162169830040E60EF
:10C1000031E800F030CF0400452083F00840099862
:10C110003200D14C7F4C3698F26FF148D84CF11C6C
:10C120001600B288D256D25A1062369830040D608A
:10C1300031E800F030CF0400050083F00840099892
:10C140003200D14C7F4CF26FF148D84C11000D00F9
:10C150001900D00409F099E011006100E3002409FE
:10C16000054C5B2449241CE80CEE076E2409054CA1
:10C170000BE82BEE49206D20D84CF31C1F00160055
:10C180002009C320C220D8FF3FEA10040362020046
:10C19000076E17EE908E568E82F000EE4220F34826
:10C1A000D84CC81C0300020007F03FE244F0A1692C
:10C1B0004320822209F03BE803F000F1FB9EC848CF
:10C1C000D84C711C130002001CE80100080502F0A5
:10C1D0009DE04520DB884E20300502F087E02500F9
:10C1E0002C09044C5CE8A21249207148D84CF21C7E
:10C1F0001600320007F021EC1700320005F033EC96
:10C2000010040562F8FF00F000F757C83A00F24842
:10C21000D84CC81CFDFF31E010040B60918811FF61
:10C220007F1F49CB11FFDF1F918EF5FF29E9026EB9
:10C230004220C848D84C9388DB56DB5A11A85825B1
:10C240004A98125312C00B608A98902405620A899A
:10C2500012545220066E09894A20036E02F0814072
:10C26000D84CF11C2E00812221EE538802003400AC
:10C27000854F10040660412032E8918E4220026E04
:10C280000200F148D84CF31C1F001600C320822185
:10C2900001F025ED100905003C003300420806F0CE
:10C2A0002FEF4208F348D84CF11C03F006F1FE983A
:10C2B0000B60F18803F001F1FE9EB288E3FF21E1FB
:10C2C0003200E3FF3BE0F148D84CC81C01F04A893A
:10C2D0000E6003F001F12D990A600AE8925211C232
:10C2E000492000F192DE5224B9FF25ECC848D84C11
:10C2F0001804056203F001F13299046E03F001F1B4
:10C300003399080409600BE8180504624B88980407
:10C3100003608989F76F0A00D84CF21C1F001600D1
:10C320003B00320002F023EB100404607198880592
:10C3300003623200046EC805FD633A00F248D84C2F
:10C34000F11C1600812121EE738802002C00164F8B
:10C35000100403620200046E4120718F4220F148F4
:10C36000D84CF11C1600412121EE738802002C00EC
:10C37000054F100403620200046E4120718F4220B9
:10C38000F148D84CF11C1600412021EE73880200C0
:10C390002C00FEFF29EF100403620200046E41200E
:10C3A000718F4220F148D84CC81C51890A62812003
:10C3B00021EE538802F000602C00FEFF21EE036E98
:10C3C00003F039EEC848D84CF21C2E00FFD9FDFF0F
:10C3D00035E8100403620200086E7188C805046025
:10C3E000778E30EEB08E4220F248D84CF31C17986E
:10C3F000060078F00A20300D82F000E80560E2FFC8
:10C400003FE680F000EE76203027F465F348D84C04
:10C41000F11C1600020071894BC0046209C002625F
:10C42000F288E2FF3BE53200E2FF35E5F148D84C07
:10C43000C81C1004036202000C6E91C0046011213C
:10C4400092C08A0434F0155313F0FE7BB5FF27ED3C
:10C45000C848D84CC81C06F031E603F03BEB118904
:10C4600009E84825046202F0E843036E02F05842EE
:10C47000C848D84C9288D456E45AA0240E629B88AF
:10C48000DC56E45AA0240962D25011C0DA5012C01E
:10C49000880403624220026E0200D84CF21C1F0086
:10C4A0001600C320C220F8FF29E316EE578E03F0D2
:10C4B00001F13799918E03F002F1379FF248D84C81
:10C4C000F11C1600012121EE738802002C00FEFFF2
:10C4D0002DE5100403620200036E708F4220F148C4
:10C4E000D84CF21C26002F00C3204221F8FF23E184
:10C4F000100403620200056EC12231EE3AEE4220C2
:10C50000F248D84CF11C160032001B4F1004036295
:10C510000200056E320002F03BEB4220F148D84C9D
:10C52000F11C9A0096226FF080C20962C32002219A
:10C53000FDFF27EA32EE03620200026E4220F1485C
:10C54000D84CF11C16003200FEFF39EF10040362D4
:10C550000200056E3200F9FF35EC4220F148D84C5C
:10C56000F21C1E0023002C0017983200FCFF37EB52
:10C57000100403620200046EF188B9BF4220F24841
:10C58000D84CF21C1E0023002C0017983200FCFF30
:10C5900035EA100403620200046EF188F9BF4220FC
:10C5A000F248D84C538918C0016014889388528887
:10C5B000D2044DF202C05224D84C00F03DCFF34FCC
:10C5C00000F212C900F43DCFD84C03F001F1FE98FF
:10C5D0000E60898811EE03F001F1FE98498819EE8A
:10C5E00003F001F1FE9809E821EE026E10EED84C3E
:10C5F00003F001F10C9932F0845252E803F003F198
:10C600000D995B2403F003F10D9F492089C203F0CB
:10C6100001F10C9FD84CC81CFFF700F362BE02F07A
:10C620001741EEFF33E2FFF700F362BEF7FF2FED95
:10C63000C848D84CF21C16003200F7FF35E6170048
:10C64000380405603A00330005F031E23A00F24860
:10C65000D84C51C6056003F001F13399046E03F024
:10C6600001F13299080407608B88DB51980403605C
:10C670008989F96F0A00D84CC81C19E8882F08620C
:10C680009288D35102F06C40FBFF27EF056E4C20DF
:10C690001CEECB005A8EC848D84CF11C2E00350039
:10C6A000F1FF21E6100403620200066E01F08040F3
:10C6B00032E8D18E4220F148D84CF11C2E003500D2
:10C6C000F1FF21E5100403620200066E01F08040D4
:10C6D00032E8D18E4220F148D84C538918C001600D
:10C6E0001488938852889A0444F202C0D84C00F00F
:10C6F0003DCFF44F00F212C900F43DCFD84CF21CEC
:10C700001E002700FAFF21E9100403620200066EF2
:10C7100011E83C0049983300D14CF248D84CF11C48
:10C720001600B1894A24B38803620200056EBC4E2C
:10C730005220329E4220F148D84CC81D0411C3102B
:10C740008210444F03F002F1FF98F8FF33EEC8491E
:10C75000D84C010003F003F1189918040A60100482
:10C7600005601C894FF280C202624920DB89F66FA6
:10C770000A00D84C03F001F11C99026E8988080464
:10C7800009600CE824E8A004FA63498819EE422005
:10C79000026E0200D84CF11C1E005188C9C108600D
:10C7A0000400052802F037E916EE4220026E02006E
:10C7B000F148D84C0200432003F0428F03F003F10C
:10C7C0002699076203F320B802F320BE03F320BECC
:10C7D00000F0428FD84CC81C11004A8910040B602D
:10C7E0008B88DB5019C003624320026E832011E85E
:10C7F0000989D14CC848D84CC81CD38834F3D3D845
:10C8000003620200056EF9FF2BEFF1FF23E5C84834
:10C81000D84CC81C31F03753026E99200BE80760E2
:10C820009804FC6393880BEEE0FF35E5C848D84CCC
:10C830000100C8040D661C090B4C0FF0C3F75140F2
:10C840005BE8DC51DB55E3129BC653EE4920D84C24
:10C8500003F001F11C99026E8988080408600CE855
:10C8600024E8A004FA634B8E4220026E0200D84CEA
:10C87000F11C0600FCFF2FE210040360834E16003B
:10C880003200F148D84C9488E456E45A0B629C88F4
:10C89000E456E45A076251985A9888040362422089
:10C8A000026E0200D84C34F314D9FFF451D68C1028
:10C8B00024509C4CC44C2454E11A5104C804026412
:10C8C00064202200D84CC81C190023002C0000F062
:10C8D00051E015980A00FDFF33E77F4CC848D84C5B
:10C8E000C81C190023002C0000F030CF15980A0056
:10C8F000FDFF39E67F4CC848D84CC81C03F001F155
:10C900000C9920F151C603F001F10D9F03F001F1E4
:10C910000E99D14CC848D84CC81C5188C9C1076071
:10C920000400052801F037ED12E8026E0200C84845
:10C93000D84C02F0448900F006F025E1522402F0C0
:10C94000448F01FDC0CD422002F341BED84CF11C02
:10C95000160004F002F00040D8FF27E404F033E2B0
:10C96000F148D84C03F001F13699080409600BE84E
:10C97000980406604B8898040360C988F76F0A0022
:10C98000D84CC81C51C603604320026E03000FF050
:10C99000C4F75761FCFF3DEAC848D84C34F314D9BA
:10C9A000FFF451D68C1024509C4CC44C2454E11AF2
:10C9B0005204D0040264D204D84C00F03DCF100AD7
:10C9C00021F030C093C022F01C00525084080FF0B8
:10C9D000E5EEC81C89F05DE400F052E0B6FF39EFE7
:10C9E0007E4CC848D84C00F341BE00000000000057
:10C9F00000F341B8F96302F04489522002F0448FF9
:10CA0000D84CF11C1E0011E8086053890A00D34C71
:10CA1000328E738E4220026E0200F148D84C1EF313
:10CA200040E000F043E4200AEEFF3DE500F063E45F
:10CA30001EF360E0D84CC81C18040460EEFF25EA21
:10CA4000036EF8FF35E1C848D84C11E8C80405600A
:10CA5000518803609220FA6F100403605288026EBE
:10CA60000200D84CC81C1900291C432025000C00CA
:10CA7000EBFF25E47F4CC848D84CC81C1900291C82
:10CA8000030025000C00EBFF2FE37F4CC848D84C77
:10CA9000129810040A60508E10EE908ED08E010015
:10CAA00007F0F1F7FF7B119ED84CC81C1C00618871
:10CAB0008B20D25192C3F8FF33E24220C848D84CB1
:10CAC0004120C80402F093E059240C09054C1004DD
:10CAD000026012E800005288D84C03F000F1119F68
:10CAE00003F000F1129F03F000F1139F03F000F137
:10CAF000149FD84CFFF702F360B8FFF701F361B859
:10CB00000FF0FEFF60F290C2F6630B00D84CC81C19
:10CB100003F037E0604E1189CA88C848D84CC81C59
:10CB200003F027E0584E11890A89C848D84C03F011
:10CB300002F394BF03F004F395BF03F005F396BF2F
:10CB400003F003F393BFD84C03F001F136990804C6
:10CB500007608B889B5298040360C988F96F0A00AC
:10CB6000D84CC81CF8FF21E610040360F3FF3FE631
:10CB7000C848D84CC81CF8FF2FE510040360F8FF24
:10CB80003BEFC848D84CF11C1E00F8FF27E33300E8
:10CB9000EDFF35E8F148D84CC81C812021EE5388C0
:10CBA00002002C00FAFF37EEC848D84C00F03DCF09
:10CBB0001409054C31F030C0B5F030C00FF0F7EA81
:10CBC000C81D13DE8510442023F0484BF8FF3FEFCB
:10CBD000C849D84C03F001F11899080406604B8845
:10CBE00098040360C989FA6F0A00D84CC81C291C34
:10CBF00000F030CF0500DDFF3BE57E4CC848D84C47
:10CC0000C81C00F030CF00F054E0B5FF2BEE7E4C96
:10CC1000C848D84CC81C00F030CF00F055E0B5FF34
:10CC200037ED7E4CC848D84CC81C00F030CF00F01F
:10CC300056E0B5FF23ED7E4CC848D84C03F001F117
:10CC40003799080406600BE8980403608988FA6F36
:10CC50000A00D84CC81C1400432005000200D5FF70
:10CC600037ECC848D84CC81D10DE1ADE85104220AB
:10CC7000D5FF25ECC849D84CC81C0FF0C1F7196284
:10CC800003F002F1019989E8D14CC848D84CC81C7E
:10CC9000C321C22005000400D5FF3DEAC848D84C96
:10CCA000C81C8320C22005000400D5FF2BEAC84819
:10CCB000D84CC81C100403620200036EFBFF35EB66
:10CCC000C848D84C118949890AE8D00405604A88C7
:10CCD00003608920FA6F4A88D84CF11C1600320094
:10CCE000EBFF31ED31218A00F148D84CC81CF7FF29
:10CCF00023E8EEFF21ECC848D84CC81CF7FF35E705
:10CD0000F1FF27ECC848D84C518903600200076E38
:10CD10001804F4FFFBEF5824FA6B4220D84C10049F
:10CD200006605189046218EE0200036E02F0006092
:10CD3000D84C1B549A0011E80362518803604220CA
:10CD4000026E0200D84C03F000F10F9F03F000F1D7
:10CD5000109F03F000F1119FD84CC81C00F030CF99
:10CD6000CAFF2DEC7F4CC848D84CC81C00F051E0DD
:10CD7000CAFF3DEB7F4CC848D84C13E899C69B527C
:10CD80005B249BC39B56CB1213EE9A52D84C21F7CF
:10CD9000000001F010F2002403624220026E020043
:10CDA000D84C21F7000003F010F200240362422067
:10CDB000026E0200D84C05280400100550F300C292
:10CDC00003624220026E0200D84CC81C02F06E4082
:10CDD0000300F8FF3DE4C848D84CC81C03F000F13C
:10CDE0001D9FF6FF23EFC848D84C1004056203F0DE
:10CDF00002F13299046E03F002F13399D84C5122BA
:10CE00000CE803602122FD6F0BEE5198599E4220E1
:10CE1000D84C10040760928892521CF01EF292C8FF
:10CE2000026E0200D84CC81C1CF01EF292C8FEFF15
:10CE30003BE8C848D84CC81C9288D251CCFF27E2A6
:10CE40004220C848D84C51220CE803602122FD6FD3
:10CE50000BEE5198599E4220D84C2FF380C202F01D
:10CE60008DE09188C9E88A88026E0200D84C11E8EA
:10CE70004424080503600A00FB6F13EE412419EEF9
:10CE8000D84CC81D8110091CDCFF25E87F4CC8491F
:10CE9000D84C21E8080403620200046E8B8E4A8E8F
:10CEA0004220D84C1189D388C9040824036A928887
:10CEB00051000A00D84CD1881389C9040824036A98
:10CEC000928851000A00D84C13895B541D00538886
:10CED00004001288EB00A202D84CD3885B541D00DA
:10CEE000538804001288EB00A202D84CD188590064
:10CEF000D18E9388C8040364C904D18ED84C11899B
:10CF00005900118F9388C8040364C904118FD84C49
:10CF1000C81C23F04342F7FF35E5C848D84CC81C6D
:10CF200023F04548F7FF27E5C848D84CC81C23F034
:10CF30004748F7FF39E4C848D84C00F034CF54894B
:10CF400020C00160538E00F434CFD84C00F034CFB1
:10CF5000548920C00160938E00F434CFD84CC81C93
:10CF600013004228F7FF2BE8C848D84CC81C130010
:10CF70000229F7FF3DE7C848D84CC81C9288D25117
:10CF8000F0FF35E6C848D84C51B8FFF151D602F34E
:10CF90001AB9891001F31ABFD84CC81CE0FF3FE052
:10CFA0004220C848D84C03F003F1FA9E03F004F184
:10CFB000F99E4220D84CC81C0400F54EC848D84CF5
:10CFC000C81C0300F7FF2BE5C848D84C10040560C7
:10CFD0009288D25012C0026E0200D84C92C3D25531
:10CFE0009BC1DB549A12A1C18A12D84C11002409AA
:10CFF000054C1CE80CEE5B204920D84CC81CF3FF04
:10D000003FE1C848D84C03F002F1FC9E03F003F165
:10D01000FD9ED84CC81CCD4EC848D84C538918C06A
:10D020000160D48813885288D84C538918C0016095
:10D03000D48813889288D84C01F04089046241203A
:10D0400001F0408FD84CC81CE1FF25E8C848D84CF7
:10D05000C81CECFF3BEEC848D84CC81CDCFF21E4E0
:10D06000C848D84CC81C9188538812E8D14CC8488D
:10D07000D84CC81CFBFF21EAC848D84CC81CE1FFAB
:10D080002BECC848D84C00F03DCF546ED38E938E15
:10D09000538E148E558FD84C11001C09034C08EE8A
:10D0A0004920D84C03F003F1FA9E4220D84C481C8A
:10D0B000EB0013EF4848D84C422480F000F0D0C871
:10D0C000006E918812898A04D84C9188D2888A048B
:10D0D000D84C02F029E414EE538E958ED84C03F010
:10D0E00002F1FB98D84C03F000F1FB9ED84C03F002
:10D0F00002F10699D84C03F002F10D99D84C5288F0
:10D10000D25192C3D84C5288D25092C1D84CD08EB2
:10D11000108FD84C02F04089D84C72F0FF7BD84C6D
:10D1200072F0FF7BD84C525112C3D84C02F0418FA1
:10D13000D84C00F43DCFD84C0FF282CDD84C538957
:10D140001289D84C53891289D84CD3899289D84CEA
:10D15000822AD84C5288D84C9288D84C12E8D84CA5
:10D16000D288D84C5288D84C9288D84C4220D84C7F
:10D170004220D84C92C2D84C4220D84C4220D84CA5
:10D180004220D84C4220D84C538ED84C12E8D84C70
:10D190004220D84CD84CD84CD84CD84CD84CD84C31
:10D1A000D84CD84CD84CD84CD84CD84CD84CD84C5F
:10D1B000D84CD84CD84C00000000D0F300002BD144
:10D1C000000000FD03C6F0E109003BD13F00022052
:10D1D0004B00B0DD01002BD1000000FDCDC4F0E11B
:10D1E0000D003BD13F0002204700B0DD00002BD1F5
:10D1F000000000FD45CFF0E1000040F30000A6F381
:10D200002F0000503F00C05001002BD1000000FD56
:10D2100053CFF0E1000040F30000C6F32F00405070
:10D220003F00E05002002BD13F0002E40C0010DD73
:10D2300003002BD13F0002E4090010DD04002BD1D4
:10D24000070010DD0900CBD10300F0E50021000349
:10D25000A1000003000050511100F0DD0B002BD1A4
:10D260002F0010502F00505008002BD12F00D0500D
:10D270002F00F05007002BD1000020F30000B6F380
:10D28000000020F30000D6F304000BD1030000DD02
:10D290002100F0E10200F0DD5C00F0E15F002044DD
:10D2A0000B002BD50000F0510000D051000000F31E
:10D2B000000000F30000B6F30000D6F300002BD10D
:10D2C0000F003044000000FD63CEF0E10000C051CB
:10D2D000000000F30000A6F301002BD14F00304402
:10D2E000000000FD75CEF0E10000E051000000F309
:10D2F0000000C6F3000020010400F0DD2F0020E450
:10D300000200F0DDAF0020E40A002BD5000000FD94
:10D310005BD0F0DD0000D0F305FE2009000020F313
:10D3200005FE00194700F0E14F0170193F0077E456
:10D330000C001BD10F005BD10E004BD1020040DD71
:10D340005000F0E1900048474E00F0E120004867AF
:10D350005F0031947F0000FDFFFFA56500002A9764
:10D360000000230300004803A10059038600444441
:10D370007F0000FDFFFF55817F000420F1FFB0DD3D
:10D38000000047233F0044E40E004BD50F005BD55F
:10D390000F0047007F0007680600D0E10C001BD596
:10D3A000000024F305FE2019000000FD5BD0F0DD35
:10D3B0000100AA790300A0DD0021A95FA5000003F8
:10D3C0004F000768040000DD2C00B87E9400BB5CB1
:10D3D000F8FFF0DD1100CBD10F0015582F000B6CBA
:10D3E0000200D0DD0025C867BF00635C392411222C
:10D3F0000200F0E5392423AE0000169F2C00B87E11
:10D400009400BB5C0F000DDC0000D0F30D00F0E1D8
:10D410000E004BD1E7FFF0E1910048037F000420AC
:10D42000FDFFB0DD000047230E004BD53F0047E471
:10D430007F000768DFFFB0E1000000FD5BD0F0DD9A
:10D4400000007051010080510000A05110002BD14C
:10D450002F00B0502F00205002002BD10F0062008F
:10D460002F00905004009BD103008BD109007BD189
:10D470000000729B05002BD12F0030500F000DDCF7
:10D480004F01042900000DDC4F014019C9FFF0DDF8
:10D49000422002F34ABE02F0044202F34EBEC22A08
:10D4A00002F34BBE02F0194202F342BE422002F3E5
:10D4B00040BE02F341BE02F343BE432003F344BE29
:10D4C00040FE5EC8D84C5FFE92E85FFEA7EC00F01D
:10D4D0003DCF00F037CF1500FAFF2FE854F0E48E6F
:10D4E0005B241B54C229A804036C5B202D2E37F348
:10D4F0004AB800F592DEBF1237F34ABEFAFF37E1B1
:10D5000000F437CFFFFFAFE8EEF77F1F02F308B854
:10D510000BF0E3400BF307BE0BF0C4400BF306BE69
:10D520000BF308BE00F032CF02F309B800F04189D6
:10D53000F1FFBDE41FF040CEFE6F22F03F4202F348
:10D5400007BE22F0004002F306BE02F308BE02F35B
:10D550000ABE422002F315BED84CEEF77F1F00F042
:10D56000418904606A08FFFFF9E31FF040CEFE6FB7
:10D57000EEF77F1F00F041890360FFFFD1E01FF04D
:10D5800040CEFE6F0000010001000000D84C0000FA
:10D5900004000000020000004E0100000000000036
:10D5A000000000000000000000000000000000007B
:10D5B000000000000000000000000000000000006B
:10D5C000000000000000000000000000000000005B
:10D5D000000000000000000000000000000000004B
:10D5E000000000000000000000000000000000003B
:10D5F000000000000000000000000000000000002B
:10D60000000000000000000000000000000000001A
:10D61000000000000000000000000000000000000A
:10D6200000000000000000000000000000000000FA
:10D6300000000000000000000000000000000000EA
:10D6400000000000000000000000000000000000DA
:10D6500000000000000000000000000000000000CA
:10D6600000000000000000000000000000000000BA
:10D6700000000000000000000000000000000000AA
:10D68000000000000000000000000000000000009A
:10D69000000000000000000000000000000000008A
:10D6A000000000000000000000000000000000007A
:10D6B000000000000000000000000000000000006A
:10D6C000000000000000000000000000000000005A
:10D6D000000000000000000000000000000000004A
:10D6E0000000000000000000000000000400000036
:10D6F00030000000300000009469000006000000C7
:10D7000038000000380000000C6800000C00000029
:10D710003800000038000000A4600000180000007D
:10D720002000000020000000845D000030000000A8
:10D730001400000014000000B05900004000000078
:10D74000080000000800000004660000500000000F
:10D7500008000000080000007C63000004000000D6
:10D760001400000014000000C24EFF00060000007C
:10D770001400000014000000364EFF000C000000F2
:10D7800014000000140000002E4CFF0018000000E0
:10D7900010000000100000005A49FF003000000097
:10D7A0000A0000000A0000007047FF00400000006F
:10D7B0000400000004000000324DFF005000000093
:10D7C0000400000004000000EA4AFF00000000001E
:10D7D0000000000047060000EF950000276B0000E6
:10D7E0000100000000000000000000000000000038
:10D7F0000100000000000000BDD000002D6B000003
:10D80000286B000001000000000000000000000084
:10D810000000000002000000000000003DCF0000FA
:10D82000F9100000296B000001000000000000005A
:10D8300000000000000000000300000000000000E5
:10D84000BFD0000019BD00002A6B000001000000DD
:10D8500000000000000000000000000004000000C4
:10D8600000000000D1D00000B15700002B6B000079
:10D8700001000000000000000000000000000000A7
:10D880000500000000000000D5D00000DD9A000077
:10D890002C6B0000010000000000000000000000F0
:10D8A0000000000000000000000000000000000078
:10D8B0000000000000000000000000000000000068
:10D8C0000000000000000000000000000000000058
:10D8D0000000000000000000000000000000000048
:10D8E0000000000000000000000000000000000038
:10D8F0000000000000000000000000000000000028
:10D900000000000000000000000000000000000017
:10D910000000000000000000000000000000000007
:10D92000000000003FC5000083D4000083D4000045
:10D9300083D4000083D4000083D4000083D400008B
:10D9400083D4000083D4000099D4000083D4000065
:10D9500083D4000083D4000083D4000083D400006B
:10D9600083D4000083D4000083D4000083D400005B
:10D9700083D4000083D4000083D4000083D400004B
:10D9800083D4000085A7000091A7000083D4000085
:10D990008BA7000097A7000083D4000083D4000069
:10D9A00083D40000000040000000000077C80000A1
:10D9B0000000000000000000000000000000000067
:10D9C0000000000000000000000000000000000057
:10D9D0000000000000000000000000000000000047
:10D9E00015B700006DD0000073D00000C3B3000075
:10D9F000000000000000000000000000D7B8000098
:10DA000067D0000067D0000085B300009C91FF0044
:10DA1000B091FF00C491FF00A691FF00000000003C
:10DA2000E810000000000000200F000000000000CF
:10DA3000000000002C100000000000009410000006
:10DA4000480600000000000000000000B80F0000C1
:10DA500000000000000000000C000000F0100000BA
:10DA6000B4100000840E0000F4100000D410000078
:10DA7000E40D0000AF4E0000AFCF0000000000003A
:10DA80000000000000000000000000000000000096
:10DA90000000000001000000000000000000000085
:10DAA0000000000000000000000000000100000075
:10DAB0000100000001000000010000000100000062
:10DAC0000000000000000000000000000000000056
:10DAD00000000000004000003A2B000000000000A1
:10DAE0000000000000000000000000000000000036
:10DAF0000000000000000000000000000000000026
:10DB00000000000000000000000000000000000015
:10DB10000000000000000000000000000000000005
:10DB200000000000000000000000000000000000F5
:10DB300000000000000000000000000000000000E5
:10DB400000000000000000000000000000000000D5
:10DB500000000000000000000000000000000000C5
:10DB600000000000000000000000000000000000B5
:10DB700000000000000000000000000000000000A5
:10DB80000000000000000000000000000000000095
:10DB90000000000000000000000000000000000085
:10DBA0000000000000000000000000000000000075
:10DBB0000000000000000000000000000000000065
:10DBC0000000000000000000000000000000000055
:10DBD0000000000000000000000000000000000045
:10DBE0000000000000000000000000000000000035
:10DBF0000000000000000000000000000000000025
:10DC00000000000000000000000000000000000014
:10DC10000000000000000000000000000000000004
:10DC200000000000000000000000000000000000F4
:10DC300000000000000000000000000000000000E4
:10DC400000000000000000000000000000000000D4
:10DC500000000000000000000000000000000000C4
:10DC600000000000000000000000000000000000B4
:10DC700000000000000000000000000000000000A4
:10DC80000000000000000000000000000000000094
:10DC90000000000000000000000000000000000084
:10DCA0000000000000000000000000000000000074
:10DCB0000000000000000000000000000000000064
:10DCC0000000000000000000000000000000000054
:10DCD0000000000000000000000000000000000044
:10DCE0000000000000000000000000000000000034
:10DCF0000000000000000000000000000000000024
:10DD00000000000000000000000000000000000013
:10DD10000000000000000000000000000000000003
:10DD200000000000000000000000000000000000F3
:10DD300000000000000000000000000000000000E3
:10DD400000000000000000000000000000000000D3
:10DD500000000000000000000000000000000000C3
:10DD600000000000000000000000000000000000B3
:10DD700000000000000000000000000000000000A3
:10DD80000000000000000000000000000000000093
:10DD90000000000000000000000000000000000083
:10DDA0000000000000000000000000000000000073
:10DDB0000000000000000000000000000000000063
:10DDC0000000000000000000000000000000000053
:10DDD0000000000000000000000000000000000043
:10DDE0000000000000000000000000000000000033
:10DDF0000000000000000000000000000000000023
:10DE00000000000000000000000000000000000012
:10DE10000000000000000000000000000000000002
:10DE200000000000000000000000000000000000F2
:10DE300000000000000000000000000000000000E2
:10DE400000000000000000000000000000000000D2
:10DE500000000000000000000000000000000000C2
:10DE600000000000000000000000000000000000B2
:10DE700000000000000000000000000000000000A2
:10DE80000000000000000000000000000000000092
:10DE90000000000000000000000000000000000082
:10DEA0000000000000000000000000000000000072
:10DEB0000000000000000000000000000000000062
:10DEC0000000000000000000000000000000000052
:10DED0000000000000000000000000000000000042
:10DEE0000000000000000000000000000000000032
:10DEF0000000000000000000000000000000000022
:10DF00000000000000000000000000000000000011
:10DF10000000000000000000000000000000000001
:10DF200000000000000000000000000000000000F1
:10DF300000000000000000000000000000000000E1
:10DF400000000000000000000000000000000000D1
:10DF500000000000000000000000000000000000C1
:10DF600000000000000000000000000000000000B1
:10DF700000000000000000000000000000000000A1
:10DF80000000000000000000000000000000000091
:10DF90000000000000000000000000000000000081
:10DFA0000000000000000000000000000000000071
:10DFB0000000000000000000000000000000000061
:10DFC0000000000000000000000000000000000051
:10DFD0000000000000000000000000000000000041
:10DFE0000000000000000000000000000000000031
:10DFF0000000000000000000000000000000000021
:10E000000000000000000000000000000000000010
:10E010000000000000000000000000000000000000
:10E0200000000000000000000000000000000000F0
:10E0300000000000000000000000000000000000E0
:10E0400000000000000000000000000000000000D0
:10E0500000000000000000000000000000000000C0
:10E0600000000000000000000000000000000000B0
:10E0700000000000000000000000000000000000A0
:10E080000000000000000000000000000000000090
:10E090000000000000000000000000000000000080
:10E0A0000000000000000000000000000000000070
:10E0B0000000000000000000000000000000000060
:10E0C0000000000000000000000000000000000050
:10E0D0000000000000000000000000000000000040
:10E0E0000000000000000000000000000000000030
:10E0F0000000000000000000000000000000000020
:10E10000000000000000000000000000000000000F
:10E1100000000000000000000000000000000000FF
:10E1200000000000000000000000000000000000EF
:10E1300000000000000000000000000000000000DF
:10E1400000000000000000000000000000000000CF
:10E1500000000000000000000000000000000000BF
:10E1600000000000000000000000000000000000AF
:10E17000000000000000000000000000000000009F
:10E18000000000000000000000000000000000008F
:10E19000000000000000000000000000000000007F
:10E1A000000000000000000000000000000000006F
:10E1B000000000000000000000000000000000005F
:10E1C000000000000000000000000000000000004F
:10E1D000000000000000000000000000000000003F
:10E1E000000000000000000000000000000000002F
:10E1F000000000000000000000000000000000001F
:10E20000000000000000000000000000000000000E
:10E2100000000000000000000000000000000000FE
:10E2200000000000000000000000000000000000EE
:10E2300000000000000000000000000000000000DE
:10E2400000000000000000000000000000000000CE
:10E2500000000000000000000000000000000000BE
:10E2600000000000000000000000000000000000AE
:10E27000000000000000000000000000000000009E
:10E28000000000000000000000000000000000008E
:10E29000000000000000000000000000000000007E
:10E2A000000000000000000000000000000000006E
:10E2B000000000000000000000000000000000005E
:10E2C000000000000000000000000000000000004E
:10E2D000000000000000000000000000000000003E
:10E2E000000000000000000000000000000000002E
:10E2F000000000000000000000000000000000001E
:10E30000000000000000000000000000000000000D
:10E3100000000000000000000000000000000000FD
:10E3200000000000000000000000000000000000ED
:10E3300000000000000000000000000000000000DD
:10E3400000000000000000000000000000000000CD
:10E3500000000000000000000000000000000000BD
:10E3600000000000000000000000000000000000AD
:10E37000000000000000000000000000000000009D
:10E38000000000000000000000000000000000008D
:10E39000000000000000000000000000000000007D
:10E3A000000000000000000000000000000000006D
:10E3B000000000000000000000000000000000005D
:10E3C000000000000000000000000000000000004D
:10E3D000000000000000000000000000000000003D
:10E3E000000000000000000000000000000000002D
:10E3F000000000000000000000000000000000001D
:10E40000000000000000000000000000000000000C
:10E4100000000000000000000000000000000000FC
:10E4200000000000000000000000000000000000EC
:10E4300000000000000000000000000000000000DC
:10E4400000000000000000000000000000000000CC
:10E4500000000000000000000000000000000000BC
:10E4600000000000000000000000000000000000AC
:10E47000000000000000000000000000000000009C
:10E48000000000000000000000000000000000008C
:10E49000000000000000000000000000000000007C
:10E4A000000000000000000000000000000000006C
:10E4B000000000000000000000000000000000005C
:10E4C000000000000000000000000000000000004C
:10E4D000000000000000000000000000000000003C
:10E4E000000000000000000000000000000000002C
:10E4F000000000000000000000000000000000001C
:10E50000000000000000000000000000000000000B
:10E5100000000000000000000000000000000000FB
:10E5200000000000000000000000000000000000EB
:10E5300000000000000000000000000000000000DB
:10E5400000000000000000000000000000000000CB
:10E5500000000000000000000000000000000000BB
:10E5600000000000000000000000000000000000AB
:10E57000000000000000000000000000000000009B
:10E58000000000000000000000000000000000008B
:10E59000000000000000000000000000000000007B
:10E5A000000000000000000000000000000000006B
:10E5B000000000000000000000000000000000005B
:10E5C000000000000000000000000000000000004B
:10E5D000000000000000000000000000000000003B
:10E5E000000000000000000000000000000000002B
:10E5F000000000000000000000000000000000001B
:10E60000000000000000000000000000000000000A
:10E6100000000000000000000000000000000000FA
:10E6200000000000000000000000000000000000EA
:10E6300000000000000000000000000000000000DA
:10E6400000000000000000000000000000000000CA
:10E6500000000000000000000000000000000000BA
:10E6600000000000000000000000000000000000AA
:10E67000000000000000000000000000000000009A
:10E68000000000000000000000000000000000008A
:10E69000000000000000000000000000000000007A
:10E6A000000000000000000000000000000000006A
:10E6B000000000000000000000000000000000005A
:10E6C000000000000000000000000000000000004A
:10E6D000000000000000000000000000000000003A
:10E6E000000000000000000000000000000000002A
:10E6F000000000000000000000000000000000001A
:10E700000000000000000000000000000000000009
:10E7100000000000000000000000000000000000F9
:10E7200000000000000000000000000000000000E9
:10E7300000000000000000000000000000000000D9
:10E7400000000000000000000000000000000000C9
:10E7500000000000000000000000000000000000B9
:10E7600000000000000000000000000000000000A9
:10E770000000000000000000000000000000000099
:10E780000000000000000000000000000000000089
:10E790000000000000000000000000000000000079
:10E7A0000000000000000000000000000000000069
:10E7B0000000000000000000000000000000000059
:10E7C0000000000000000000000000000000000049
:10E7D0000000000000000000000000000000000039
:10E7E0000000000000000000000000000000000029
:10E7F0000000000000000000000000000000000019
:10E800000000000000000000000000000000000008
:10E8100000000000000000000000000000000000F8
:10E8200000000000000000000000000000000000E8
:10E8300000000000000000000000000000000000D8
:10E8400000000000000000000000000000000000C8
:10E8500000000000000000000000000000000000B8
:10E8600000000000000000000000000000000000A8
:10E870000000000000000000000000000000000098
:10E880000000000000000000000000000000000088
:10E890000000000000000000000000000000000078
:10E8A0000000000000000000000000000000000068
:10E8B0000000000000000000000000000000000058
:10E8C0000000000000000000000000000000000048
:10E8D0000000000000000000000000000000000038
:10E8E0000000000000000000000000000000000028
:10E8F0000000000000000000000000000000000018
:10E900000000000000000000000000000000000007
:10E9100000000000000000000000000000000000F7
:10E9200000000000000000000000000000000000E7
:10E9300000000000000000000000000000000000D7
:10E9400000000000000000000000000000000000C7
:10E9500000000000000000000000000000000000B7
:10E9600000000000000000000000000000000000A7
:10E970000000000000000000000000000000000097
:10E980000000000000000000000000000000000087
:10E990000000000000000000000000000000000077
:10E9A0000000000000000000000000000000000067
:10E9B0000000000000000000000000000000000057
:10E9C0000000000000000000000000000000000047
:10E9D0000000000000000000000000000000000037
:10E9E0000000000000000000000000000000000027
:10E9F0000000000000000000000000000000000017
:10EA00000000000000000000000000000000000006
:10EA100000000000000000000000000000000000F6
:10EA200000000000000000000000000000000000E6
:10EA300000000000000000000000000000000000D6
:10EA400000000000000000000000000000000000C6
:10EA500000000000000000000000000000000000B6
:10EA600000000000000000000000000000000000A6
:10EA70000000000000000000000000000000000096
:10EA80000000000000000000000000000000000086
:10EA90000000000000000000000000000000000076
:10EAA0000000000000000000000000000000000066
:10EAB0000000000000000000000000000000000056
:10EAC0000000000000000000000000000000000046
:10EAD0000000000000000000000000000000000036
:10EAE0000000000000000000000000000000000026
:10EAF0000000000000000000000000000000000016
:10EB00000000000000000000000000000000000005
:10EB100000000000000000000000000000000000F5
:10EB200000000000000000000000000000000000E5
:10EB300000000000000000000000000000000000D5
:10EB400000000000000000000000000000000000C5
:10EB500000000000000000000000000000000000B5
:10EB600000000000000000000000000000000000A5
:10EB70000000000000000000000000000000000095
:10EB80000000000000000000000000000000000085
:10EB90000000000000000000000000000000000075
:10EBA0000000000000000000000000000000000065
:10EBB0000000000000000000000000000000000055
:10EBC0000000000000000000000000000000000045
:10EBD0000000000000000000000000000000000035
:10EBE0000000000000000000000000000000000025
:10EBF0000000000000000000000000000000000015
:10EC00000000000000000000000000000000000004
:10EC100000000000000000000000000000000000F4
:10EC200000000000000000000000000000000000E4
:10EC300000000000000000000000000000000000D4
:10EC400000000000000000000000000000000000C4
:10EC500000000000000000000000000000000000B4
:10EC600000000000000000000000000000000000A4
:10EC70000000000000000000000000000000000094
:10EC80000000000000000000000000000000000084
:10EC90000000000000000000000000000000000074
:10ECA0000000000000000000000000000000000064
:10ECB0000000000000000000000000000000000054
:10ECC0000000000000000000000000000000000044
:10ECD0000000000000000000000000000000000034
:10ECE0000000000000000000000000000000000024
:10ECF0000000000000000000000000000000000014
:10ED00000000000000000000000000000000000003
:10ED100000000000000000000000000000000000F3
:10ED200000000000000000000000000000000000E3
:10ED300000000000000000000000000000000000D3
:10ED400000000000000000000000000000000000C3
:10ED500000000000000000000000000000000000B3
:10ED600000000000000000000000000000000000A3
:10ED70000000000000000000000000000000000093
:10ED80000000000000000000000000000000000083
:10ED90000000000000000000000000000000000073
:10EDA0000000000000000000000000000000000063
:10EDB0000000000000000000000000000000000053
:10EDC0000000000000000000000000000000000043
:10EDD0000000000000000000000000000000000033
:10EDE0000000000000000000000000000000000023
:10EDF0000000000000000000000000000000000013
:10EE00000000000000000000000000000000000002
:10EE100000000000000000000000000000000000F2
:10EE200000000000000000000000000000000000E2
:10EE300000000000000000000000000000000000D2
:10EE400000000000000000000000000000000000C2
:10EE500000000000000000000000000000000000B2
:10EE600000000000000000000000000000000000A2
:10EE70000000000000000000000000000000000092
:10EE80000000000000000000000000000000000082
:10EE90000000000000000000000000000000000072
:10EEA0000000000000000000000000000000000062
:10EEB0000000000000000000000000000000000052
:10EEC0000000000000000000000000000000000042
:10EED0000000000000000000000000000000000032
:10EEE0000000000000000000000000000000000022
:10EEF0000000000000000000000000000000000012
:10EF00000000000000000000000000000000000001
:10EF100000000000000000000000000000000000F1
:10EF200000000000000000000000000000000000E1
:10EF300000000000000000000000000000000000D1
:10EF400000000000000000000000000000000000C1
:10EF500000000000000000000000000000000000B1
:10EF600000000000000000000000000000000000A1
:10EF70000000000000000000000000000000000091
:10EF80000000000000000000000000000000000081
:10EF90000000000000000000000000000000000071
:10EFA0000000000000000000000000000000000061
:10EFB0000000000000000000000000000000000051
:10EFC0000000000000000000000000000000000041
:10EFD0000000000000000000000000000000000031
:10EFE0000000000000000000000000000000000021
:10EFF0000000000000000000000000000000000011
:10F000000000000000000000000000000000000000
:10F0100000000000000000000000000000000000F0
:10F0200000000000000000000000000000000000E0
:10F0300000000000000000000000000000000000D0
:10F0400000000000000000000000000000000000C0
:10F0500000000000000000000000000000000000B0
:10F0600000000000000000000000000000000000A0
:10F070000000000000000000000000000000000090
:10F080000000000000000000000000000000000080
:10F090000000000000000000000000000000000070
:10F0A0000000000000000000000000000000000060
:10F0B0000000000000000000000000000000000050
:10F0C0000000000000000000000000000000000040
:10F0D0000000000000000000000000000000000030
:10F0E0000000000000000000000000000000000020
:10F0F0000000000000000000000000000000000010
:10F1000000000000000000000000000000000000FF
:10F1100000000000000000000000000000000000EF
:10F1200000000000000000000000000000000000DF
:10F1300000000000000000000000000000000000CF
:10F1400000000000000000000000000000000000BF
:10F1500000000000000000000000000000000000AF
:10F16000000000000000000000000000000000009F
:10F17000000000000000000000000000000000008F
:10F18000000000000000000000000000000000007F
:10F19000000000000000000000000000000000006F
:10F1A000000000000000000000000000000000005F
:10F1B000000000000000000000000000000000004F
:10F1C000000000000000000000000000000000003F
:10F1D000000000000000000000000000000000002F
:10F1E000000000000000000000000000000000001F
:10F1F000000000000000000000000000000000000F
:10F2000000000000000000000000000000000000FE
:10F2100000000000000000000000000000000000EE
:10F2200000000000000000000000000000000000DE
:10F2300000000000000000000000000000000000CE
:10F2400000000000000000000000000000000000BE
:10F2500000000000000000000000000000000000AE
:10F26000000000000000000000000000000000009E
:10F27000000000000000000000000000000000008E
:10F28000000000000000000000000000000000007E
:10F29000000000000000000000000000000000006E
:10F2A000000000000000000000000000000000005E
:10F2B000000000000000000000000000000000004E
:10F2C000000000000000000000000000000000003E
:10F2D000000000000000000000000000000000002E
:10F2E000000000000000000000000000000000001E
:10F2F000000000000000000000000000000000000E
:10F3000000000000000000000000000000000000FD
:10F3100000000000000000000000000000000000ED
:10F3200000000000000000000000000000000000DD
:10F3300000000000000000000000000000000000CD
:10F3400000000000000000000000000000000000BD
:10F3500000000000000000000000000000000000AD
:10F36000000000000000000000000000000000009D
:10F37000000000000000000000000000000000008D
:10F38000000000000000000000000000000000007D
:10F39000000000000000000000000000000000006D
:10F3A000000000000000000000000000000000005D
:10F3B000000000000000000000000000000000004D
:10F3C000000000000000000000000000000000003D
:10F3D000000000000000000000000000000000002D
:10F3E000000000000000000000000000000000001D
:10F3F000000000000000000000000000000000000D
:10F4000000000000000000000000000000000000FC
:10F4100000000000000000000000000000000000EC
:10F4200000000000000000000000000000000000DC
:10F4300000000000000000000000000000000000CC
:10F4400000000000000000000000000000000000BC
:10F4500000000000000000000000000000000000AC
:10F46000000000000000000000000000000000009C
:10F47000000000000000000000000000000000008C
:10F48000000000000000000000000000000000007C
:10F49000000000000000000000000000000000006C
:10F4A000000000000000000000000000000000005C
:10F4B000000000000000000000000000000000004C
:10F4C000000000000000000000000000000000003C
:10F4D000000000000000000000000000000000002C
:10F4E000000000000000000000000000000000001C
:10F4F000000000000000000000000000000000000C
:10F5000000000000000000000000000000000000FB
:10F5100000000000000000000000000000000000EB
:10F5200000000000000000000000000000000000DB
:10F5300000000000000000000000000000000000CB
:10F5400000000000000000000000000000000000BB
:10F5500000000000000000000000000000000000AB
:10F56000000000000000000000000000000000009B
:10F57000000000000000000000000000000000008B
:10F58000000000000000000000000000000000007B
:10F59000000000000000000000000000000000006B
:10F5A000000000000000000000000000000000005B
:10F5B000000000000000000000000000000000004B
:10F5C000000000000000000000000000000000003B
:10F5D000000000000000000000000000000000002B
:10F5E000000000000000000000000000000000001B
:10F5F000000000000000000000000000000000000B
:10F6000000000000000000000000000000000000FA
:10F6100000000000000000000000000000000000EA
:10F6200000000000000000000000000000000000DA
:10F6300000000000000000000000000000000000CA
:10F6400000000000000000000000000000000000BA
:10F6500000000000000000000000000000000000AA
:10F66000000000000000000000000000000000009A
:10F67000000000000000000000000000000000008A
:10F68000000000000000000000000000000000007A
:10F69000000000000000000000000000000000006A
:10F6A000000000000000000000000000000000005A
:10F6B000000000000000000000000000000000004A
:10F6C000000000000000000000000000000000003A
:10F6D000000000000000000000000000000000002A
:10F6E000000000000000000000000000000000001A
:10F6F000000000000000000000000000000000000A
:10F7000000000000000000000000000000000000F9
:10F7100000000000000000000000000000000000E9
:10F7200000000000000000000000000000000000D9
:10F7300000000000000000000000000000000000C9
:10F7400000000000000000000000000000000000B9
:10F7500000000000000000000000000000000000A9
:10F760000000000000000000000000000000000099
:10F770000000000000000000000000000000000089
:10F780000000000000000000000000000000000079
:10F790000000000000000000000000000000000069
:10F7A0000000000000000000000000000000000059
:10F7B0000000000000000000000000000000000049
:10F7C0000000000000000000000000000000000039
:10F7D0000000000000000000000000000000000029
:10F7E0000000000000000000000000000000000019
:10F7F0000000000000000000000000000000000009
:10F8000000000000000000000000000000000000F8
:10F8100000000000000000000000000000000000E8
:10F8200000000000000000000000000000000000D8
:10F8300000000000000000000000000000000000C8
:10F8400000000000000000000000000000000000B8
:10F8500000000000000000000000000000000000A8
:10F860000000000000000000000000000000000098
:10F870000000000000000000000000000000000088
:10F880000000000000000000000000000000000078
:10F890000000000000000000000000000000000068
:10F8A0000000000000000000000000000000000058
:10F8B0000000000000000000000000000000000048
:10F8C0000000000000000000000000000000000038
:10F8D0000000000000000000000000000000000028
:10F8E0000000000000000000000000000000000018
:10F8F0000000000000000000000000000000000008
:10F9000000000000000000000000000000000000F7
:10F9100000000000000000000000000000000000E7
:10F9200000000000000000000000000000000000D7
:10F9300000000000000000000000000000000000C7
:10F9400000000000000000000000000000000000B7
:10F9500000000000000000000000000000000000A7
:10F960000000000000000000000000000000000097
:10F970000000000000000000000000000000000087
:10F980000000000000000000000000000000000077
:10F990000000000000000000000000000000000067
:10F9A0000000000000000000000000000000000057
:10F9B0000000000000000000000000000000000047
:10F9C0000000000000000000000000000000000037
:10F9D0000000000000000000000000000000000027
:10F9E0000000000000000000000000000000000017
:10F9F0000000000000000000000000000000000007
:10FA000000000000000000000000000000000000F6
:10FA100000000000000000000000000000000000E6
:10FA200000000000000000000000000000000000D6
:10FA300000000000000000000000000000000000C6
:10FA400000000000000000000000000000000000B6
:10FA500000000000000000000000000000000000A6
:10FA60000000000000000000000000000000000096
:10FA70000000000000000000000000000000000086
:10FA80000000000000000000000000000000000076
:10FA90000000000000000000000000000000000066
:10FAA0000000000000000000000000000000000056
:10FAB0000000000000000000000000000000000046
:10FAC0000000000000000000000000000000000036
:10FAD0000000000000000000000000000000000026
:10FAE0000000000000000000000000000000000016
:10FAF0000000000000000000000000000000000006
:10FB000000000000000000000000000000000000F5
:10FB100000000000000000000000000000000000E5
:10FB200000000000000000000000000000000000D5
:10FB300000000000000000000000000000000000C5
:10FB400000000000000000000000000000000000B5
:10FB500000000000000000000000000000000000A5
:10FB60000000000000000000000000000000000095
:10FB70000000000000000000000000000000000085
:10FB80000000000000000000000000000000000075
:10FB90000000000000000000000000000000000065
:10FBA0000000000000000000000000000000000055
:10FBB0000000000000000000000000000000000045
:10FBC0000000000000000000000000000000000035
:10FBD0000000000000000000000000000000000025
:10FBE0000000000000000000000000000000000015
:10FBF0000000000000000000000000000000000005
:10FC000000000000000000000000000000000000F4
:10FC100000000000000000000000000000000000E4
:10FC200000000000000000000000000000000000D4
:10FC300000000000000000000000000000000000C4
:10FC400000000000000000000000000000000000B4
:10FC500000000000000000000000000000000000A4
:10FC60000000000000000000000000000000000094
:10FC70000000000000000000000000000000000084
:10FC80000000000000000000000000000000000074
:10FC90000000000000000000000000000000000064
:10FCA0000000000000000000000000000000000054
:10FCB0000000000000000000000000000000000044
:10FCC0000000000000000000000000000000000034
:10FCD0000000000000000000000000000000000024
:10FCE0000000000000000000000000000000000014
:10FCF0000000000000000000000000000000000004
:10FD000000000000000000000000000000000000F3
:10FD100000000000000000000000000000000000E3
:10FD200000000000000000000000000000000000D3
:10FD300000000000000000000000000000000000C3
:10FD400000000000000000000000000000000000B3
:10FD500000000000000000000000000000000000A3
:10FD60000000000000000000000000000000000093
:10FD70000000000000000000000000000000000083
:10FD80000000000000000000000000000000000073
:10FD90000000000000000000000000000000000063
:10FDA0000000000000000000000000000000000053
:10FDB0000000000000000000000000000000000043
:10FDC0000000000000000000000000000000000033
:10FDD0000000000000000000000000000000000023
:10FDE0000000000000000000000000000000000013
:10FDF0000000000000000000000000000000000003
:10FE000000000000000000000000000000000000F2
:10FE100000000000000000000000000000000000E2
:10FE200000000000000000000000000000000000D2
:10FE300000000000000000000000000000000000C2
:10FE400000000000000000000000000000000000B2
:10FE500000000000000000000000000000000000A2
:10FE60000000000000000000000000000000000092
:10FE70000000000000000000000000000000000082
:10FE80000000000000000000000000000000000072
:10FE90000000000000000000000000000000000062
:10FEA0000000000000000000000000000000000052
:10FEB0000000000000000000000000000000000042
:10FEC0000000000000000000000000000000000032
:10FED0000000000000000000000000000000000022
:10FEE0000000000000000000000000000000000012
:10FEF0000000000000000000000000000000000002
:10FF000000000000000000000000000000000000F1
:10FF100000000000000000000000000000000000E1
:10FF200000000000000000000000000000000000D1
:10FF300000000000000000000000000000000000C1
:10FF400000000000000000000000000000000000B1
:10FF500000000000000000000000000000000000A1
:10FF60000000000000000000000000000000000091
:10FF70000000000000000000000000000000000081
:10FF80000000000000000000000000000000000071
:10FF90000000000000000000000000000000000061
:10FFA0000000000000000000000000000000000051
:10FFB0000000000000000000000000000000000041
:10FFC0000000000000000000000000000000000031
:10FFD0000000000000000000000000000000000021
:10FFE0000000000000000000000000000000000011
:10FFF0000000000000000000000000000000000001
:020000021000EC
:1000000000000000000000000000000000000000F0
:1000100000000000000000000000000000000000E0
:1000200000000000000000000000000000000000D0
:1000300000000000000000000000000000000000C0
:1000400000000000000000000000000000000000B0
:1000500000000000000000000000000000000000A0
:100060000000000000000000000000000000000090
:100070000000000000000000000000000000000080
:100080000000000000000000000000000000000070
:100090000000000000000000000000000000000060
:1000A0000000000000000000000000000000000050
:1000B0000000000000000000000000000000000040
:1000C0000000000000000000000000000000000030
:1000D0000000000000000000000000000000000020
:1000E0000000000000000000000000000000000010
:1000F0000000000000000000000000000000000000
:1001000000000000000000000000000000000000EF
:1001100000000000000000000000000000000000DF
:1001200000000000000000000000000000000000CF
:1001300000000000000000000000000000000000BF
:1001400000000000000000000000000000000000AF
:10015000000000000000000000000000000000009F
:10016000000000000000000000000000000000008F
:10017000000000000000000000000000000000007F
:10018000000000000000000000000000000000006F
:10019000000000000000000000000000000000005F
:1001A000000000000000000000000000000000004F
:1001B000000000000000000000000000000000003F
:1001C000000000000000000000000000000000002F
:1001D000000000000000000000000000000000001F
:1001E000000000000000000000000000000000000F
:1001F00000000000000000000000000000000000FF
:1002000000000000000000000000000000000000EE
:1002100000000000000000000000000000000000DE
:1002200000000000000000000000000000000000CE
:1002300000000000000000000000000000000000BE
:1002400000000000000000000000000000000000AE
:10025000000000000000000000000000000000009E
:10026000000000000000000000000000000000008E
:10027000000000000000000000000000000000007E
:10028000000000000000000000000000000000006E
:10029000000000000000000000000000000000005E
:1002A000000000000000000000000000000000004E
:1002B000000000000000000000000000000000003E
:1002C000000000000000000000000000000000002E
:1002D000000000000000000000000000000000001E
:1002E000000000000000000000000000000000000E
:1002F00000000000000000000000000000000000FE
:1003000000000000000000000000000000000000ED
:1003100000000000000000000000000000000000DD
:1003200000000000000000000000000000000000CD
:1003300000000000000000000000000000000000BD
:1003400000000000000000000000000000000000AD
:10035000000000000000000000000000000000009D
:10036000000000000000000000000000000000008D
:10037000000000000000000000000000000000007D
:10038000000000000000000000000000000000006D
:10039000000000000000000000000000000000005D
:1003A000000000000000000000000000000000004D
:1003B000000000000000000000000000000000003D
:1003C000000000000000000000000000000000002D
:1003D000000000000000000000000000000000001D
:1003E000000000000000000000000000000000000D
:1003F00000000000000000000000000000000000FD
:1004000000000000000000000000000000000000EC
:1004100000000000000000000000000000000000DC
:1004200000000000000000000000000000000000CC
:1004300000000000000000000000000000000000BC
:1004400000000000000000000000000000000000AC
:10045000000000000000000000000000000000009C
:10046000000000000000000000000000000000008C
:10047000000000000000000000000000000000007C
:10048000000000000000000000000000000000006C
:10049000000000000000000000000000000000005C
:1004A000000000000000000000000000000000004C
:1004B000000000000000000000000000000000003C
:1004C000000000000000000000000000000000002C
:1004D000000000000000000000000000000000001C
:1004E000000000000000000000000000000000000C
:1004F00000000000000000000000000000000000FC
:1005000000000000000000000000000000000000EB
:1005100000000000000000000000000000000000DB
:1005200000000000000000000000000000000000CB
:1005300000000000000000000000000000000000BB
:1005400000000000000000000000000000000000AB
:10055000000000000000000000000000000000009B
:10056000000000000000000000000000000000008B
:10057000000000000000000000000000000000007B
:10058000000000000000000000000000000000006B
:10059000000000000000000000000000000000005B
:1005A000000000000000000000000000000000004B
:1005B000000000000000000000000000000000003B
:1005C000000000000000000000000000000000002B
:1005D000000000000000000000000000000000001B
:1005E000000000000000000000000000000000000B
:1005F00000000000000000000000000000000000FB
:1006000000000000000000000000000000000000EA
:1006100000000000000000000000000000000000DA
:1006200000000000000000000000000000000000CA
:1006300000000000000000000000000000000000BA
:1006400000000000000000000000000000000000AA
:10065000000000000000000000000000000000009A
:10066000000000000000000000000000000000008A
:10067000000000000000000000000000000000007A
:10068000000000000000000000000000000000006A
:10069000000000000000000000000000000000005A
:1006A000000000000000000000000000000000004A
:1006B000000000000000000000000000000000003A
:1006C000000000000000000000000000000000002A
:1006D000000000000000000000000000000000001A
:1006E000000000000000000000000000000000000A
:1006F00000000000000000000000000000000000FA
:1007000000000000000000000000000000000000E9
:1007100000000000000000000000000000000000D9
:1007200000000000000000000000000000000000C9
:1007300000000000000000000000000000000000B9
:1007400000000000000000000000000000000000A9
:100750000000000000000000000000000000000099
:100760000000000000000000000000000000000089
:100770000000000000000000000000000000000079
:100780000000000000000000000000000000000069
:100790000000000000000000000000000000000059
:1007A0000000000000000000000000000000000049
:1007B0000000000000000000000000000000000039
:1007C0000000000000000000000000000000000029
:1007D0000000000000000000000000000000000019
:1007E0000000000000000000000000000000000009
:1007F00000000000000000000000000000000000F9
:1008000000000000000000000000000000000000E8
:1008100000000000000000000000000000000000D8
:1008200000000000000000000000000000000000C8
:1008300000000000000000000000000000000000B8
:1008400000000000000000000000000000000000A8
:100850000000000000000000000000000000000098
:100860000000000000000000000000000000000088
:100870000000000000000000000000000000000078
:100880000000000000000000000000000000000068
:100890000000000000000000000000000000000058
:1008A0000000000000000000000000000000000048
:1008B0000000000000000000000000000000000038
:1008C0000000000000000000000000000000000028
:1008D0000000000000000000000000000000000018
:1008E0000000000000000000000000000000000008
:1008F00000000000000000000000000000000000F8
:1009000000000000000000000000000000000000E7
:1009100000000000000000000000000000000000D7
:1009200000000000000000000000000000000000C7
:1009300000000000000000000000000000000000B7
:1009400000000000000000000000000000000000A7
:100950000000000000000000000000000000000097
:100960000000000000000000000000000000000087
:100970000000000000000000000000000000000077
:100980000000000000000000000000000000000067
:100990000000000000000000000000000000000057
:1009A0000000000000000000000000000000000047
:1009B0000000000000000000000000000000000037
:1009C0000000000000000000000000000000000027
:1009D0000000000000000000000000000000000017
:1009E0000000000000000000000000000000000007
:1009F00000000000000000000000000000000000F7
:100A000000000000000000000000000000000000E6
:100A100000000000000000000000000000000000D6
:100A200000000000000000000000000000000000C6
:100A300000000000000000000000000000000000B6
:100A400000000000000000000000000000000000A6
:100A50000000000000000000000000000000000096
:100A60000000000000000000000000000000000086
:100A70000000000000000000000000000000000076
:100A80000000000000000000000000000000000066
:100A90000000000000000000000000000000000056
:100AA0000000000000000000000000000000000046
:100AB0000000000000000000000000000000000036
:100AC0000000000000000000000000000000000026
:100AD0000000000000000000000000000000000016
:100AE0000000000000000000000000000000000006
:100AF00000000000000000000000000000000000F6
:100B000000000000000000000000000000000000E5
:100B100000000000000000000000000000000000D5
:100B200000000000000000000000000000000000C5
:100B300000000000000000000000000000000000B5
:100B400000000000000000000000000000000000A5
:100B50000000000000000000000000000000000095
:100B60000000000000000000000000000000000085
:100B70000000000000000000000000000000000075
:100B80000000000000000000000000000000000065
:100B90000000000000000000000000000000000055
:100BA0000000000000000000000000000000000045
:100BB0000000000000000000000000000000000035
:100BC0000000000000000000000000000000000025
:100BD0000000000000000000000000000000000015
:100BE0000000000000000000000000000000000005
:100BF00000000000000000000000000000000000F5
:100C000000000000000000000000000000000000E4
:100C100000000000000000000000000000000000D4
:100C200000000000000000000000000000000000C4
:100C300000000000000000000000000000000000B4
:100C400000000000000000000000000000000000A4
:100C50000000000000000000000000000000000094
:100C60000000000000000000000000000000000084
:100C70000000000000000000000000000000000074
:100C80000000000000000000000000000000000064
:100C90000000000000000000000000000000000054
:100CA0000000000000000000000000000000000044
:100CB0000000000000000000000000000000000034
:100CC0000000000000000000000000000000000024
:100CD0000000000000000000000000000000000014
:100CE0000000000000000000000000000000000004
:100CF00000000000000000000000000000000000F4
:100D000000000000000000000000000000000000E3
:100D100000000000000000000000000000000000D3
:100D200000000000000000000000000000000000C3
:100D300000000000000000000000000000000000B3
:100D400000000000000000000000000000000000A3
:100D50000000000000000000000000000000000093
:100D60000000000000000000000000000000000083
:100D70000000000000000000000000000000000073
:100D80000000000000000000000000000000000063
:100D90000000000000000000000000000000000053
:100DA0000000000000000000000000000000000043
:100DB0000000000000000000000000000000000033
:100DC0000000000000000000000000000000000023
:100DD0000000000000000000000000000000000013
:100DE0000000000000000000000000000000000003
:100DF00000000000000000000000000000000000F3
:100E000000000000000000000000000000000000E2
:100E100000000000000000000000000000000000D2
:100E200000000000000000000000000000000000C2
:100E300000000000000000000000000000000000B2
:100E400000000000000000000000000000000000A2
:100E50000000000000000000000000000000000092
:100E60000000000000000000000000000000000082
:100E70000000000000000000000000000000000072
:100E80000000000000000000000000000000000062
:100E90000000000000000000000000000000000052
:100EA0000000000000000000000000000000000042
:100EB0000000000000000000000000000000000032
:100EC0000000000000000000000000000000000022
:100ED0000000000000000000000000000000000012
:100EE0000000000000000000000000000000000002
:100EF00000000000000000000000000000000000F2
:100F000000000000000000000000000000000000E1
:100F100000000000000000000000000000000000D1
:100F200000000000000000000000000000000000C1
:100F300000000000000000000000000000000000B1
:100F400000000000000000000000000000000000A1
:100F50000000000000000000000000000000000091
:100F60000000000000000000000000000000000081
:100F70000000000000000000000000000000000071
:100F80000000000000000000000000000000000061
:100F90000000000000000000000000000000000051
:100FA0000000000000000000000000000000000041
:100FB0000000000000000000000000000000000031
:100FC0000000000000000000000000000000000021
:100FD0000000000000000000000000000000000011
:100FE0000000000000000000000000000000000001
:100FF00000000000000000000000000000000000F1
:1010000000000000000000000000000000000000E0
:1010100000000000000000000000000000000000D0
:1010200000000000000000000000000000000000C0
:1010300000000000000000000000000000000000B0
:1010400000000000000000000000000000000000A0
:101050000000000000000000000000000000000090
:101060000000000000000000000000000000000080
:101070000000000000000000000000000000000070
:101080000000000000000000000000000000000060
:101090000000000000000000000000000000000050
:1010A0000000000000000000000000000000000040
:1010B0000000000000000000000000000000000030
:1010C0000000000000000000000000000000000020
:1010D0000000000000000000000000000000000010
:1010E0000000000000000000000000000000000000
:1010F00000000000000000000000000000000000F0
:1011000000000000000000000000000000000000DF
:1011100000000000000000000000000000000000CF
:1011200000000000000000000000000000000000BF
:1011300000000000000000000000000000000000AF
:10114000000000000000000000000000000000009F
:10115000000000000000000000000000000000008F
:10116000000000000000000000000000000000007F
:10117000000000000000000000000000000000006F
:10118000000000000000000000000000000000005F
:10119000000000000000000000000000000000004F
:1011A000000000000000000000000000000000003F
:1011B000000000000000000000000000000000002F
:1011C000000000000000000000000000000000001F
:1011D000000000000000000000000000000000000F
:1011E00000000000000000000000000000000000FF
:1011F00000000000000000000000000000000000EF
:1012000000000000000000000000000000000000DE
:1012100000000000000000000000000000000000CE
:1012200000000000000000000000000000000000BE
:1012300000000000000000000000000000000000AE
:10124000000000000000000000000000000000009E
:10125000000000000000000000000000000000008E
:10126000000000000000000000000000000000007E
:10127000000000000000000000000000000000006E
:10128000000000000000000000000000000000005E
:10129000000000000000000000000000000000004E
:1012A000000000000000000000000000000000003E
:1012B000000000000000000000000000000000002E
:1012C000000000000000000000000000000000001E
:1012D000000000000000000000000000000000000E
:1012E00000000000000000000000000000000000FE
:1012F00000000000000000000000000000000000EE
:1013000000000000000000000000000000000000DD
:1013100000000000000000000000000000000000CD
:1013200000000000000000000000000000000000BD
:1013300000000000000000000000000000000000AD
:10134000000000000000000000000000000000009D
:10135000000000000000000000000000000000008D
:10136000000000000000000000000000000000007D
:10137000000000000000000000000000000000006D
:10138000000000000000000000000000000000005D
:10139000000000000000000000000000000000004D
:1013A000000000000000000000000000000000003D
:1013B000000000000000000000000000000000002D
:1013C000000000000000000000000000000000001D
:1013D000000000000000000000000000000000000D
:1013E00000000000000000000000000000000000FD
:1013F00000000000000000000000000000000000ED
:1014000000000000000000000000000000000000DC
:1014100000000000000000000000000000000000CC
:1014200000000000000000000000000000000000BC
:1014300000000000000000000000000000000000AC
:10144000000000000000000000000000000000009C
:10145000000000000000000000000000000000008C
:10146000000000000000000000000000000000007C
:10147000000000000000000000000000000000006C
:10148000000000000000000000000000000000005C
:10149000000000000000000000000000000000004C
:1014A000000000000000000000000000000000003C
:1014B000000000000000000000000000000000002C
:1014C000000000000000000000000000000000001C
:1014D000000000000000000000000000000000000C
:1014E00000000000000000000000000000000000FC
:1014F00000000000000000000000000000000000EC
:1015000000000000000000000000000000000000DB
:1015100000000000000000000000000000000000CB
:1015200000000000000000000000000000000000BB
:1015300000000000000000000000000000000000AB
:10154000000000000000000000000000000000009B
:10155000000000000000000000000000000000008B
:10156000000000000000000000000000000000007B
:10157000000000000000000000000000000000006B
:10158000000000000000000000000000000000005B
:10159000000000000000000000000000000000004B
:1015A000000000000000000000000000000000003B
:1015B000000000000000000000000000000000002B
:1015C000000000000000000000000000000000001B
:1015D000000000000000000000000000000000000B
:1015E00000000000000000000000000000000000FB
:1015F00000000000000000000000000000000000EB
:1016000000000000000000000000000000000000DA
:1016100000000000000000000000000000000000CA
:1016200000000000000000000000000000000000BA
:1016300000000000000000000000000000000000AA
:10164000000000000000000000000000000000009A
:10165000000000000000000000000000000000008A
:10166000000000000000000000000000000000007A
:10167000000000000000000000000000000000006A
:10168000000000000000000000000000000000005A
:10169000000000000000000000000000000000004A
:1016A000000000000000000000000000000000003A
:1016B000000000000000000000000000000000002A
:1016C000000000000000000000000000000000001A
:1016D000000000000000000000000000000000000A
:1016E00000000000000000000000000000000000FA
:1016F00000000000000000000000000000000000EA
:1017000000000000000000000000000000000000D9
:1017100000000000000000000000000000000000C9
:1017200000000000000000000000000000000000B9
:1017300000000000000000000000000000000000A9
:101740000000000000000000000000000000000099
:101750000000000000000000000000000000000089
:101760000000000000000000000000000000000079
:101770000000000000000000000000000000000069
:101780000000000000000000000000000000000059
:101790000000000000000000000000000000000049
:1017A0000000000000000000000000000000000039
:1017B0000000000000000000000000000000000029
:1017C0000000000000000000000000000000000019
:1017D0000000000000000000000000000000000009
:1017E00000000000000000000000000000000000F9
:1017F00000000000000000000000000000000000E9
:1018000000000000000000000000000000000000D8
:1018100000000000000000000000000000000000C8
:1018200000000000000000000000000000000000B8
:1018300000000000000000000000000000000000A8
:101840000000000000000000000000000000000098
:101850000000000000000000000000000000000088
:101860000000000000000000000000000000000078
:101870000000000000000000000000000000000068
:101880000000000000000000000000000000000058
:101890000000000000000000000000000000000048
:1018A0000000000000000000000000000000000038
:1018B0000000000000000000000000000000000028
:1018C0000000000000000000000000000000000018
:1018D0000000000000000000000000000000000008
:1018E00000000000000000000000000000000000F8
:1018F00000000000000000000000000000000000E8
:1019000000000000000000000000000000000000D7
:1019100000000000000000000000000000000000C7
:1019200000000000000000000000000000000000B7
:1019300000000000000000000000000000000000A7
:101940000000000000000000000000000000000097
:101950000000000000000000000000000000000087
:101960000000000000000000000000000000000077
:101970000000000000000000000000000000000067
:101980000000000000000000000000000000000057
:101990000000000000000000000000000000000047
:1019A0000000000000000000000000000000000037
:1019B0000000000000000000000000000000000027
:1019C0000000000000000000000000000000000017
:1019D0000000000000000000000000000000000007
:1019E00000000000000000000000000000000000F7
:1019F00000000000000000000000000000000000E7
:101A000000000000000000000000000000000000D6
:101A100000000000000000000000000000000000C6
:101A200000000000000000000000000000000000B6
:101A300000000000000000000000000000000000A6
:101A40000000000000000000000000000000000096
:101A50000000000000000000000000000000000086
:101A60000000000000000000000000000000000076
:101A70000000000000000000000000000000000066
:101A80000000000000000000000000000000000056
:101A90000000000000000000000000000000000046
:101AA0000000000000000000000000000000000036
:101AB0000000000000000000000000000000000026
:101AC0000000000000000000000000000000000016
:101AD0000000000000000000000000000000000006
:101AE00000000000000000000000000000000000F6
:101AF00000000000000000000000000000000000E6
:101B000000000000000000000000000000000000D5
:101B100000000000000000000000000000000000C5
:101B200000000000000000000000000000000000B5
:101B300000000000000000000000000000000000A5
:101B40000000000000000000000000000000000095
:101B50000000000000000000000000000000000085
:101B60000000000000000000000000000000000075
:101B70000000000000000000000000000000000065
:101B80000000000000000000000000000000000055
:101B90000000000000000000000000000000000045
:101BA0000000000000000000000000000000000035
:101BB0000000000000000000000000000000000025
:101BC0000000000000000000000000000000000015
:101BD0000000000000000000000000000000000005
:101BE00000000000000000000000000000000000F5
:101BF00000000000000000000000000000000000E5
:101C000000000000000000000000000000000000D4
:101C100000000000000000000000000000000000C4
:101C200000000000000000000000000000000000B4
:101C300000000000000000000000000000000000A4
:101C40000000000000000000000000000000000094
:101C50000000000000000000000000000000000084
:101C60000000000000000000000000000000000074
:101C70000000000000000000000000000000000064
:101C80000000000000000000000000000000000054
:101C90000000000000000000000000000000000044
:101CA0000000000000000000000000000000000034
:101CB0000000000000000000000000000000000024
:101CC0000000000000000000000000000000000014
:101CD0000000000000000000000000000000000004
:101CE00000000000000000000000000000000000F4
:101CF00000000000000000000000000000000000E4
:101D000000000000000000000000000000000000D3
:101D100000000000000000000000000000000000C3
:101D200000000000000000000000000000000000B3
:101D300000000000000000000000000000000000A3
:101D40000000000000000000000000000000000093
:101D50000000000000000000000000000000000083
:101D60000000000000000000000000000000000073
:101D70000000000000000000000000000000000063
:101D80000000000000000000000000000000000053
:101D90000000000000000000000000000000000043
:101DA0000000000000000000000000000000000033
:101DB0000000000000000000000000000000000023
:101DC0000000000000000000000000000000000013
:101DD0000000000000000000000000000000000003
:101DE00000000000000000000000000000000000F3
:101DF00000000000000000000000000000000000E3
:101E000000000000000000000000000000000000D2
:101E100000000000000000000000000000000000C2
:101E200000000000000000000000000000000000B2
:101E300000000000000000000000000000000000A2
:101E40000000000000000000000000000000000092
:101E50000000000000000000000000000000000082
:101E60000000000000000000000000000000000072
:101E70000000000000000000000000000000000062
:101E80000000000000000000000000000000000052
:101E90000000000000000000000000000000000042
:101EA0000000000000000000000000000000000032
:101EB0000000000000000000000000000000000022
:101EC0000000000000000000000000000000000012
:101ED0000000000000000000000000000000000002
:101EE00000000000000000000000000000000000F2
:101EF00000000000000000000000000000000000E2
:101F000000000000000000000000000000000000D1
:101F100000000000000000000000000000000000C1
:101F200000000000000000000000000000000000B1
:101F300000000000000000000000000000000000A1
:101F40000000000000000000000000000000000091
:101F50000000000000000000000000000000000081
:101F60000000000000000000000000000000000071
:101F70000000000000000000000000000000000061
:101F80000000000000000000000000000000000051
:101F90000000000000000000000000000000000041
:101FA0000000000000000000000000000000000031
:101FB0000000000000000000000000000000000021
:101FC0000000000000000000000000000000000011
:101FD0000000000000000000000000000000000001
:101FE00000000000000000000000000000000000F1
:101FF00000000000000000000000000000000000E1
:1020000000000000000000000000000000000000D0
:1020100000000000000000000000000000000000C0
:1020200000000000000000000000000000000000B0
:1020300000000000000000000000000000000000A0
:102040000000000000000000000000000000000090
:102050000000000000000000000000000000000080
:102060000000000000000000000000000000000070
:102070000000000000000000000000000000000060
:102080000000000000000000000000000000000050
:102090000000000000000000000000000000000040
:1020A0000000000000000000000000000000000030
:1020B0000000000000000000000000000000000020
:1020C0000000000000000000000000000000000010
:1020D0000000000000000000000000000000000000
:1020E00000000000000000000000000000000000F0
:1020F00000000000000000000000000000000000E0
:1021000000000000000000000000000000000000CF
:1021100000000000000000000000000000000000BF
:1021200000000000000000000000000000000000AF
:10213000000000000000000000000000000000009F
:10214000000000000000000000000000000000008F
:10215000000000000000000000000000000000007F
:10216000000000000000000000000000000000006F
:10217000000000000000000000000000000000005F
:10218000000000000000000000000000000000004F
:10219000000000000000000000000000000000003F
:1021A000000000000000000000000000000000002F
:1021B000000000000000000000000000000000001F
:1021C000000000000000000000000000000000000F
:1021D00000000000000000000000000000000000FF
:1021E00000000000000000000000000000000000EF
:1021F00000000000000000000000000000000000DF
:1022000000000000000000000000000000000000CE
:1022100000000000000000000000000000000000BE
:1022200000000000000000000000000000000000AE
:10223000000000000000000000000000000000009E
:10224000000000000000000000000000000000008E
:10225000000000000000000000000000000000007E
:10226000000000000000000000000000000000006E
:10227000000000000000000000000000000000005E
:10228000000000000000000000000000000000004E
:10229000000000000000000000000000000000003E
:1022A000000000000000000000000000000000002E
:1022B000000000000000000000000000000000001E
:1022C000000000000000000000000000000000000E
:1022D00000000000000000000000000000000000FE
:1022E00000000000000000000000000000000000EE
:1022F00000000000000000000000000000000000DE
:1023000000000000000000000000000000000000CD
:1023100000000000000000000000000000000000BD
:1023200000000000000000000000000000000000AD
:10233000000000000000000000000000000000009D
:10234000000000000000000000000000000000008D
:10235000000000000000000000000000000000007D
:10236000000000000000000000000000000000006D
:10237000000000000000000000000000000000005D
:10238000000000000000000000000000000000004D
:10239000000000000000000000000000000000003D
:1023A000000000000000000000000000000000002D
:1023B000000000000000000000000000000000001D
:1023C000000000000000000000000000000000000D
:1023D00000000000000000000000000000000000FD
:1023E00000000000000000000000000000000000ED
:1023F00000000000000000000000000000000000DD
:1024000000000000000000000000000000000000CC
:1024100000000000000000000000000000000000BC
:1024200000000000000000000000000000000000AC
:10243000000000000000000000000000000000009C
:10244000000000000000000000000000000000008C
:10245000000000000000000000000000000000007C
:10246000000000000000000000000000000000006C
:10247000000000000000000000000000000000005C
:10248000000000000000000000000000000000004C
:10249000000000000000000000000000000000003C
:1024A000000000000000000000000000000000002C
:1024B000000000000000000000000000000000001C
:1024C000000000000000000000000000000000000C
:1024D00000000000000000000000000000000000FC
:1024E00000000000000000000000000000000000EC
:1024F00000000000000000000000000000000000DC
:1025000000000000000000000000000000000000CB
:1025100000000000000000000000000000000000BB
:1025200000000000000000000000000000000000AB
:10253000000000000000000000000000000000009B
:10254000000000000000000000000000000000008B
:10255000000000000000000000000000000000007B
:10256000000000000000000000000000000000006B
:10257000000000000000000000000000000000005B
:10258000000000000000000000000000000000004B
:10259000000000000000000000000000000000003B
:1025A000000000000000000000000000000000002B
:1025B000000000000000000000000000000000001B
:1025C000000000000000000000000000000000000B
:1025D00000000000000000000000000000000000FB
:1025E00000000000000000000000000000000000EB
:1025F00000000000000000000000000000000000DB
:1026000000000000000000000000000000000000CA
:1026100000000000000000000000000000000000BA
:1026200000000000000000000000000000000000AA
:10263000000000000000000000000000000000009A
:10264000000000000000000000000000000000008A
:10265000000000000000000000000000000000007A
:10266000000000000000000000000000000000006A
:10267000000000000000000000000000000000005A
:10268000000000000000000000000000000000004A
:10269000000000000000000000000000000000003A
:1026A000000000000000000000000000000000002A
:1026B000000000000000000000000000000000001A
:1026C000000000000000000000000000000000000A
:1026D00000000000000000000000000000000000FA
:1026E00000000000000000000000000000000000EA
:1026F00000000000000000000000000000000000DA
:1027000000000000000000000000000000000000C9
:1027100000000000000000000000000000000000B9
:1027200000000000000000000000000000000000A9
:102730000000000000000000000000000000000099
:102740000000000000000000000000000000000089
:102750000000000000000000000000000000000079
:102760000000000000000000000000000000000069
:102770000000000000000000000000000000000059
:102780000000000000000000000000000000000049
:102790000000000000000000000000000000000039
:1027A0000000000000000000000000000000000029
:1027B0000000000000000000000000000000000019
:1027C0000000000000000000000000000000000009
:1027D00000000000000000000000000000000000F9
:1027E00000000000000000000000000000000000E9
:1027F00000000000000000000000000000000000D9
:1028000000000000000000000000000000000000C8
:1028100000000000000000000000000000000000B8
:1028200000000000000000000000000000000000A8
:102830000000000000000000000000000000000098
:102840000000000000000000000000000000000088
:102850000000000000000000000000000000000078
:102860000000000000000000000000000000000068
:102870000000000000000000000000000000000058
:102880000000000000000000000000000000000048
:102890000000000000000000000000000000000038
:1028A0000000000000000000000000000000000028
:1028B0000000000000000000000000000000000018
:1028C0000000000000000000000000000000000008
:1028D00000000000000000000000000000000000F8
:1028E00000000000000000000000000000000000E8
:1028F00000000000000000000000000000000000D8
:1029000000000000000000000000000000000000C7
:1029100000000000000000000000000000000000B7
:1029200000000000000000000000000000000000A7
:102930000000000000000000000000000000000097
:102940000000000000000000000000000000000087
:102950000000000000000000000000000000000077
:102960000000000000000000000000000000000067
:102970000000000000000000000000000000000057
:102980000000000000000000000000000000000047
:102990000000000000000000000000000000000037
:1029A0000000000000000000000000000000000027
:1029B0000000000000000000000000000000000017
:1029C0000000000000000000000000000000000007
:1029D00000000000000000000000000000000000F7
:1029E00000000000000000000000000000000000E7
:1029F00000000000000000000000000000000000D7
:102A000000000000000000000000000000000000C6
:102A100000000000000000000000000000000000B6
:102A200000000000000000000000000000000000A6
:102A30000000000000000000000000000000000096
:102A40000000000000000000000000000000000086
:102A50000000000000000000000000000000000076
:102A60000000000000000000000000000000000066
:102A70000000000000000000000000000000000056
:102A80000000000000000000000000000000000046
:102A90000000000000000000000000000000000036
:102AA0000000000000000000000000000000000026
:102AB0000000000000000000000000000000000016
:102AC0000000000000000000000000000000000006
:102AD00000000000000000000000000000000000F6
:102AE00000000000000000000000000000000000E6
:102AF00000000000000000000000000000000000D6
:102B000000000000000000000000000000000000C5
:102B100000000000000000000000000000000000B5
:102B200000000000000000000000000000000000A5
:102B30000000000000000000000000000000000095
:102B40000000000000000000000000000000000085
:102B50000000000000000000000000000000000075
:102B60000000000000000000000000000000000065
:102B70000000000000000000000000000000000055
:102B80000000000000000000000000000000000045
:102B90000000000000000000000000000000000035
:102BA0000000000000000000000000000000000025
:102BB0000000000000000000000000000000000015
:102BC0000000000000000000000000000000000005
:102BD00000000000000000000000000000000000F5
:102BE00000000000000000000000000000000000E5
:102BF00000000000000000000000000000000000D5
:102C000000000000000000000000000000000000C4
:102C100000000000000000000000000000000000B4
:102C200000000000000000000000000000000000A4
:102C30000000000000000000000000000000000094
:102C40000000000000000000000000000000000084
:102C50000000000000000000000000000000000074
:102C60000000000000000000000000000000000064
:102C70000000000000000000000000000000000054
:102C80000000000000000000000000000000000044
:102C90000000000000000000000000000000000034
:102CA0000000000000000000000000000000000024
:102CB0000000000000000000000000000000000014
:102CC0000000000000000000000000000000000004
:102CD00000000000000000000000000000000000F4
:102CE00000000000000000000000000000000000E4
:102CF00000000000000000000000000000000000D4
:102D000000000000000000000000000000000000C3
:102D100000000000000000000000000000000000B3
:102D200000000000000000000000000000000000A3
:102D30000000000000000000000000000000000093
:102D40000000000000000000000000000000000083
:102D50000000000000000000000000000000000073
:102D60000000000000000000000000000000000063
:102D70000000000000000000000000000000000053
:102D80000000000000000000000000000000000043
:102D90000000000000000000000000000000000033
:102DA0000000000000000000000000000000000023
:102DB0000000000000000000000000000000000013
:102DC0000000000000000000000000000000000003
:102DD00000000000000000000000000000000000F3
:102DE00000000000000000000000000000000000E3
:102DF00000000000000000000000000000000000D3
:102E000000000000000000000000000000000000C2
:102E100000000000000000000000000000000000B2
:102E200000000000000000000000000000000000A2
:102E30000000000000000000000000000000000092
:102E40000000000000000000000000000000000082
:102E50000000000000000000000000000000000072
:102E60000000000000000000000000000000000062
:102E70000000000000000000000000000000000052
:102E80000000000000000000000000000000000042
:102E90000000000000000000000000000000000032
:102EA0000000000000000000000000000000000022
:102EB0000000000000000000000000000000000012
:102EC0000000000000000000000000000000000002
:102ED00000000000000000000000000000000000F2
:102EE00000000000000000000000000000000000E2
:102EF00000000000000000000000000000000000D2
:102F000000000000000000000000000000000000C1
:102F100000000000000000000000000000000000B1
:102F200000000000000000000000000000000000A1
:102F30000000000000000000000000000000000091
:102F40000000000000000000000000000000000081
:102F50000000000000000000000000000000000071
:102F60000000000000000000000000000000000061
:102F70000000000000000000000000000000000051
:102F80000000000000000000000000000000000041
:102F90000000000000000000000000000000000031
:102FA0000000000000000000000000000000000021
:102FB0000000000000000000000000000000000011
:102FC0000000000000000000000000000000000001
:102FD00000000000000000000000000000000000F1
:102FE00000000000000000000000000000000000E1
:102FF00000000000000000000000000000000000D1
:1030000000000000000000000000000000000000C0
:1030100000000000000000000000000000000000B0
:1030200000000000000000000000000000000000A0
:103030000000000000000000000000000000000090
:103040000000000000000000000000000000000080
:103050000000000000000000000000000000000070
:103060000000000000000000000000000000000060
:103070000000000000000000000000000000000050
:103080000000000000000000000000000000000040
:103090000000000000000000000000000000000030
:1030A0000000000000000000000000000000000020
:1030B0000000000000000000000000000000000010
:1030C0000000000000000000000000000000000000
:1030D00000000000000000000000000000000000F0
:1030E00000000000000000000000000000000000E0
:1030F00000000000000000000000000000000000D0
:1031000000000000000000000000000000000000BF
:1031100000000000000000000000000000000000AF
:10312000000000000000000000000000000000009F
:10313000000000000000000000000000000000008F
:10314000000000000000000000000000000000007F
:10315000000000000000000000000000000000006F
:10316000000000000000000000000000000000005F
:10317000000000000000000000000000000000004F
:10318000000000000000000000000000000000003F
:10319000000000000000000000000000000000002F
:1031A000000000000000000000000000000000001F
:1031B000000000000000000000000000000000000F
:1031C00000000000000000000000000000000000FF
:1031D00000000000000000000000000000000000EF
:1031E00000000000000000000000000000000000DF
:1031F00000000000000000000000000000000000CF
:1032000000000000000000000000000000000000BE
:1032100000000000000000000000000000000000AE
:10322000000000000000000000000000000000009E
:10323000000000000000000000000000000000008E
:10324000000000000000000000000000000000007E
:10325000000000000000000000000000000000006E
:10326000000000000000000000000000000000005E
:10327000000000000000000000000000000000004E
:10328000000000000000000000000000000000003E
:10329000000000000000000000000000000000002E
:1032A000000000000000000000000000000000001E
:1032B000000000000000000000000000000000000E
:1032C00000000000000000000000000000000000FE
:1032D00000000000000000000000000000000000EE
:1032E00000000000000000000000000000000000DE
:1032F00000000000000000000000000000000000CE
:1033000000000000000000000000000000000000BD
:1033100000000000000000000000000000000000AD
:10332000000000000000000000000000000000009D
:10333000000000000000000000000000000000008D
:10334000000000000000000000000000000000007D
:10335000000000000000000000000000000000006D
:10336000000000000000000000000000000000005D
:10337000000000000000000000000000000000004D
:10338000000000000000000000000000000000003D
:10339000000000000000000000000000000000002D
:1033A000000000000000000000000000000000001D
:1033B000000000000000000000000000000000000D
:1033C00000000000000000000000000000000000FD
:1033D00000000000000000000000000000000000ED
:1033E00000000000000000000000000000000000DD
:1033F00000000000000000000000000000000000CD
:1034000000000000000000000000000000000000BC
:1034100000000000000000000000000000000000AC
:10342000000000000000000000000000000000009C
:10343000000000000000000000000000000000008C
:10344000000000000000000000000000000000007C
:10345000000000000000000000000000000000006C
:10346000000000000000000000000000000000005C
:10347000000000000000000000000000000000004C
:10348000000000000000000000000000000000003C
:10349000000000000000000000000000000000002C
:1034A000000000000000000000000000000000001C
:1034B000000000000000000000000000000000000C
:1034C00000000000000000000000000000000000FC
:1034D00000000000000000000000000000000000EC
:1034E00000000000000000000000000000000000DC
:1034F00000000000000000000000000000000000CC
:1035000000000000000000000000000000000000BB
:1035100000000000000000000000000000000000AB
:10352000000000000000000000000000000000009B
:10353000000000000000000000000000000000008B
:10354000000000000000000000000000000000007B
:10355000000000000000000000000000000000006B
:10356000000000000000000000000000000000005B
:10357000000000000000000000000000000000004B
:10358000000000000000000000000000000000003B
:10359000000000000000000000000000000000002B
:1035A000000000000000000000000000000000001B
:1035B000000000000000000000000000000000000B
:1035C00000000000000000000000000000000000FB
:1035D00000000000000000000000000000000000EB
:1035E00000000000000000000000000000000000DB
:1035F00000000000000000000000000000000000CB
:1036000000000000000000000000000000000000BA
:1036100000000000000000000000000000000000AA
:10362000000000000000000000000000000000009A
:10363000000000000000000000000000000000008A
:10364000000000000000000000000000000000007A
:10365000000000000000000000000000000000006A
:10366000000000000000000000000000000000005A
:10367000000000000000000000000000000000004A
:10368000000000000000000000000000000000003A
:10369000000000000000000000000000000000002A
:1036A000000000000000000000000000000000001A
:1036B000000000000000000000000000000000000A
:1036C00000000000000000000000000000000000FA
:1036D00000000000000000000000000000000000EA
:1036E00000000000000000000000000000000000DA
:1036F00000000000000000000000000000000000CA
:1037000000000000000000000000000000000000B9
:1037100000000000000000000000000000000000A9
:103720000000000000000000000000000000000099
:103730000000000000000000000000000000000089
:103740000000000000000000000000000000000079
:103750000000000000000000000000000000000069
:103760000000000000000000000000000000000059
:103770000000000000000000000000000000000049
:103780000000000000000000000000000000000039
:103790000000000000000000000000000000000029
:1037A0000000000000000000000000000000000019
:1037B0000000000000000000000000000000000009
:1037C00000000000000000000000000000000000F9
:1037D00000000000000000000000000000000000E9
:1037E00000000000000000000000000000000000D9
:1037F00000000000000000000000000000000000C9
:1038000000000000000000000000000000000000B8
:1038100000000000000000000000000000000000A8
:103820000000000000000000000000000000000098
:103830000000000000000000000000000000000088
:103840000000000000000000000000000000000078
:103850000000000000000000000000000000000068
:103860000000000000000000000000000000000058
:103870000000000000000000000000000000000048
:103880000000000000000000000000000000000038
:103890000000000000000000000000000000000028
:1038A0000000000000000000000000000000000018
:1038B0000000000000000000000000000000000008
:1038C00000000000000000000000000000000000F8
:1038D00000000000000000000000000000000000E8
:1038E00000000000000000000000000000000000D8
:1038F00000000000000000000000000000000000C8
:1039000000000000000000000000000000000000B7
:1039100000000000000000000000000000000000A7
:103920000000000000000000000000000000000097
:103930000000000000000000000000000000000087
:103940000000000000000000000000000000000077
:103950000000000000000000000000000000000067
:103960000000000000000000000000000000000057
:103970000000000000000000000000000000000047
:103980000000000000000000000000000000000037
:103990000000000000000000000000000000000027
:1039A0000000000000000000000000000000000017
:1039B0000000000000000000000000000000000007
:1039C00000000000000000000000000000000000F7
:1039D00000000000000000000000000000000000E7
:1039E00000000000000000000000000000000000D7
:1039F00000000000000000000000000000000000C7
:103A000000000000000000000000000000000000B6
:103A100000000000000000000000000000000000A6
:103A20000000000000000000000000000000000096
:103A30000000000000000000000000000000000086
:103A40000000000000000000000000000000000076
:103A50000000000000000000000000000000000066
:103A60000000000000000000000000000000000056
:103A70000000000000000000000000000000000046
:103A80000000000000000000000000000000000036
:103A90000000000000000000000000000000000026
:103AA0000000000000000000000000000000000016
:103AB0000000000000000000000000000000000006
:103AC00000000000000000000000000000000000F6
:103AD00000000000000000000000000000000000E6
:103AE00000000000000000000000000000000000D6
:103AF00000000000000000000000000000000000C6
:103B000000000000000000000000000000000000B5
:103B100000000000000000000000000000000000A5
:103B20000000000000000000000000000000000095
:103B30000000000000000000000000000000000085
:103B40000000000000000000000000000000000075
:103B50000000000000000000000000000000000065
:103B60000000000000000000000000000000000055
:103B70000000000000000000000000000000000045
:103B80000000000000000000000000000000000035
:103B90000000000000000000000000000000000025
:103BA0000000000000000000000000000000000015
:103BB0000000000000000000000000000000000005
:103BC00000000000000000000000000000000000F5
:103BD00000000000000000000000000000000000E5
:103BE00000000000000000000000000000000000D5
:103BF00000000000000000000000000000000000C5
:103C000000000000000000000000000000000000B4
:103C100000000000000000000000000000000000A4
:103C20000000000000000000000000000000000094
:103C30000000000000000000000000000000000084
:103C40000000000000000000000000000000000074
:103C50000000000000000000000000000000000064
:103C60000000000000000000000000000000000054
:103C70000000000000000000000000000000000044
:103C80000000000000000000000000000000000034
:103C90000000000000000000000000000000000024
:103CA0000000000000000000000000000000000014
:103CB0000000000000000000000000000000000004
:103CC00000000000000000000000000000000000F4
:103CD00000000000000000000000000000000000E4
:103CE00000000000000000000000000000000000D4
:103CF00000000000000000000000000000000000C4
:103D000000000000000000000000000000000000B3
:103D100000000000000000000000000000000000A3
:103D20000000000000000000000000000000000093
:103D30000000000000000000000000000000000083
:103D40000000000000000000000000000000000073
:103D50000000000000000000000000000000000063
:103D60000000000000000000000000000000000053
:103D70000000000000000000000000000000000043
:103D80000000000000000000000000000000000033
:103D90000000000000000000000000000000000023
:103DA0000000000000000000000000000000000013
:103DB0000000000000000000000000000000000003
:103DC00000000000000000000000000000000000F3
:103DD00000000000000000000000000000000000E3
:103DE00000000000000000000000000000000000D3
:103DF00000000000000000000000000000000000C3
:103E000000000000000000000000000000000000B2
:103E100000000000000000000000000000000000A2
:103E20000000000000000000000000000000000092
:103E30000000000000000000000000000000000082
:103E40000000000000000000000000000000000072
:103E50000000000000000000000000000000000062
:103E60000000000000000000000000000000000052
:103E70000000000000000000000000000000000042
:103E80000000000000000000000000000000000032
:103E90000000000000000000000000000000000022
:103EA0000000000000000000000000000000000012
:103EB0000000000000000000000000000000000002
:103EC00000000000000000000000000000000000F2
:103ED00000000000000000000000000000000000E2
:103EE00000000000000000000000000000000000D2
:103EF00000000000000000000000000000000000C2
:103F000000000000000000000000000000000000B1
:103F100000000000000000000000000000000000A1
:103F20000000000000000000000000000000000091
:103F30000000000000000000000000000000000081
:103F40000000000000000000000000000000000071
:103F50000000000000000000000000000000000061
:103F60000000000000000000000000000000000051
:103F70000000000000000000000000000000000041
:103F80000000000000000000000000000000000031
:103F90000000000000000000000000000000000021
:103FA0000000000000000000000000000000000011
:103FB0000000000000000000000000000000000001
:103FC00000000000000000000000000000000000F1
:103FD00000000000000000000000000000000000E1
:103FE00000000000000000000000000000000000D1
:103FF00000000000000000000000000000000000C1
:1040000000000000000000000000000000000000B0
:1040100000000000000000000000000000000000A0
:104020000000000000000000000000000000000090
:104030000000000000000000000000000000000080
:104040000000000000000000000000000000000070
:104050000000000000000000000000000000000060
:104060000000000000000000000000000000000050
:104070000000000000000000000000000000000040
:104080000000000000000000000000000000000030
:104090000000000000000000000000000000000020
:1040A0000000000000000000000000000000000010
:1040B0000000000000000000000000000000000000
:1040C00000000000000000000000000000000000F0
:1040D00000000000000000000000000000000000E0
:1040E00000000000000000000000000000000000D0
:1040F00000000000000000000000000000000000C0
:1041000000000000000000000000000000000000AF
:10411000000000000000000000000000000000009F
:10412000000000000000000000000000000000008F
:10413000000000000000000000000000000000007F
:10414000000000000000000000000000000000006F
:10415000000000000000000000000000000000005F
:10416000000000000000000000000000000000004F
:10417000000000000000000000000000000000003F
:10418000000000000000000000000000000000002F
:10419000000000000000000000000000000000001F
:1041A000000000000000000000000000000000000F
:1041B00000000000000000000000000000000000FF
:1041C00000000000000000000000000000000000EF
:1041D00000000000000000000000000000000000DF
:1041E00000000000000000000000000000000000CF
:1041F00000000000000000000000000000000000BF
:1042000000000000000000000000000000000000AE
:10421000000000000000000000000000000000009E
:10422000000000000000000000000000000000008E
:10423000000000000000000000000000000000007E
:10424000000000000000000000000000000000006E
:10425000000000000000000000000000000000005E
:10426000000000000000000000000000000000004E
:10427000000000000000000000000000000000003E
:10428000000000000000000000000000000000002E
:10429000000000000000000000000000000000001E
:1042A000000000000000000000000000000000000E
:1042B00000000000000000000000000000000000FE
:1042C00000000000000000000000000000000000EE
:1042D00000000000000000000000000000000000DE
:1042E00000000000000000000000000000000000CE
:1042F00000000000000000000000000000000000BE
:1043000000000000000000000000000000000000AD
:10431000000000000000000000000000000000009D
:10432000000000000000000000000000000000008D
:10433000000000000000000000000000000000007D
:10434000000000000000000000000000000000006D
:10435000000000000000000000000000000000005D
:10436000000000000000000000000000000000004D
:10437000000000000000000000000000000000003D
:10438000000000000000000000000000000000002D
:10439000000000000000000000000000000000001D
:1043A000000000000000000000000000000000000D
:1043B00000000000000000000000000000000000FD
:1043C00000000000000000000000000000000000ED
:1043D00000000000000000000000000000000000DD
:1043E00000000000000000000000000000000000CD
:1043F00000000000000000000000000000000000BD
:1044000000000000000000000000000000000000AC
:10441000000000000000000000000000000000009C
:10442000000000000000000000000000000000008C
:10443000000000000000000000000000000000007C
:10444000000000000000000000000000000000006C
:10445000000000000000000000000000000000005C
:10446000000000000000000000000000000000004C
:10447000000000000000000000000000000000003C
:10448000000000000000000000000000000000002C
:10449000000000000000000000000000000000001C
:1044A000000000000000000000000000000000000C
:1044B00000000000000000000000000000000000FC
:1044C00000000000000000000000000000000000EC
:1044D00000000000000000000000000000000000DC
:1044E00000000000000000000000000000000000CC
:1044F00000000000000000000000000000000000BC
:1045000000000000000000000000000000000000AB
:10451000000000000000000000000000000000009B
:10452000000000000000000000000000000000008B
:10453000000000000000000000000000000000007B
:10454000000000000000000000000000000000006B
:10455000000000000000000000000000000000005B
:10456000000000000000000000000000000000004B
:10457000000000000000000000000000000000003B
:10458000000000000000000000000000000000002B
:10459000000000000000000000000000000000001B
:1045A000000000000000000000000000000000000B
:1045B00000000000000000000000000000000000FB
:1045C00000000000000000000000000000000000EB
:1045D00000000000000000000000000000000000DB
:1045E00000000000000000000000000000000000CB
:1045F00000000000000000000000000000000000BB
:1046000000000000000000000000000000000000AA
:10461000000000000000000000000000000000009A
:10462000000000000000000000000000000000008A
:10463000000000000000000000000000000000007A
:10464000000000000000000000000000000000006A
:10465000000000000000000000000000000000005A
:10466000000000000000000000000000000000004A
:10467000000000000000000000000000000000003A
:10468000000000000000000000000000000000002A
:10469000000000000000000000000000000000001A
:1046A000000000000000000000000000000000000A
:1046B00000000000000000000000000000000000FA
:1046C00000000000000000000000000000000000EA
:1046D00000000000000000000000000000000000DA
:1046E00000000000000000000000000000000000CA
:1046F00000000000000000000000000000000000BA
:1047000000000000000000000000000000000000A9
:104710000000000000000000000000000000000099
:104720000000000000000000000000000000000089
:104730000000000000000000000000000000000079
:104740000000000000000000000000000000000069
:104750000000000000000000000000000000000059
:104760000000000000000000000000000000000049
:104770000000000000000000000000000000000039
:104780000000000000000000000000000000000029
:104790000000000000000000000000000000000019
:1047A0000000000000000000000000000000000009
:1047B00000000000000000000000000000000000F9
:1047C00000000000000000000000000000000000E9
:1047D00000000000000000000000000000000000D9
:1047E00000000000000000000000000000000000C9
:1047F00000000000000000000000000000000000B9
:1048000000000000000000000000000000000000A8
:104810000000000000000000000000000000000098
:104820000000000000000000000000000000000088
:104830000000000000000000000000000000000078
:104840000000000000000000000000000000000068
:104850000000000000000000000000000000000058
:104860000000000000000000000000000000000048
:104870000000000000000000000000000000000038
:104880000000000000000000000000000000000028
:104890000000000000000000000000000000000018
:1048A0000000000000000000000000000000000008
:1048B00000000000000000000000000000000000F8
:1048C00000000000000000000000000000000000E8
:1048D00000000000000000000000000000000000D8
:1048E00000000000000000000000000000000000C8
:1048F00000000000000000000000000000000000B8
:1049000000000000000000000000000000000000A7
:104910000000000000000000000000000000000097
:104920000000000000000000000000000000000087
:104930000000000000000000000000000000000077
:104940000000000000000000000000000000000067
:104950000000000000000000000000000000000057
:104960000000000000000000000000000000000047
:104970000000000000000000000000000000000037
:104980000000000000000000000000000000000027
:104990000000000000000000000000000000000017
:1049A0000000000000000000000000000000000007
:1049B00000000000000000000000000000000000F7
:1049C00000000000000000000000000000000000E7
:1049D00000000000000000000000000000000000D7
:1049E00000000000000000000000000000000000C7
:1049F00000000000000000000000000000000000B7
:104A000000000000000000000000000000000000A6
:104A10000000000000000000000000000000000096
:104A20000000000000000000000000000000000086
:104A30000000000000000000000000000000000076
:104A40000000000000000000000000000000000066
:104A50000000000000000000000000000000000056
:104A60000000000000000000000000000000000046
:104A70000000000000000000000000000000000036
:104A80000000000000000000000000000000000026
:104A90000000000000000000000000000000000016
:104AA0000000000000000000000000000000000006
:104AB00000000000000000000000000000000000F6
:104AC00000000000000000000000000000000000E6
:104AD00000000000000000000000000000000000D6
:104AE00000000000000000000000000000000000C6
:104AF00000000000000000000000000000000000B6
:104B000000000000000000000000000000000000A5
:104B10000000000000000000000000000000000095
:104B20000000000000000000000000000000000085
:104B30000000000000000000000000000000000075
:104B40000000000000000000000000000000000065
:104B50000000000000000000000000000000000055
:104B60000000000000000000000000000000000045
:104B70000000000000000000000000000000000035
:104B80000000000000000000000000000000000025
:104B90000000000000000000000000000000000015
:104BA0000000000000000000000000000000000005
:104BB00000000000000000000000000000000000F5
:104BC00000000000000000000000000000000000E5
:104BD00000000000000000000000000000000000D5
:104BE00000000000000000000000000000000000C5
:104BF00000000000000000000000000000000000B5
:104C000000000000000000000000000000000000A4
:104C10000000000000000000000000000000000094
:104C20000000000000000000000000000000000084
:104C30000000000000000000000000000000000074
:104C40000000000000000000000000000000000064
:104C50000000000000000000000000000000000054
:104C60000000000000000000000000000000000044
:104C70000000000000000000000000000000000034
:104C80000000000000000000000000000000000024
:104C90000000000000000000000000000000000014
:104CA0000000000000000000000000000000000004
:104CB00000000000000000000000000000000000F4
:104CC00000000000000000000000000000000000E4
:104CD00000000000000000000000000000000000D4
:104CE00000000000000000000000000000000000C4
:104CF00000000000000000000000000000000000B4
:104D000000000000000000000000000000000000A3
:104D10000000000000000000000000000000000093
:104D20000000000000000000000000000000000083
:104D30000000000000000000000000000000000073
:104D40000000000000000000000000000000000063
:104D50000000000000000000000000000000000053
:104D60000000000000000000000000000000000043
:104D70000000000000000000000000000000000033
:104D80000000000000000000000000000000000023
:104D90000000000000000000000000000000000013
:104DA0000000000000000000000000000000000003
:104DB00000000000000000000000000000000000F3
:104DC00000000000000000000000000000000000E3
:104DD00000000000000000000000000000000000D3
:104DE00000000000000000000000000000000000C3
:104DF00000000000000000000000000000000000B3
:104E000000000000000000000000000000000000A2
:104E10000000000000000000000000000000000092
:104E20000000000000000000000000000000000082
:104E30000000000000000000000000000000000072
:104E40000000000000000000000000000000000062
:104E50000000000000000000000000000000000052
:104E60000000000000000000000000000000000042
:104E70000000000000000000000000000000000032
:104E80000000000000000000000000000000000022
:104E90000000000000000000000000000000000012
:104EA0000000000000000000000000000000000002
:104EB00000000000000000000000000000000000F2
:104EC00000000000000000000000000000000000E2
:104ED00000000000000000000000000000000000D2
:104EE00000000000000000000000000000000000C2
:104EF00000000000000000000000000000000000B2
:104F000000000000000000000000000000000000A1
:104F10000000000000000000000000000000000091
:104F20000000000000000000000000000000000081
:104F30000000000000000000000000000000000071
:104F40000000000000000000000000000000000061
:104F50000000000000000000000000000000000051
:104F60000000000000000000000000000000000041
:104F70000000000000000000000000000000000031
:104F80000000000000000000000000000000000021
:104F90000000000000000000000000000000000011
:104FA0000000000000000000000000000000000001
:104FB00000000000000000000000000000000000F1
:104FC00000000000000000000000000000000000E1
:104FD00000000000000000000000000000000000D1
:104FE00000000000000000000000000000000000C1
:104FF00000000000000000000000000000000000B1
:1050000000000000000000000000000000000000A0
:105010000000000000000000000000000000000090
:105020000000000000000000000000000000000080
:105030000000000000000000000000000000000070
:105040000000000000000000000000000000000060
:105050000000000000000000000000000000000050
:105060000000000000000000000000000000000040
:105070000000000000000000000000000000000030
:105080000000000000000000000000000000000020
:105090000000000000000000000000000000000010
:1050A0000000000000000000000000000000000000
:1050B00000000000000000000000000000000000F0
:1050C00000000000000000000000000000000000E0
:1050D00000000000000000000000000000000000D0
:1050E00000000000000000000000000000000000C0
:1050F00000000000000000000000000000000000B0
:10510000000000000000000000000000000000009F
:10511000000000000000000000000000000000008F
:10512000000000000000000000000000000000007F
:10513000000000000000000000000000000000006F
:10514000000000000000000000000000000000005F
:10515000000000000000000000000000000000004F
:10516000000000000000000000000000000000003F
:10517000000000000000000000000000000000002F
:10518000000000000000000000000000000000001F
:10519000000000000000000000000000000000000F
:1051A00000000000000000000000000000000000FF
:1051B00000000000000000000000000000000000EF
:1051C00000000000000000000000000000000000DF
:1051D00000000000000000000000000000000000CF
:1051E00000000000000000000000000000000000BF
:1051F00000000000000000000000000000000000AF
:10520000000000000000000000000000000000009E
:10521000000000000000000000000000000000008E
:10522000000000000000000000000000000000007E
:10523000000000000000000000000000000000006E
:10524000000000000000000000000000000000005E
:10525000000000000000000000000000000000004E
:10526000000000000000000000000000000000003E
:10527000000000000000000000000000000000002E
:10528000000000000000000000000000000000001E
:10529000000000000000000000000000000000000E
:1052A00000000000000000000000000000000000FE
:1052B00000000000000000000000000000000000EE
:1052C00000000000000000000000000000000000DE
:1052D00000000000000000000000000000000000CE
:1052E00000000000000000000000000000000000BE
:1052F00000000000000000000000000000000000AE
:10530000000000000000000000000000000000009D
:10531000000000000000000000000000000000008D
:10532000000000000000000000000000000000007D
:10533000000000000000000000000000000000006D
:10534000000000000000000000000000000000005D
:10535000000000000000000000000000000000004D
:10536000000000000000000000000000000000003D
:10537000000000000000000000000000000000002D
:10538000000000000000000000000000000000001D
:10539000000000000000000000000000000000000D
:1053A00000000000000000000000000000000000FD
:1053B00000000000000000000000000000000000ED
:1053C00000000000000000000000000000000000DD
:1053D00000000000000000000000000000000000CD
:1053E00000000000000000000000000000000000BD
:1053F00000000000000000000000000000000000AD
:10540000000000000000000000000000000000009C
:10541000000000000000000000000000000000008C
:10542000000000000000000000000000000000007C
:10543000000000000000000000000000000000006C
:10544000000000000000000000000000000000005C
:10545000000000000000000000000000000000004C
:10546000000000000000000000000000000000003C
:10547000000000000000000000000000000000002C
:10548000000000000000000000000000000000001C
:10549000000000000000000000000000000000000C
:1054A00000000000000000000000000000000000FC
:1054B00000000000000000000000000000000000EC
:1054C00000000000000000000000000000000000DC
:1054D00000000000000000000000000000000000CC
:1054E00000000000000000000000000000000000BC
:1054F00000000000000000000000000000000000AC
:10550000000000000000000000000000000000009B
:10551000000000000000000000000000000000008B
:10552000000000000000000000000000000000007B
:10553000000000000000000000000000000000006B
:10554000000000000000000000000000000000005B
:10555000000000000000000000000000000000004B
:10556000000000000000000000000000000000003B
:10557000000000000000000000000000000000002B
:10558000000000000000000000000000000000001B
:10559000000000000000000000000000000000000B
:1055A00000000000000000000000000000000000FB
:1055B00000000000000000000000000000000000EB
:1055C00000000000000000000000000000000000DB
:1055D00000000000000000000000000000000000CB
:1055E00000000000000000000000000000000000BB
:1055F00000000000000000000000000000000000AB
:10560000000000000000000000000000000000009A
:10561000000000000000000000000000000000008A
:10562000000000000000000000000000000000007A
:10563000000000000000000000000000000000006A
:10564000000000000000000000000000000000005A
:10565000000000000000000000000000000000004A
:10566000000000000000000000000000000000003A
:10567000000000000000000000000000000000002A
:10568000000000000000000000000000000000001A
:10569000000000000000000000000000000000000A
:1056A00000000000000000000000000000000000FA
:1056B00000000000000000000000000000000000EA
:1056C00000000000000000000000000000000000DA
:1056D00000000000000000000000000000000000CA
:1056E00000000000000000000000000000000000BA
:1056F00000000000000000000000000000000000AA
:105700000000000000000000000000000000000099
:105710000000000000000000000000000000000089
:105720000000000000000000000000000000000079
:105730000000000000000000000000000000000069
:105740000000000000000000000000000000000059
:105750000000000000000000000000000000000049
:105760000000000000000000000000000000000039
:105770000000000000000000000000000000000029
:105780000000000000000000000000000000000019
:105790000000000000000000000000000000000009
:1057A00000000000000000000000000000000000F9
:1057B00000000000000000000000000000000000E9
:1057C00000000000000000000000000000000000D9
:1057D00000000000000000000000000000000000C9
:1057E00000000000000000000000000000000000B9
:1057F00000000000000000000000000000000000A9
:105800000000000000000000000000000000000098
:105810000000000000000000000000000000000088
:105820000000000000000000000000000000000078
:105830000000000000000000000000000000000068
:105840000000000000000000000000000000000058
:105850000000000000000000000000000000000048
:105860000000000000000000000000000000000038
:105870000000000000000000000000000000000028
:105880000000000000000000000000000000000018
:105890000000000000000000000000000000000008
:1058A00000000000000000000000000000000000F8
:1058B00000000000000000000000000000000000E8
:1058C00000000000000000000000000000000000D8
:1058D00000000000000000000000000000000000C8
:1058E00000000000000000000000000000000000B8
:1058F00000000000000000000000000000000000A8
:105900000000000000000000000000000000000097
:105910000000000000000000000000000000000087
:105920000000000000000000000000000000000077
:105930000000000000000000000000000000000067
:105940000000000000000000000000000000000057
:105950000000000000000000000000000000000047
:105960000000000000000000000000000000000037
:105970000000000000000000000000000000000027
:105980000000000000000000000000000000000017
:105990000000000000000000000000000000000007
:1059A00000000000000000000000000000000000F7
:1059B00000000000000000000000000000000000E7
:1059C00000000000000000000000000000000000D7
:1059D00000000000000000000000000000000000C7
:1059E00000000000000000000000000000000000B7
:1059F00000000000000000000000000000000000A7
:105A00000000000000000000000000000000000096
:105A10000000000000000000000000000000000086
:105A20000000000000000000000000000000000076
:105A30000000000000000000000000000000000066
:105A40000000000000000000000000000000000056
:105A50000000000000000000000000000000000046
:105A60000000000000000000000000000000000036
:105A70000000000000000000000000000000000026
:105A80000000000000000000000000000000000016
:105A90000000000000000000000000000000000006
:105AA00000000000000000000000000000000000F6
:105AB00000000000000000000000000000000000E6
:105AC00000000000000000000000000000000000D6
:105AD00000000000000000000000000000000000C6
:105AE00000000000000000000000000000000000B6
:105AF00000000000000000000000000000000000A6
:105B00000000000000000000000000000000000095
:105B10000000000000000000000000000000000085
:105B20000000000000000000000000000000000075
:105B30000000000000000000000000000000000065
:105B40000000000000000000000000000000000055
:105B50000000000000000000000000000000000045
:105B60000000000000000000000000000000000035
:105B70000000000000000000000000000000000025
:105B80000000000000000000000000000000000015
:105B90000000000000000000000000000000000005
:105BA00000000000000000000000000000000000F5
:105BB00000000000000000000000000000000000E5
:105BC00000000000000000000000000000000000D5
:105BD00000000000000000000000000000000000C5
:105BE00000000000000000000000000000000000B5
:105BF00000000000000000000000000000000000A5
:105C00000000000000000000000000000000000094
:105C10000000000000000000000000000000000084
:105C20000000000000000000000000000000000074
:105C30000000000000000000000000000000000064
:105C40000000000000000000000000000000000054
:105C50000000000000000000000000000000000044
:105C60000000000000000000000000000000000034
:105C70000000000000000000000000000000000024
:105C80000000000000000000000000000000000014
:105C90000000000000000000000000000000000004
:105CA00000000000000000000000000000000000F4
:105CB00000000000000000000000000000000000E4
:105CC00000000000000000000000000000000000D4
:105CD00000000000000000000000000000000000C4
:105CE00000000000000000000000000000000000B4
:105CF00000000000000000000000000000000000A4
:105D00000000000000000000000000000000000093
:105D10000000000000000000000000000000000083
:105D20000000000000000000000000000000000073
:105D30000000000000000000000000000000000063
:105D40000000000000000000000000000000000053
:105D50000000000000000000000000000000000043
:105D60000000000000000000000000000000000033
:105D70000000000000000000000000000000000023
:105D80000000000000000000000000000000000013
:105D90000000000000000000000000000000000003
:105DA00000000000000000000000000000000000F3
:105DB00000000000000000000000000000000000E3
:105DC00000000000000000000000000000000000D3
:105DD00000000000000000000000000000000000C3
:105DE00000000000000000000000000000000000B3
:105DF00000000000000000000000000000000000A3
:105E00000000000000000000000000000000000092
:105E10000000000000000000000000000000000082
:105E20000000000000000000000000000000000072
:105E30000000000000000000000000000000000062
:105E40000000000000000000000000000000000052
:105E50000000000000000000000000000000000042
:105E60000000000000000000000000000000000032
:105E70000000000000000000000000000000000022
:105E80000000000000000000000000000000000012
:105E90000000000000000000000000000000000002
:105EA00000000000000000000000000000000000F2
:105EB00000000000000000000000000000000000E2
:105EC00000000000000000000000000000000000D2
:105ED00000000000000000000000000000000000C2
:105EE00000000000000000000000000000000000B2
:105EF00000000000000000000000000000000000A2
:105F00000000000000000000000000000000000091
:105F10000000000000000000000000000000000081
:105F20000000000000000000000000000000000071
:105F30000000000000000000000000000000000061
:105F40000000000000000000000000000000000051
:105F50000000000000000000000000000000000041
:105F60000000000000000000000000000000000031
:105F70000000000000000000000000000000000021
:105F80000000000000000000000000000000000011
:105F90000000000000000000000000000000000001
:105FA00000000000000000000000000000000000F1
:105FB00000000000000000000000000000000000E1
:105FC00000000000000000000000000000000000D1
:105FD00000000000000000000000000000000000C1
:105FE00000000000000000000000000000000000B1
:105FF00000000000000000000000000000000000A1
:106000000000000000000000000000000000000090
:106010000000000000000000000000000000000080
:106020000000000000000000000000000000000070
:106030000000000000000000000000000000000060
:106040000000000000000000000000000000000050
:106050000000000000000000000000000000000040
:106060000000000000000000000000000000000030
:106070000000000000000000000000000000000020
:106080000000000000000000000000000000000010
:106090000000000000000000000000000000000000
:1060A00000000000000000000000000000000000F0
:1060B00000000000000000000000000000000000E0
:1060C00000000000000000000000000000000000D0
:1060D00000000000000000000000000000000000C0
:1060E00000000000000000000000000000000000B0
:1060F00000000000000000000000000000000000A0
:10610000000000000000000000000000000000008F
:10611000000000000000000000000000000000007F
:10612000000000000000000000000000000000006F
:10613000000000000000000000000000000000005F
:10614000000000000000000000000000000000004F
:10615000000000000000000000000000000000003F
:10616000000000000000000000000000000000002F
:10617000000000000000000000000000000000001F
:10618000000000000000000000000000000000000F
:1061900000000000000000000000000000000000FF
:1061A00000000000000000000000000000000000EF
:1061B00000000000000000000000000000000000DF
:1061C00000000000000000000000000000000000CF
:1061D00000000000000000000000000000000000BF
:1061E00000000000000000000000000000000000AF
:1061F000000000000000000000000000000000009F
:10620000000000000000000000000000000000008E
:10621000000000000000000000000000000000007E
:10622000000000000000000000000000000000006E
:10623000000000000000000000000000000000005E
:10624000000000000000000000000000000000004E
:10625000000000000000000000000000000000003E
:10626000000000000000000000000000000000002E
:10627000000000000000000000000000000000001E
:10628000000000000000000000000000000000000E
:1062900000000000000000000000000000000000FE
:1062A00000000000000000000000000000000000EE
:1062B00000000000000000000000000000000000DE
:1062C00000000000000000000000000000000000CE
:1062D00000000000000000000000000000000000BE
:1062E00000000000000000000000000000000000AE
:1062F000000000000000000000000000000000009E
:10630000000000000000000000000000000000008D
:10631000000000000000000000000000000000007D
:10632000000000000000000000000000000000006D
:10633000000000000000000000000000000000005D
:10634000000000000000000000000000000000004D
:10635000000000000000000000000000000000003D
:10636000000000000000000000000000000000002D
:10637000000000000000000000000000000000001D
:10638000000000000000000000000000000000000D
:1063900000000000000000000000000000000000FD
:1063A00000000000000000000000000000000000ED
:1063B00000000000000000000000000000000000DD
:1063C00000000000000000000000000000000000CD
:1063D00000000000000000000000000000000000BD
:1063E00000000000000000000000000000000000AD
:1063F000000000000000000000000000000000009D
:10640000000000000000000000000000000000008C
:10641000000000000000000000000000000000007C
:10642000000000000000000000000000000000006C
:10643000000000000000000000000000000000005C
:10644000000000000000000000000000000000004C
:10645000000000000000000000000000000000003C
:10646000000000000000000000000000000000002C
:10647000000000000000000000000000000000001C
:10648000000000000000000000000000000000000C
:1064900000000000000000000000000000000000FC
:1064A00000000000000000000000000000000000EC
:1064B00000000000000000000000000000000000DC
:1064C00000000000000000000000000000000000CC
:1064D00000000000000000000000000000000000BC
:1064E00000000000000000000000000000000000AC
:1064F000000000000000000000000000000000009C
:10650000000000000000000000000000000000008B
:10651000000000000000000000000000000000007B
:10652000000000000000000000000000000000006B
:10653000000000000000000000000000000000005B
:10654000000000000000000000000000000000004B
:10655000000000000000000000000000000000003B
:10656000000000000000000000000000000000002B
:10657000000000000000000000000000000000001B
:10658000000000000000000000000000000000000B
:1065900000000000000000000000000000000000FB
:1065A00000000000000000000000000000000000EB
:1065B00000000000000000000000000000000000DB
:1065C00000000000000000000000000000000000CB
:1065D00000000000000000000000000000000000BB
:1065E00000000000000000000000000000000000AB
:1065F000000000000000000000000000000000009B
:10660000000000000000000000000000000000008A
:10661000000000000000000000000000000000007A
:10662000000000000000000000000000000000006A
:10663000000000000000000000000000000000005A
:10664000000000000000000000000000000000004A
:10665000000000000000000000000000000000003A
:10666000000000000000000000000000000000002A
:10667000000000000000000000000000000000001A
:10668000000000000000000000000000000000000A
:1066900000000000000000000000000000000000FA
:1066A00000000000000000000000000000000000EA
:1066B00000000000000000000000000000000000DA
:1066C00000000000000000000000000000000000CA
:1066D00000000000000000000000000000000000BA
:1066E00000000000000000000000000000000000AA
:1066F000000000000000000000000000000000009A
:106700000000000000000000000000000000000089
:106710000000000000000000000000000000000079
:106720000000000000000000000000000000000069
:106730000000000000000000000000000000000059
:106740000000000000000000000000000000000049
:106750000000000000000000000000000000000039
:106760000000000000000000000000000000000029
:106770000000000000000000000000000000000019
:106780000000000000000000000000000000000009
:1067900000000000000000000000000000000000F9
:1067A00000000000000000000000000000000000E9
:1067B00000000000000000000000000000000000D9
:1067C00000000000000000000000000000000000C9
:1067D00000000000000000000000000000000000B9
:1067E00000000000000000000000000000000000A9
:1067F0000000000000000000000000000000000099
:106800000000000000000000000000000000000088
:106810000000000000000000000000000000000078
:106820000000000000000000000000000000000068
:106830000000000000000000000000000000000058
:106840000000000000000000000000000000000048
:106850000000000000000000000000000000000038
:106860000000000000000000000000000000000028
:106870000000000000000000000000000000000018
:106880000000000000000000000000000000000008
:1068900000000000000000000000000000000000F8
:1068A00000000000000000000000000000000000E8
:1068B00000000000000000000000000000000000D8
:1068C00000000000000000000000000000000000C8
:1068D00000000000000000000000000000000000B8
:1068E00000000000000000000000000000000000A8
:1068F0000000000000000000000000000000000098
:106900000000000000000000000000000000000087
:106910000000000000000000000000000000000077
:106920000000000000000000000000000000000067
:106930000000000000000000000000000000000057
:106940000000000000000000000000000000000047
:106950000000000000000000000000000000000037
:106960000000000000000000000000000000000027
:106970000000000000000000000000000000000017
:106980000000000000000000000000000000000007
:1069900000000000000000000000000000000000F7
:1069A00000000000000000000000000000000000E7
:1069B00000000000000000000000000000000000D7
:1069C00000000000000000000000000000000000C7
:1069D00000000000000000000000000000000000B7
:1069E00000000000000000000000000000000000A7
:1069F0000000000000000000000000000000000097
:106A00000000000000000000000000000000000086
:106A10000000000000000000000000000000000076
:106A20000000000000000000000000000000000066
:106A30000000000000000000000000000000000056
:106A40000000000000000000000000000000000046
:106A50000000000000000000000000000000000036
:106A60000000000000000000000000000000000026
:106A70000000000000000000000000000000000016
:106A80000000000000000000000000000000000006
:106A900000000000000000000000000000000000F6
:106AA00000000000000000000000000000000000E6
:106AB00000000000000000000000000000000000D6
:106AC00000000000000000000000000000000000C6
:106AD00000000000000000000000000000000000B6
:106AE00000000000000000000000000000000000A6
:106AF0000000000000000000000000000000000096
:106B00000000000000000000000000000000000085
:106B10000000000000000000000000000000000075
:106B20000000000000000000000000000000000065
:106B30000000000000000000000000000000000055
:106B40000000000000000000000000000000000045
:106B50000000000000000000000000000000000035
:106B60000000000000000000000000000000000025
:106B70000000000000000000000000000000000015
:106B80000000000000000000000000000000000005
:106B900000000000000000000000000000000000F5
:106BA00000000000000000000000000000000000E5
:106BB00000000000000000000000000000000000D5
:106BC00000000000000000000000000000000000C5
:106BD00000000000000000000000000000000000B5
:106BE00000000000000000000000000000000000A5
:106BF0000000000000000000000000000000000095
:106C00000000000000000000000000000000000084
:106C10000000000000000000000000000000000074
:106C20000000000000000000000000000000000064
:106C30000000000000000000000000000000000054
:106C40000000000000000000000000000000000044
:106C50000000000000000000000000000000000034
:106C60000000000000000000000000000000000024
:106C70000000000000000000000000000000000014
:106C80000000000000000000000000000000000004
:106C900000000000000000000000000000000000F4
:106CA00000000000000000000000000000000000E4
:106CB00000000000000000000000000000000000D4
:106CC00000000000000000000000000000000000C4
:106CD00000000000000000000000000000000000B4
:106CE00000000000000000000000000000000000A4
:106CF0000000000000000000000000000000000094
:106D00000000000000000000000000000000000083
:106D10000000000000000000000000000000000073
:106D20000000000000000000000000000000000063
:106D30000000000000000000000000000000000053
:106D40000000000000000000000000000000000043
:106D50000000000000000000000000000000000033
:106D60000000000000000000000000000000000023
:106D70000000000000000000000000000000000013
:106D80000000000000000000000000000000000003
:106D900000000000000000000000000000000000F3
:106DA00000000000000000000000000000000000E3
:106DB00000000000000000000000000000000000D3
:106DC00000000000000000000000000000000000C3
:106DD00000000000000000000000000000000000B3
:106DE00000000000000000000000000000000000A3
:106DF0000000000000000000000000000000000093
:106E00000000000000000000000000000000000082
:106E10000000000000000000000000000000000072
:106E20000000000000000000000000000000000062
:106E30000000000000000000000000000000000052
:106E40000000000000000000000000000000000042
:106E50000000000000000000000000000000000032
:106E60000000000000000000000000000000000022
:106E70000000000000000000000000000000000012
:106E80000000000000000000000000000000000002
:106E900000000000000000000000000000000000F2
:106EA00000000000000000000000000000000000E2
:106EB00000000000000000000000000000000000D2
:106EC00000000000000000000000000000000000C2
:106ED00000000000000000000000000000000000B2
:106EE00000000000000000000000000000000000A2
:106EF0000000000000000000000000000000000092
:106F00000000000000000000000000000000000081
:106F10000000000000000000000000000000000071
:106F20000000000000000000000000000000000061
:106F30000000000000000000000000000000000051
:106F40000000000000000000000000000000000041
:106F50000000000000000000000000000000000031
:106F60000000000000000000000000000000000021
:106F70000000000000000000000000000000000011
:106F80000000000000000000000000000000000001
:106F900000000000000000000000000000000000F1
:106FA00000000000000000000000000000000000E1
:106FB00000000000000000000000000000000000D1
:106FC00000000000000000000000000000000000C1
:106FD00000000000000000000000000000000000B1
:106FE00000000000000000000000000000000000A1
:106FF0000000000000000000000000000000000091
:107000000000000000000000000000000000000080
:107010000000000000000000000000000000000070
:107020000000000000000000000000000000000060
:107030000000000000000000000000000000000050
:107040000000000000000000000000000000000040
:107050000000000000000000000000000000000030
:107060000000000000000000000000000000000020
:107070000000000000000000000000000000000010
:107080000000000000000000000000000000000000
:1070900000000000000000000000000000000000F0
:1070A00000000000000000000000000000000000E0
:1070B00000000000000000000000000000000000D0
:1070C00000000000000000000000000000000000C0
:1070D00000000000000000000000000000000000B0
:1070E00000000000000000000000000000000000A0
:1070F0000000000000000000000000000000000090
:10710000000000000000000000000000000000007F
:10711000000000000000000000000000000000006F
:10712000000000000000000000000000000000005F
:10713000000000000000000000000000000000004F
:10714000000000000000000000000000000000003F
:10715000000000000000000000000000000000002F
:10716000000000000000000000000000000000001F
:10717000000000000000000000000000000000000F
:1071800000000000000000000000000000000000FF
:1071900000000000000000000000000000000000EF
:1071A00000000000000000000000000000000000DF
:1071B00000000000000000000000000000000000CF
:1071C00000000000000000000000000000000000BF
:1071D00000000000000000000000000000000000AF
:1071E000000000000000000000000000000000009F
:1071F000000000000000000000000000000000008F
:10720000000000000000000000000000000000007E
:10721000000000000000000000000000000000006E
:10722000000000000000000000000000000000005E
:10723000000000000000000000000000000000004E
:10724000000000000000000000000000000000003E
:10725000000000000000000000000000000000002E
:10726000000000000000000000000000000000001E
:10727000000000000000000000000000000000000E
:1072800000000000000000000000000000000000FE
:1072900000000000000000000000000000000000EE
:1072A00000000000000000000000000000000000DE
:1072B00000000000000000000000000000000000CE
:1072C00000000000000000000000000000000000BE
:1072D00000000000000000000000000000000000AE
:1072E000000000000000000000000000000000009E
:1072F000000000000000000000000000000000008E
:10730000000000000000000000000000000000007D
:10731000000000000000000000000000000000006D
:10732000000000000000000000000000000000005D
:10733000000000000000000000000000000000004D
:10734000000000000000000000000000000000003D
:10735000000000000000000000000000000000002D
:10736000000000000000000000000000000000001D
:10737000000000000000000000000000000000000D
:1073800000000000000000000000000000000000FD
:1073900000000000000000000000000000000000ED
:1073A00000000000000000000000000000000000DD
:1073B00000000000000000000000000000000000CD
:1073C00000000000000000000000000000000000BD
:1073D00000000000000000000000000000000000AD
:1073E000000000000000000000000000000000009D
:1073F000000000000000000000000000000000008D
:10740000000000000000000000000000000000007C
:10741000000000000000000000000000000000006C
:10742000000000000000000000000000000000005C
:10743000000000000000000000000000000000004C
:10744000000000000000000000000000000000003C
:10745000000000000000000000000000000000002C
:10746000000000000000000000000000000000001C
:10747000000000000000000000000000000000000C
:1074800000000000000000000000000000000000FC
:1074900000000000000000000000000000000000EC
:1074A00000000000000000000000000000000000DC
:1074B00000000000000000000000000000000000CC
:1074C00000000000000000000000000000000000BC
:1074D00000000000000000000000000000000000AC
:1074E000000000000000000000000000000000009C
:1074F000000000000000000000000000000000008C
:10750000000000000000000000000000000000007B
:10751000000000000000000000000000000000006B
:10752000000000000000000000000000000000005B
:10753000000000000000000000000000000000004B
:10754000000000000000000000000000000000003B
:10755000000000000000000000000000000000002B
:10756000000000000000000000000000000000001B
:10757000000000000000000000000000000000000B
:1075800000000000000000000000000000000000FB
:1075900000000000000000000000000000000000EB
:1075A00000000000000000000000000000000000DB
:1075B00000000000000000000000000000000000CB
:1075C00000000000000000000000000000000000BB
:1075D00000000000000000000000000000000000AB
:1075E000000000000000000000000000000000009B
:1075F000000000000000000000000000000000008B
:10760000000000000000000000000000000000007A
:10761000000000000000000000000000000000006A
:10762000000000000000000000000000000000005A
:10763000000000000000000000000000000000004A
:10764000000000000000000000000000000000003A
:10765000000000000000000000000000000000002A
:10766000000000000000000000000000000000001A
:10767000000000000000000000000000000000000A
:1076800000000000000000000000000000000000FA
:1076900000000000000000000000000000000000EA
:1076A00000000000000000000000000000000000DA
:1076B00000000000000000000000000000000000CA
:1076C00000000000000000000000000000000000BA
:1076D00000000000000000000000000000000000AA
:1076E000000000000000000000000000000000009A
:1076F000000000000000000000000000000000008A
:107700000000000000000000000000000000000079
:107710000000000000000000000000000000000069
:107720000000000000000000000000000000000059
:107730000000000000000000000000000000000049
:107740000000000000000000000000000000000039
:107750000000000000000000000000000000000029
:107760000000000000000000000000000000000019
:107770000000000000000000000000000000000009
:1077800000000000000000000000000000000000F9
:1077900000000000000000000000000000000000E9
:1077A00000000000000000000000000000000000D9
:1077B00000000000000000000000000000000000C9
:1077C00000000000000000000000000000000000B9
:1077D00000000000000000000000000000000000A9
:1077E0000000000000000000000000000000000099
:1077F0000000000000000000000000000000000089
:107800000000000000000000000000000000000078
:107810000000000000000000000000000000000068
:107820000000000000000000000000000000000058
:107830000000000000000000000000000000000048
:107840000000000000000000000000000000000038
:107850000000000000000000000000000000000028
:107860000000000000000000000000000000000018
:107870000000000000000000000000000000000008
:1078800000000000000000000000000000000000F8
:1078900000000000000000000000000000000000E8
:1078A00000000000000000000000000000000000D8
:1078B00000000000000000000000000000000000C8
:1078C00000000000000000000000000000000000B8
:1078D00000000000000000000000000000000000A8
:1078E0000000000000000000000000000000000098
:1078F0000000000000000000000000000000000088
:107900000000000000000000000000000000000077
:107910000000000000000000000000000000000067
:107920000000000000000000000000000000000057
:107930000000000000000000000000000000000047
:107940000000000000000000000000000000000037
:107950000000000000000000000000000000000027
:107960000000000000000000000000000000000017
:107970000000000000000000000000000000000007
:1079800000000000000000000000000000000000F7
:1079900000000000000000000000000000000000E7
:1079A00000000000000000000000000000000000D7
:1079B00000000000000000000000000000000000C7
:1079C00000000000000000000000000000000000B7
:1079D00000000000000000000000000000000000A7
:1079E0000000000000000000000000000000000097
:1079F0000000000000000000000000000000000087
:107A00000000000000000000000000000000000076
:107A10000000000000000000000000000000000066
:107A20000000000000000000000000000000000056
:107A30000000000000000000000000000000000046
:107A40000000000000000000000000000000000036
:107A50000000000000000000000000000000000026
:107A60000000000000000000000000000000000016
:107A70000000000000000000000000000000000006
:107A800000000000000000000000000000000000F6
:107A900000000000000000000000000000000000E6
:107AA00000000000000000000000000000000000D6
:107AB00000000000000000000000000000000000C6
:107AC00000000000000000000000000000000000B6
:107AD00000000000000000000000000000000000A6
:107AE0000000000000000000000000000000000096
:107AF0000000000000000000000000000000000086
:107B00000000000000000000000000000000000075
:107B10000000000000000000000000000000000065
:107B20000000000000000000000000000000000055
:107B30000000000000000000000000000000000045
:107B40000000000000000000000000000000000035
:107B50000000000000000000000000000000000025
:107B60000000000000000000000000000000000015
:107B70000000000000000000000000000000000005
:107B800000000000000000000000000000000000F5
:107B900000000000000000000000000000000000E5
:107BA00000000000000000000000000000000000D5
:107BB00000000000000000000000000000000000C5
:107BC00000000000000000000000000000000000B5
:107BD00000000000000000000000000000000000A5
:107BE0000000000000000000000000000000000095
:107BF0000000000000000000000000000000000085
:107C00000000000000000000000000000000000074
:107C10000000000000000000000000000000000064
:107C20000000000000000000000000000000000054
:107C30000000000000000000000000000000000044
:107C40000000000000000000000000000000000034
:107C50000000000000000000000000000000000024
:107C60000000000000000000000000000000000014
:107C70000000000000000000000000000000000004
:107C800000000000000000000000000000000000F4
:107C900000000000000000000000000000000000E4
:107CA00000000000000000000000000000000000D4
:107CB00000000000000000000000000000000000C4
:107CC00000000000000000000000000000000000B4
:107CD00000000000000000000000000000000000A4
:107CE0000000000000000000000000000000000094
:107CF0000000000000000000000000000000000084
:107D00000000000000000000000000000000000073
:107D10000000000000000000000000000000000063
:107D20000000000000000000000000000000000053
:107D30000000000000000000000000000000000043
:107D40000000000000000000000000000000000033
:107D50000000000000000000000000000000000023
:107D60000000000000000000000000000000000013
:107D70000000000000000000000000000000000003
:107D800000000000000000000000000000000000F3
:107D900000000000000000000000000000000000E3
:107DA00000000000000000000000000000000000D3
:107DB00000000000000000000000000000000000C3
:107DC00000000000000000000000000000000000B3
:107DD00000000000000000000000000000000000A3
:107DE0000000000000000000000000000000000093
:107DF0000000000000000000000000000000000083
:107E00000000000000000000000000000000000072
:107E10000000000000000000000000000000000062
:107E20000000000000000000000000000000000052
:107E30000000000000000000000000000000000042
:107E40000000000000000000000000000000000032
:107E50000000000000000000000000000000000022
:107E60000000000000000000000000000000000012
:107E70000000000000000000000000000000000002
:107E800000000000000000000000000000000000F2
:107E900000000000000000000000000000000000E2
:107EA00000000000000000000000000000000000D2
:107EB00000000000000000000000000000000000C2
:107EC00000000000000000000000000000000000B2
:107ED00000000000000000000000000000000000A2
:107EE0000000000000000000000000000000000092
:107EF0000000000000000000000000000000000082
:107F00000000000000000000000000000000000071
:107F10000000000000000000000000000000000061
:107F20000000000000000000000000000000000051
:107F30000000000000000000000000000000000041
:107F40000000000000000000000000000000000031
:107F50000000000000000000000000000000000021
:107F60000000000000000000000000000000000011
:107F70000000000000000000000000000000000001
:107F800000000000000000000000000000000000F1
:107F900000000000000000000000000000000000E1
:107FA00000000000000000000000000000000000D1
:107FB00000000000000000000000000000000000C1
:107FC00000000000000000000000000000000000B1
:107FD00000000000000000000000000000000000A1
:107FE0000000000000000000000000000000000091
:107FF0000000000000000000000000000000000081
:108000000000000000000000000000000000000070
:108010000000000000000000000000000000000060
:108020000000000000000000000000000000000050
:108030000000000000000000000000000000000040
:108040000000000000000000000000000000000030
:108050000000000000000000000000000000000020
:108060000000000000000000000000000000000010
:108070000000000000000000000000000000000000
:1080800000000000000000000000000000000000F0
:1080900000000000000000000000000000000000E0
:1080A00000000000000000000000000000000000D0
:1080B00000000000000000000000000000000000C0
:1080C00000000000000000000000000000000000B0
:1080D00000000000000000000000000000000000A0
:1080E0000000000000000000000000000000000090
:1080F0000000000000000000000000000000000080
:10810000000000000000000000000000000000006F
:10811000000000000000000000000000000000005F
:10812000000000000000000000000000000000004F
:10813000000000000000000000000000000000003F
:10814000000000000000000000000000000000002F
:10815000000000000000000000000000000000001F
:10816000000000000000000000000000000000000F
:1081700000000000000000000000000000000000FF
:1081800000000000000000000000000000000000EF
:1081900000000000000000000000000000000000DF
:1081A00000000000000000000000000000000000CF
:1081B00000000000000000000000000000000000BF
:1081C00000000000000000000000000000000000AF
:1081D000000000000000000000000000000000009F
:1081E000000000000000000000000000000000008F
:1081F000000000000000000000000000000000007F
:10820000000000000000000000000000000000006E
:10821000000000000000000000000000000000005E
:10822000000000000000000000000000000000004E
:10823000000000000000000000000000000000003E
:10824000000000000000000000000000000000002E
:10825000000000000000000000000000000000001E
:10826000000000000000000000000000000000000E
:1082700000000000000000000000000000000000FE
:1082800000000000000000000000000000000000EE
:1082900000000000000000000000000000000000DE
:1082A00000000000000000000000000000000000CE
:1082B00000000000000000000000000000000000BE
:1082C00000000000000000000000000000000000AE
:1082D000000000000000000000000000000000009E
:1082E000000000000000000000000000000000008E
:1082F000000000000000000000000000000000007E
:10830000000000000000000000000000000000006D
:10831000000000000000000000000000000000005D
:10832000000000000000000000000000000000004D
:10833000000000000000000000000000000000003D
:10834000000000000000000000000000000000002D
:10835000000000000000000000000000000000001D
:10836000000000000000000000000000000000000D
:1083700000000000000000000000000000000000FD
:1083800000000000000000000000000000000000ED
:1083900000000000000000000000000000000000DD
:1083A00000000000000000000000000000000000CD
:1083B00000000000000000000000000000000000BD
:1083C00000000000000000000000000000000000AD
:1083D000000000000000000000000000000000009D
:1083E000000000000000000000000000000000008D
:1083F000000000000000000000000000000000007D
:10840000000000000000000000000000000000006C
:10841000000000000000000000000000000000005C
:10842000000000000000000000000000000000004C
:10843000000000000000000000000000000000003C
:10844000000000000000000000000000000000002C
:10845000000000000000000000000000000000001C
:10846000000000000000000000000000000000000C
:1084700000000000000000000000000000000000FC
:1084800000000000000000000000000000000000EC
:1084900000000000000000000000000000000000DC
:1084A00000000000000000000000000000000000CC
:1084B00000000000000000000000000000000000BC
:1084C00000000000000000000000000000000000AC
:1084D000000000000000000000000000000000009C
:1084E000000000000000000000000000000000008C
:1084F000000000000000000000000000000000007C
:10850000000000000000000000000000000000006B
:10851000000000000000000000000000000000005B
:10852000000000000000000000000000000000004B
:10853000000000000000000000000000000000003B
:10854000000000000000000000000000000000002B
:10855000000000000000000000000000000000001B
:10856000000000000000000000000000000000000B
:1085700000000000000000000000000000000000FB
:1085800000000000000000000000000000000000EB
:1085900000000000000000000000000000000000DB
:1085A00000000000000000000000000000000000CB
:1085B00000000000000000000000000000000000BB
:1085C00000000000000000000000000000000000AB
:1085D000000000000000000000000000000000009B
:1085E000000000000000000000000000000000008B
:1085F000000000000000000000000000000000007B
:10860000000000000000000000000000000000006A
:10861000000000000000000000000000000000005A
:10862000000000000000000000000000000000004A
:10863000000000000000000000000000000000003A
:10864000000000000000000000000000000000002A
:10865000000000000000000000000000000000001A
:10866000000000000000000000000000000000000A
:1086700000000000000000000000000000000000FA
:1086800000000000000000000000000000000000EA
:1086900000000000000000000000000000000000DA
:1086A00000000000000000000000000000000000CA
:1086B00000000000000000000000000000000000BA
:1086C00000000000000000000000000000000000AA
:1086D000000000000000000000000000000000009A
:1086E000000000000000000000000000000000008A
:1086F000000000000000000000000000000000007A
:108700000000000000000000000000000000000069
:108710000000000000000000000000000000000059
:108720000000000000000000000000000000000049
:108730000000000000000000000000000000000039
:108740000000000000000000000000000000000029
:108750000000000000000000000000000000000019
:108760000000000000000000000000000000000009
:1087700000000000000000000000000000000000F9
:1087800000000000000000000000000000000000E9
:1087900000000000000000000000000000000000D9
:1087A00000000000000000000000000000000000C9
:1087B00000000000000000000000000000000000B9
:1087C00000000000907F0000090000000000000091
:1087D0000000000000000000000000000000000099
:1087E0000000000000000000000000000000000089
:1087F0009A7F00000D000000000000000000000053
:108800000800000000000000000000000000000060
:108810000000000000000000000000000000000058
:108820000000000000000000000000000400000044
:108830000030FF00261F00000000000000000000C4
:108840000000000000000000000000000000000028
:108850000000000000000000000000000000000018
:108860000000000000000000000000000000000008
:1088700000000000000000000000000000000000F8
:1088800000000000000000000000000000000000E8
:1088900000000000000000000000000000000000D8
:1088A00000000000000000000000000000000000C8
:1088B00000000000000000000000000000000000B8
:1088C00000000000000000000000000000000000A8
:1088D0000000000000000000000000000000000098
:1088E0000000000000000000000000000000000088
:1088F0000000000000000000000000000000000078
:108900000000000000000000000000000000000067
:108910000000000000000000000000000000000057
:108920000000000000000000000000000000000047
:108930000000000000000000000000000000000037
:108940000000000000000000000000000000000027
:108950000000000000000000000000000000000017
:108960000000000000000000000000000000000007
:1089700000000000000000000000000000000000F7
:1089800000000000000000000000000000000000E7
:1089900000000000000000000000000000000000D7
:1089A00000000000000000000000000000000000C7
:1089B00000000000000000000000000000000000B7
:1089C00000000000000000000000000000000000A7
:1089D0000000000000000000000000000000000097
:1089E0000000000000000000000000000000000087
:1089F0000000000000000000000000000000000077
:108A00000000000000000000000000000000000066
:108A10000000000000000000000000000000000056
:108A20000000000000000000000000000000000046
:108A30000000000000000000000000000000000036
:108A40000000000000000000000000000000000026
:108A50000000000000000000000000000000000016
:108A60000000000000000000000000000000000006
:108A700000000000000000000000000000000000F6
:108A800000000000000000000000000000000000E6
:108A900000000000000000000000000000000000D6
:108AA00000000000000000000000000000000000C6
:108AB00000000000000000000000000000000000B6
:108AC00000000000000000000000000000000000A6
:108AD0000000000000000000000000000000000096
:108AE0000000000000000000000000000000000086
:108AF0000000000000000000000000000000000076
:108B00000000000000000000000000000000000065
:108B10000000000000000000000000000000000055
:108B20000000000000000000000000000000000045
:108B30000000000000000000000000000000000035
:108B40000000000000000000000000000000000025
:108B50000000000000000000000000000000000015
:108B60000000000000000000000000000000000005
:108B700000000000000000000000000000000000F5
:108B800000000000000000000000000000000000E5
:108B900000000000000000000000000000000000D5
:108BA00000000000000000000000000000000000C5
:108BB00000000000000000000000000000000000B5
:108BC00000000000000000000000000000000000A5
:108BD0000000000000000000000000000000000095
:108BE0000000000000000000000000000000000085
:108BF0000000000000000000000000000000000075
:108C00000000000000000000000000000000000064
:108C10000000000000000000000000000000000054
:108C20000000000000000000000000000000000044
:108C30000000000000000000000000000000000034
:108C40000000000000000000000000000000000024
:108C50000000000000000000000000000000000014
:108C60000000000000000000000000000000000004
:108C700000000000000000000000000000000000F4
:108C800000000000000000000000000000000000E4
:108C900000000000000000000000000000000000D4
:108CA00000000000000000000000000000000000C4
:108CB00000000000000000000000000000000000B4
:108CC00000000000000000000000000000000000A4
:108CD0000000000000000000000000000000000094
:108CE0000000000000000000000000000000000084
:108CF0000000000000000000000000000000000074
:108D00000000000000000000000000000000000063
:108D10000000000000000000000000000000000053
:108D20000000000000000000000000000000000043
:108D30000000000000000000000000000000000033
:108D40000000000000000000000000000000000023
:108D50000000000000000000000000000000000013
:108D60000000000000000000000000000000000003
:108D700000000000000000000000000000000000F3
:108D800000000000000000000000000000000000E3
:108D900000000000000000000000000000000000D3
:108DA00000000000000000000000000000000000C3
:108DB00000000000000000000000000000000000B3
:108DC00000000000000000000000000000000000A3
:108DD0000000000000000000000000000000000093
:108DE0000000000000000000000000000000000083
:108DF0000000000000000000000000000000000073
:108E00000000000000000000000000000000000062
:108E10000000000000000000000000000000000052
:108E20000000000000000000000000000000000042
:108E30000000000000000000000000000000000032
:108E40000000000000000000000000000000000022
:108E50000000000000000000000000000000000012
:108E60000000000000000000000000000000000002
:108E700000000000000000000000000000000000F2
:108E800000000000000000000000000000000000E2
:108E900000000000000000000000000000000000D2
:108EA00000000000000000000000000000000000C2
:108EB00000000000000000000000000000000000B2
:108EC00000000000000000000000000000000000A2
:108ED0000000000000000000000000000000000092
:108EE0000000000000000000000000000000000082
:108EF0000000000000000000000000000000000072
:108F00000000000000000000000000000000000061
:108F10000000000000000000000000000000000051
:108F20000000000000000000000000000000000041
:108F30000000000000000000000000000000000031
:108F40000000000000000000000000000000000021
:108F50000000000000000000000000000000000011
:108F60000000000000000000000000000000000001
:108F700000000000000000000000000000000000F1
:108F800000000000000000000000000000000000E1
:108F900000000000000000000000000000000000D1
:108FA00000000000000000000000000000000000C1
:108FB00000000000000000000000000000000000B1
:108FC00000000000000000000000000000000000A1
:108FD0000000000000000000000000000000000091
:108FE0000000000000000000000000000000000081
:108FF0000000000000000000000000000000000071
:109000000000000000000000000000000000000060
:109010000000000000000000000000000000000050
:109020000000000000000000000000000000000040
:109030000000000000000000000000000000000030
:109040000000000000000000000000000000000020
:109050000000000000000000000000000000000010
:109060000000000000000000000000000000000000
:1090700000000000000000000000000000000000F0
:1090800000000000000000000000000000000000E0
:1090900000000000000000000000000000000000D0
:1090A00000000000000000000000000000000000C0
:1090B00000000000000000000000000000000000B0
:1090C00000000000000000000000000000000000A0
:1090D0000000000000000000000000000000000090
:1090E0000000000000000000000000000000000080
:1090F0000000000000000000000000000000000070
:10910000000000000000000000000000000000005F
:10911000000000000000000000000000000000004F
:10912000000000000000000000000000000000003F
:10913000000000000000000000000000000000002F
:10914000000000000000000000000000000000001F
:10915000000000000000000000000000000000000F
:1091600000000000000000000000000000000000FF
:1091700000000000000000000000000000000000EF
:1091800000000000000000000000000000000000DF
:1091900000000000000000000000000000000000CF
:1091A00000000000000000000000000000000000BF
:1091B00000000000000000000000000000000000AF
:1091C000000000000000000000000000000000009F
:1091D000000000000000000000000000000000008F
:1091E000000000000000000000000000000000007F
:1091F000000000000000000000000000000000006F
:10920000000000000000000000000000000000005E
:10921000000000000000000000000000000000004E
:10922000000000000000000000000000000000003E
:10923000000000000000000000000000000000002E
:10924000000000000000000000000000000000001E
:10925000000000000000000000000000000000000E
:1092600000000000000000000000000000000000FE
:1092700000000000000000000000000000000000EE
:1092800000000000000000000000000000000000DE
:1092900000000000000000000000000000000000CE
:1092A00000000000000000000000000000000000BE
:1092B00000000000000000000000000000000000AE
:1092C000000000000000000000000000000000009E
:1092D000000000000000000000000000000000008E
:1092E000000000000000000000000000000000007E
:1092F000000000000000000000000000000000006E
:10930000000000000000000000000000000000005D
:10931000000000000000000000000000000000004D
:10932000000000000000000000000000000000003D
:10933000000000000000000000000000000000002D
:10934000000000000000000000000000000000001D
:10935000000000000000000000000000000000000D
:1093600000000000000000000000000000000000FD
:1093700000000000000000000000000000000000ED
:1093800000000000000000000000000000000000DD
:1093900000000000000000000000000000000000CD
:1093A00000000000000000000000000000000000BD
:1093B00000000000000000000000000000000000AD
:1093C000000000000000000000000000000000009D
:1093D000000000000000000000000000000000008D
:1093E000000000000000000000000000000000007D
:1093F000000000000000000000000000000000006D
:10940000000000000000000000000000000000005C
:10941000000000000000000000000000000000004C
:10942000000000000000000000000000000000003C
:10943000000000000000000000000000000000002C
:10944000000000000000000000000000000000001C
:10945000000000000000000000000000000000000C
:1094600000000000000000000000000000000000FC
:1094700000000000000000000000000000000000EC
:1094800000000000000000000000000000000000DC
:1094900000000000000000000000000000000000CC
:1094A00000000000000000000000000000000000BC
:1094B00000000000000000000000000000000000AC
:1094C000000000000000000000000000000000009C
:1094D000000000000000000000000000000000008C
:1094E000000000000000000000000000000000007C
:1094F000000000000000000000000000000000006C
:10950000000000000000000000000000000000005B
:10951000000000000000000000000000000000004B
:10952000000000000000000000000000000000003B
:10953000000000000000000000000000000000002B
:10954000000000000000000000000000000000001B
:10955000000000000000000000000000000000000B
:1095600000000000000000000000000000000000FB
:1095700000000000000000000000000000000000EB
:1095800000000000000000000000000000000000DB
:1095900000000000000000000000000000000000CB
:1095A00000000000000000000000000000000000BB
:1095B00000000000000000000000000000000000AB
:1095C000000000000000000000000000000000009B
:1095D000000000000000000000000000000000008B
:1095E000000000000000000000000000000000007B
:1095F000000000000000000000000000000000006B
:10960000000000000000000000000000000000005A
:10961000000000000000000000000000000000004A
:10962000000000000000000000000000000000003A
:10963000000000000000000000000000000000002A
:10964000000000000000000000000000000000001A
:10965000000000000000000000000000000000000A
:1096600000000000000000000000000000000000FA
:1096700000000000000000000000000000000000EA
:1096800000000000000000000000000000000000DA
:1096900000000000000000000000000000000000CA
:1096A00000000000000000000000000000000000BA
:1096B00000000000000000000000000000000000AA
:1096C000000000000000000000000000000000009A
:1096D000000000000000000000000000000000008A
:1096E000000000000000000000000000000000007A
:1096F000000000000000000000000000000000006A
:109700000000000000000000000000000000000059
:109710000000000000000000000000000000000049
:109720000000000000000000000000000000000039
:109730000000000000000000000000000000000029
:109740000000000000000000000000000000000019
:109750000000000000000000000000000000000009
:1097600000000000000000000000000000000000F9
:1097700000000000000000000000000000000000E9
:1097800000000000000000000000000000000000D9
:1097900000000000000000000000000000000000C9
:1097A00000000000000000000000000000000000B9
:1097B00000000000000000000000000000000000A9
:1097C0000000000000000000000000000000000099
:1097D0000000000000000000000000000000000089
:1097E0000000000000000000000000000000000079
:1097F0000000000000000000000000000000000069
:109800000000000000000000000000000000000058
:109810000000000000000000000000000000000048
:109820000000000000000000000000000000000038
:109830000000000000000000000000000000000028
:109840000000000000000000000000000000000018
:109850000000000000000000000000000000000008
:1098600000000000000000000000000000000000F8
:1098700000000000000000000000000000000000E8
:1098800000000000000000000000000000000000D8
:1098900000000000000000000000000000000000C8
:1098A00000000000000000000000000000000000B8
:1098B00000000000000000000000000000000000A8
:1098C0000000000000000000000000000000000098
:1098D0000000000000000000000000000000000088
:1098E0000000000000000000000000000000000078
:1098F0000000000000000000000000000000000068
:109900000000000000000000000000000000000057
:109910000000000000000000000000000000000047
:109920000000000000000000000000000000000037
:109930000000000000000000000000000000000027
:109940000000000000000000000000000000000017
:109950000000000000000000000000000000000007
:1099600000000000000000000000000000000000F7
:1099700000000000000000000000000000000000E7
:1099800000000000000000000000000000000000D7
:1099900000000000000000000000000000000000C7
:1099A00000000000000000000000000000000000B7
:1099B00000000000000000000000000000000000A7
:1099C0000000000000000000000000000000000097
:1099D0000000000000000000000000000000000087
:1099E0000000000000000000000000000000000077
:1099F0000000000000000000000000000000000067
:109A00000000000000000000000000000000000056
:109A10000000000000000000000000000000000046
:109A20000000000000000000000000000000000036
:109A30000000000000000000000000000000000026
:109A40000000000000000000000000000000000016
:109A50000000000000000000000000000000000006
:109A600000000000000000000000000000000000F6
:109A700000000000000000000000000000000000E6
:109A800000000000000000000000000000000000D6
:109A900000000000000000000000000000000000C6
:109AA00000000000000000000000000000000000B6
:109AB00000000000000000000000000000000000A6
:109AC0000000000000000000000000000000000096
:109AD0000000000000000000000000000000000086
:109AE0000000000000000000000000000000000076
:109AF0000000000000000000000000000000000066
:109B00000000000000000000000000000000000055
:109B10000000000000000000000000000000000045
:109B20000000000000000000000000000000000035
:109B30000000000000000000000000000000000025
:109B40000000000000000000000000000000000015
:109B50000000000000000000000000000000000005
:109B600000000000000000000000000000000000F5
:109B700000000000000000000000000000000000E5
:109B800000000000000000000000000000000000D5
:109B900000000000000000000000000000000000C5
:109BA00000000000000000000000000000000000B5
:109BB00000000000000000000000000000000000A5
:109BC0000000000000000000000000000000000095
:109BD0000000000000000000000000000000000085
:109BE0000000000000000000000000000000000075
:109BF0000000000000000000000000000000000065
:109C00000000000000000000000000000000000054
:109C10000000000000000000000000000000000044
:109C20000000000000000000000000000000000034
:109C30000000000000000000000000000000000024
:109C40000000000000000000000000000000000014
:109C50000000000000000000000000000000000004
:109C600000000000000000000000000000000000F4
:109C700000000000000000000000000000000000E4
:109C800000000000000000000000000000000000D4
:109C900000000000000000000000000000000000C4
:109CA00000000000000000000000000000000000B4
:109CB00000000000000000000000000000000000A4
:109CC0000000000000000000000000000000000094
:109CD0000000000000000000000000000000000084
:109CE0000000000000000000000000000000000074
:109CF0000000000000000000000000000000000064
:109D00000000000000000000000000000000000053
:109D10000000000000000000000000000000000043
:109D20000000000000000000000000000000000033
:109D30000000000000000000000000000000000023
:109D40000000000000000000000000000000000013
:109D50000000000000000000000000000000000003
:109D600000000000000000000000000000000000F3
:109D700000000000000000000000000000000000E3
:109D800000000000000000000000000000000000D3
:109D900000000000000000000000000000000000C3
:109DA00000000000000000000000000000000000B3
:109DB00000000000000000000000000000000000A3
:109DC0000000000000000000000000000000000093
:109DD0000000000000000000000000000000000083
:109DE0000000000000000000000000000000000073
:109DF0000000000000000000000000000000000063
:109E00000000000000000000000000000000000052
:109E10000000000000000000000000000000000042
:109E20000000000000000000000000000000000032
:109E30000000000000000000000000000000000022
:109E40000000000000000000000000000000000012
:109E50000000000000000000000000000000000002
:109E600000000000000000000000000000000000F2
:109E700000000000000000000000000000000000E2
:109E800000000000000000000000000000000000D2
:109E900000000000000000000000000000000000C2
:109EA00000000000000000000000000000000000B2
:109EB00000000000000000000000000000000000A2
:109EC0000000000000000000000000000000000092
:109ED0000000000000000000000000000000000082
:109EE0000000000000000000000000000000000072
:109EF0000000000000000000000000000000000062
:109F00000000000000000000000000000000000051
:109F10000000000000000000000000000000000041
:109F20000000000000000000000000000000000031
:109F30000000000000000000000000000000000021
:109F40000000000000000000000000000000000011
:109F50000000000000000000000000000000000001
:109F600000000000000000000000000000000000F1
:109F700000000000000000000000000000000000E1
:109F800000000000000000000000000000000000D1
:109F900000000000000000000000000000000000C1
:109FA00000000000000000000000000000000000B1
:109FB00000000000000000000000000000000000A1
:109FC0000000000000000000000000000000000091
:109FD0000000000000000000000000000000000081
:109FE0000000000000000000000000000000000071
:109FF0000000000000000000000000000000000061
:10A000000000000000000000000000000000000050
:10A010000000000000000000000000000000000040
:10A020000000000000000000000000000000000030
:10A030000000000000000000000000000000000020
:10A040000000000000000000000000000000000010
:10A050000000000000000000000000000000000000
:10A0600000000000000000000000000000000000F0
:10A0700000000000000000000000000000000000E0
:10A0800000000000000000000000000000000000D0
:10A0900000000000000000000000000000000000C0
:10A0A00000000000000000000000000000000000B0
:10A0B00000000000000000000000000000000000A0
:10A0C0000000000000000000000000000000000090
:10A0D0000000000000000000000000000000000080
:10A0E0000000000000000000000000000000000070
:10A0F0000000000000000000000000000000000060
:10A10000000000000000000000000000000000004F
:10A11000000000000000000000000000000000003F
:10A12000000000000000000000000000000000002F
:10A13000000000000000000000000000000000001F
:10A14000000000000000000000000000000000000F
:10A1500000000000000000000000000000000000FF
:10A1600000000000000000000000000000000000EF
:10A1700000000000000000000000000000000000DF
:10A1800000000000000000000000000000000000CF
:10A1900000000000000000000000000000000000BF
:10A1A00000000000000000000000000000000000AF
:10A1B000000000000000000000000000000000009F
:10A1C000000000000000000000000000000000008F
:10A1D000000000000000000000000000000000007F
:10A1E000000000000000000000000000000000006F
:10A1F000000000000000000000000000000000005F
:10A20000000000000000000000000000000000004E
:10A21000000000000000000000000000000000003E
:10A22000000000000000000000000000000000002E
:10A23000000000000000000000000000000000001E
:10A24000000000000000000000000000000000000E
:10A2500000000000000000000000000000000000FE
:10A2600000000000000000000000000000000000EE
:10A2700000000000000000000000000000000000DE
:10A2800000000000000000000000000000000000CE
:10A2900000000000000000000000000000000000BE
:10A2A00000000000000000000000000000000000AE
:10A2B000000000000000000000000000000000009E
:10A2C000000000000000000000000000000000008E
:10A2D000000000000000000000000000000000007E
:10A2E000000000000000000000000000000000006E
:10A2F000000000000000000000000000000000005E
:10A30000000000000000000000000000000000004D
:10A31000000000000000000000000000000000003D
:10A32000000000000000000000000000000000002D
:10A33000000000000000000000000000000000001D
:10A34000000000000000000000000000000000000D
:10A3500000000000000000000000000000000000FD
:10A3600000000000000000000000000000000000ED
:10A3700000000000000000000000000000000000DD
:10A3800000000000000000000000000000000000CD
:10A3900000000000000000000000000000000000BD
:10A3A00000000000000000000000000000000000AD
:10A3B000000000000000000000000000000000009D
:10A3C000000000000000000000000000000000008D
:10A3D000000000000000000000000000000000007D
:10A3E000000000000000000000000000000000006D
:10A3F000000000000000000000000000000000005D
:10A40000000000000000000000000000000000004C
:10A41000000000000000000000000000000000003C
:10A42000000000000000000000000000000000002C
:10A43000000000000000000000000000000000001C
:10A44000000000000000000000000000000000000C
:10A4500000000000000000000000000000000000FC
:10A4600000000000000000000000000000000000EC
:10A4700000000000000000000000000000000000DC
:10A4800000000000000000000000000000000000CC
:10A4900000000000000000000000000000000000BC
:10A4A00000000000000000000000000000000000AC
:10A4B000000000000000000000000000000000009C
:10A4C000000000000000000000000000000000008C
:10A4D000000000000000000000000000000000007C
:10A4E000000000000000000000000000000000006C
:10A4F000000000000000000000000000000000005C
:10A50000000000000000000000000000000000004B
:10A51000000000000000000000000000000000003B
:10A52000000000000000000000000000000000002B
:10A53000000000000000000000000000000000001B
:10A54000000000000000000000000000000000000B
:10A5500000000000000000000000000000000000FB
:10A5600000000000000000000000000000000000EB
:10A5700000000000000000000000000000000000DB
:10A5800000000000000000000000000000000000CB
:10A5900000000000000000000000000000000000BB
:10A5A00000000000000000000000000000000000AB
:10A5B000000000000000000000000000000000009B
:10A5C000000000000000000000000000000000008B
:10A5D000000000000000000000000000000000007B
:10A5E000000000000000000000000000000000006B
:10A5F000000000000000000000000000000000005B
:10A60000000000000000000000000000000000004A
:10A61000000000000000000000000000000000003A
:10A62000000000000000000000000000000000002A
:10A63000000000000000000000000000000000001A
:10A64000000000000000000000000000000000000A
:10A6500000000000000000000000000000000000FA
:10A6600000000000000000000000000000000000EA
:10A6700000000000000000000000000000000000DA
:10A6800000000000000000000000000000000000CA
:10A6900000000000000000000000000000000000BA
:10A6A00000000000000000000000000000000000AA
:10A6B000000000000000000000000000000000009A
:10A6C000000000000000000000000000000000008A
:10A6D000000000000000000000000000000000007A
:10A6E000000000000000000000000000000000006A
:10A6F000000000000000000000000000000000005A
:10A700000000000000000000000000000000000049
:10A710000000000000000000000000000000000039
:10A720000000000000000000000000000000000029
:10A730000000000000000000000000000000000019
:10A740000000000000000000000000000000000009
:10A7500000000000000000000000000000000000F9
:10A7600000000000000000000000000000000000E9
:10A7700000000000000000000000000000000000D9
:10A7800000000000000000000000000000000000C9
:10A7900000000000000000000000000000000000B9
:10A7A00000000000000000000000000000000000A9
:10A7B0000000000000000000000000000000000099
:10A7C0000000000000000000000000000000000089
:10A7D0000000000000000000000000000000000079
:10A7E0000000000000000000000000000000000069
:10A7F0000000000000000000000000000000000059
:10A800000000000000000000000000000000000048
:10A810000000000000000000000000000000000038
:10A820000000000000000000000000000000000028
:10A830000000000000000000000000000000000018
:10A840000000000000000000000000000000000008
:10A8500000000000000000000000000000000000F8
:10A8600000000000000000000000000000000000E8
:10A8700000000000000000000000000000000000D8
:10A8800000000000000000000000000000000000C8
:10A8900000000000000000000000000000000000B8
:10A8A00000000000000000000000000000000000A8
:10A8B0000000000000000000000000000000000098
:10A8C0000000000000000000000000000000000088
:10A8D0000000000000000000000000000000000078
:10A8E0000000000000000000000000000000000068
:10A8F0000000000000000000000000000000000058
:10A900000000000000000000000000000000000047
:10A910000000000000000000000000000000000037
:10A920000000000000000000000000000000000027
:10A930000000000000000000000000000000000017
:10A940000000000000000000000000000000000007
:10A9500000000000000000000000000000000000F7
:10A9600000000000000000000000000000000000E7
:10A9700000000000000000000000000000000000D7
:10A9800000000000000000000000000000000000C7
:10A9900000000000000000000000000000000000B7
:10A9A00000000000000000000000000000000000A7
:10A9B0000000000000000000000000000000000097
:10A9C0000000000000000000000000000000000087
:10A9D0000000000000000000000000000000000077
:10A9E0000000000000000000000000000000000067
:10A9F0000000000000000000000000000000000057
:10AA00000000000000000000000000000000000046
:10AA10000000000000000000000000000000000036
:10AA20000000000000000000000000000000000026
:10AA30000000000000000000000000000000000016
:10AA40000000000000000000000000000000000006
:10AA500000000000000000000000000000000000F6
:10AA600000000000000000000000000000000000E6
:10AA700000000000000000000000000000000000D6
:10AA800000000000000000000000000000000000C6
:10AA900000000000000000000000000000000000B6
:10AAA00000000000000000000000000000000000A6
:10AAB0000000000000000000000000000000000096
:10AAC0000000000000000000000000000000000086
:10AAD0000000000000000000000000000000000076
:10AAE0000000000000000000000000000000000066
:10AAF0000000000000000000000000000000000056
:10AB00000000000000000000000000000000000045
:10AB10000000000000000000000000000000000035
:10AB20000000000000000000000000000000000025
:10AB30000000000000000000000000000000000015
:10AB40000000000000000000000000000000000005
:10AB500000000000000000000000000000000000F5
:10AB600000000000000000000000000000000000E5
:10AB700000000000000000000000000000000000D5
:10AB800000000000000000000000000000000000C5
:10AB900000000000000000000000000000000000B5
:10ABA00000000000000000000000000000000000A5
:10ABB0000000000000000000000000000000000095
:10ABC0000000000000000000000000000000000085
:10ABD0000000000000000000000000000000000075
:10ABE0000000000000000000000000000000000065
:10ABF0000000000000000000000000000000000055
:10AC00000000000000000000000000000000000044
:10AC10000000000000000000000000000000000034
:10AC20000000000000000000000000000000000024
:10AC30000000000000000000000000000000000014
:10AC40000000000000000000000000000000000004
:10AC500000000000000000000000000000000000F4
:10AC600000000000000000000000000000000000E4
:10AC700000000000000000000000000000000000D4
:10AC800000000000000000000000000000000000C4
:10AC900000000000000000000000000000000000B4
:10ACA00000000000000000000000000000000000A4
:10ACB0000000000000000000000000000000000094
:10ACC0000000000000000000000000000000000084
:10ACD0000000000000000000000000000000000074
:10ACE0000000000000000000000000000000000064
:10ACF0000000000000000000000000000000000054
:10AD00000000000000000000000000000000000043
:10AD10000000000000000000000000000000000033
:10AD20000000000000000000000000000000000023
:10AD30000000000000000000000000000000000013
:10AD40000000000000000000000000000000000003
:10AD500000000000000000000000000000000000F3
:10AD600000000000000000000000000000000000E3
:10AD700000000000000000000000000000000000D3
:10AD800000000000000000000000000000000000C3
:10AD900000000000000000000000000000000000B3
:10ADA00000000000000000000000000000000000A3
:10ADB0000000000000000000000000000000000093
:10ADC0000000000000000000000000000000000083
:10ADD0000000000000000000000000000000000073
:10ADE0000000000000000000000000000000000063
:10ADF0000000000000000000000000000000000053
:10AE00000000000000000000000000000000000042
:10AE10000000000000000000000000000000000032
:10AE20000000000000000000000000000000000022
:10AE30000000000000000000000000000000000012
:10AE40000000000000000000000000000000000002
:10AE500000000000000000000000000000000000F2
:10AE600000000000000000000000000000000000E2
:10AE700000000000000000000000000000000000D2
:10AE800000000000000000000000000000000000C2
:10AE900000000000000000000000000000000000B2
:10AEA00000000000000000000000000000000000A2
:10AEB0000000000000000000000000000000000092
:10AEC0000000000000000000000000000000000082
:10AED0000000000000000000000000000000000072
:10AEE0000000000000000000000000000000000062
:10AEF0000000000000000000000000000000000052
:10AF00000000000000000000000000000000000041
:10AF10000000000000000000000000000000000031
:10AF20000000000000000000000000000000000021
:10AF30000000000000000000000000000000000011
:10AF40000000000000000000000000000000000001
:10AF500000000000000000000000000000000000F1
:10AF600000000000000000000000000000000000E1
:10AF700000000000000000000000000000000000D1
:10AF800000000000000000000000000000000000C1
:10AF900000000000000000000000000000000000B1
:10AFA00000000000000000000000000000000000A1
:10AFB0000000000000000000000000000000000091
:10AFC0000000000000000000000000000000000081
:10AFD0000000000000000000000000000000000071
:10AFE0000000000000000000000000000000000061
:10AFF0000000000000000000000000000000000051
:10B000000000000000000000000000000000000040
:10B010000000000000000000000000000000000030
:10B020000000000000000000000000000000000020
:10B030000000000000000000000000000000000010
:10B040000000000000000000000000000000000000
:10B0500000000000000000000000000000000000F0
:10B0600000000000000000000000000000000000E0
:10B0700000000000000000000000000000000000D0
:10B0800000000000000000000000000000000000C0
:10B0900000000000000000000000000000000000B0
:10B0A00000000000000000000000000000000000A0
:10B0B0000000000000000000000000000000000090
:10B0C0000000000000000000000000000000000080
:10B0D0000000000000000000000000000000000070
:10B0E0000000000000000000000000000000000060
:10B0F0000000000000000000000000000000000050
:10B10000000000000000000000000000000000003F
:10B11000000000000000000000000000000000002F
:10B12000000000000000000000000000000000001F
:10B13000000000000000000000000000000000000F
:10B1400000000000000000000000000000000000FF
:10B1500000000000000000000000000000000000EF
:10B1600000000000000000000000000000000000DF
:10B1700000000000000000000000000000000000CF
:10B1800000000000000000000000000000000000BF
:10B1900000000000000000000000000000000000AF
:10B1A000000000000000000000000000000000009F
:10B1B000000000000000000000000000000000008F
:10B1C000000000000000000000000000000000007F
:10B1D000000000000000000000000000000000006F
:10B1E000000000000000000000000000000000005F
:10B1F000000000000000000000000000000000004F
:10B20000000000000000000000000000000000003E
:10B21000000000000000000000000000000000002E
:10B22000000000000000000000000000000000001E
:10B23000000000000000000000000000000000000E
:10B2400000000000000000000000000000000000FE
:10B2500000000000000000000000000000000000EE
:10B2600000000000000000000000000000000000DE
:10B2700000000000000000000000000000000000CE
:10B2800000000000000000000000000000000000BE
:10B2900000000000000000000000000000000000AE
:10B2A000000000000000000000000000000000009E
:10B2B000000000000000000000000000000000008E
:10B2C000000000000000000000000000000000007E
:10B2D000000000000000000000000000000000006E
:10B2E000000000000000000000000000000000005E
:10B2F000000000000000000000000000000000004E
:10B30000000000000000000000000000000000003D
:10B31000000000000000000000000000000000002D
:10B32000000000000000000000000000000000001D
:10B33000000000000000000000000000000000000D
:10B3400000000000000000000000000000000000FD
:10B3500000000000000000000000000000000000ED
:10B3600000000000000000000000000000000000DD
:10B3700000000000000000000000000000000000CD
:10B3800000000000000000000000000000000000BD
:10B3900000000000000000000000000000000000AD
:10B3A000000000000000000000000000000000009D
:10B3B000000000000000000000000000000000008D
:10B3C000000000000000000000000000000000007D
:10B3D000000000000000000000000000000000006D
:10B3E000000000000000000000000000000000005D
:10B3F000000000000000000000000000000000004D
:10B40000000000000000000000000000000000003C
:10B41000000000000000000000000000000000002C
:10B42000000000000000000000000000000000001C
:10B43000000000000000000000000000000000000C
:10B4400000000000000000000000000000000000FC
:10B4500000000000000000000000000000000000EC
:10B4600000000000000000000000000000000000DC
:10B4700000000000000000000000000000000000CC
:10B4800000000000000000000000000000000000BC
:10B4900000000000000000000000000000000000AC
:10B4A000000000000000000000000000000000009C
:10B4B000000000000000000000000000000000008C
:10B4C000000000000000000000000000000000007C
:10B4D000000000000000000000000000000000006C
:10B4E000000000000000000000000000000000005C
:10B4F000000000000000000000000000000000004C
:10B50000000000000000000000000000000000003B
:10B51000000000000000000000000000000000002B
:10B52000000000000000000000000000000000001B
:10B53000000000000000000000000000000000000B
:10B5400000000000000000000000000000000000FB
:10B5500000000000000000000000000000000000EB
:10B5600000000000000000000000000000000000DB
:10B5700000000000000000000000000000000000CB
:10B5800000000000000000000000000000000000BB
:10B5900000000000000000000000000000000000AB
:10B5A000000000000000000000000000000000009B
:10B5B000000000000000000000000000000000008B
:10B5C000000000000000000000000000000000007B
:10B5D000000000000000000000000000000000006B
:10B5E000000000000000000000000000000000005B
:10B5F000000000000000000000000000000000004B
:10B60000000000000000000000000000000000003A
:10B61000000000000000000000000000000000002A
:10B62000000000000000000000000000000000001A
:10B63000000000000000000000000000000000000A
:10B6400000000000000000000000000000000000FA
:10B6500000000000000000000000000000000000EA
:10B6600000000000000000000000000000000000DA
:10B6700000000000000000000000000000000000CA
:10B6800000000000000000000000000000000000BA
:10B6900000000000000000000000000000000000AA
:10B6A000000000000000000000000000000000009A
:10B6B000000000000000000000000000000000008A
:10B6C000000000000000000000000000000000007A
:10B6D000000000000000000000000000000000006A
:10B6E000000000000000000000000000000000005A
:10B6F000000000000000000000000000000000004A
:10B700000000000000000000000000000000000039
:10B710000000000000000000000000000000000029
:10B720000000000000000000000000000000000019
:10B730000000000000000000000000000000000009
:10B7400000000000000000000000000000000000F9
:10B7500000000000000000000000000000000000E9
:10B7600000000000000000000000000000000000D9
:10B7700000000000000000000000000000000000C9
:10B7800000000000000000000000000000000000B9
:10B7900000000000000000000000000000000000A9
:10B7A0000000000000000000000000000000000099
:10B7B0000000000000000000000000000000000089
:10B7C0000000000000000000000000000000000079
:10B7D0000000000000000000000000000000000069
:10B7E0000000000000000000000000000000000059
:10B7F0000000000000000000000000000000000049
:10B800000000000000000000000000000000000038
:10B810000000000000000000000000000000000028
:10B820000000000000000000000000000000000018
:10B830000000000000000000000000000000000008
:10B8400000000000000000000000000000000000F8
:10B8500000000000000000000000000000000000E8
:10B8600000000000000000000000000000000000D8
:10B8700000000000000000000000000000000000C8
:10B8800000000000000000000000000000000000B8
:10B8900000000000000000000000000000000000A8
:10B8A0000000000000000000000000000000000098
:10B8B0000000000000000000000000000000000088
:10B8C0000000000000000000000000000000000078
:10B8D0000000000000000000000000000000000068
:10B8E0000000000000000000000000000000000058
:10B8F0000000000000000000000000000000000048
:10B900000000000000000000000000000000000037
:10B910000000000000000000000000000000000027
:10B920000000000000000000000000000000000017
:10B930000000000000000000000000000000000007
:10B9400000000000000000000000000000000000F7
:10B9500000000000000000000000000000000000E7
:10B9600000000000000000000000000000000000D7
:10B9700000000000000000000000000000000000C7
:10B9800000000000000000000000000000000000B7
:10B9900000000000000000000000000000000000A7
:10B9A0000000000000000000000000000000000097
:10B9B0000000000000000000000000000000000087
:10B9C0000000000000000000000000000000000077
:10B9D0000000000000000000000000000000000067
:10B9E0000000000000000000000000000000000057
:10B9F0000000000000000000000000000000000047
:10BA00000000000000000000000000000000000036
:10BA10000000000000000000000000000000000026
:10BA20000000000000000000000000000000000016
:10BA30000000000000000000000000000000000006
:10BA400000000000000000000000000000000000F6
:10BA500000000000000000000000000000000000E6
:10BA600000000000000000000000000000000000D6
:10BA700000000000000000000000000000000000C6
:10BA800000000000000000000000000000000000B6
:10BA900000000000000000000000000000000000A6
:10BAA0000000000000000000000000000000000096
:10BAB0000000000000000000000000000000000086
:10BAC0000000000000000000000000000000000076
:10BAD0000000000000000000000000000000000066
:10BAE0000000000000000000000000000000000056
:10BAF0000000000000000000000000000000000046
:10BB00000000000000000000000000000000000035
:10BB10000000000000000000000000000000000025
:10BB20000000000000000000000000000000000015
:10BB30000000000000000000000000000000000005
:10BB400000000000000000000000000000000000F5
:10BB500000000000000000000000000000000000E5
:10BB600000000000000000000000000000000000D5
:10BB700000000000000000000000000000000000C5
:10BB800000000000000000000000000000000000B5
:10BB900000000000000000000000000000000000A5
:10BBA0000000000000000000000000000000000095
:10BBB0000000000000000000000000000000000085
:10BBC0000000000000000000000000000000000075
:10BBD0000000000000000000000000000000000065
:10BBE0000000000000000000000000000000000055
:10BBF0000000000000000000000000000000000045
:10BC00000000000000000000000000000000000034
:10BC10000000000000000000000000000000000024
:10BC20000000000000000000000000000000000014
:10BC30000000000000000000000000000000000004
:10BC400000000000000000000000000000000000F4
:10BC500000000000000000000000000000000000E4
:10BC600000000000000000000000000000000000D4
:10BC700000000000000000000000000000000000C4
:10BC800000000000000000000000000000000000B4
:10BC900000000000000000000000000000000000A4
:10BCA0000000000000000000000000000000000094
:10BCB0000000000000000000000000000000000084
:10BCC0000000000000000000000000000000000074
:10BCD0000000000000000000000000000000000064
:10BCE0000000000000000000000000000000000054
:10BCF0000000000000000000000000000000000044
:10BD00000000000000000000000000000000000033
:10BD10000000000000000000000000000000000023
:10BD20000000000000000000000000000000000013
:10BD30000000000000000000000000000000000003
:10BD400000000000000000000000000000000000F3
:10BD500000000000000000000000000000000000E3
:10BD600000000000000000000000000000000000D3
:10BD700000000000000000000000000000000000C3
:10BD800000000000000000000000000000000000B3
:10BD900000000000000000000000000000000000A3
:10BDA0000000000000000000000000000000000093
:10BDB0000000000000000000000000000000000083
:10BDC0000000000000000000000000000000000073
:10BDD0000000000000000000000000000000000063
:10BDE0000000000000000000000000000000000053
:10BDF0000000000000000000000000000000000043
:10BE00000000000000000000000000000000000032
:10BE10000000000000000000000000000000000022
:10BE20000000000000000000000000000000000012
:10BE30000000000000000000000000000000000002
:10BE400000000000000000000000000000000000F2
:10BE500000000000000000000000000000000000E2
:10BE600000000000000000000000000000000000D2
:10BE700000000000000000000000000000000000C2
:10BE800000000000000000000000000000000000B2
:10BE900000000000000000000000000000000000A2
:10BEA0000000000000000000000000000000000092
:10BEB0000000000000000000000000000000000082
:10BEC0000000000000000000000000000000000072
:10BED0000000000000000000000000000000000062
:10BEE0000000000000000000000000000000000052
:10BEF0000000000000000000000000000000000042
:10BF00000000000000000000000000000000000031
:10BF10000000000000000000000000000000000021
:10BF20000000000000000000000000000000000011
:10BF30000000000000000000000000000000000001
:10BF400000000000000000000000000000000000F1
:10BF500000000000000000000000000000000000E1
:10BF600000000000000000000000000000000000D1
:10BF700000000000000000000000000000000000C1
:10BF800000000000000000000000000000000000B1
:10BF900000000000000000000000000000000000A1
:10BFA0000000000000000000000000000000000091
:10BFB0000000000000000000000000000000000081
:10BFC0000000000000000000000000000000000071
:10BFD0000000000000000000000000000000000061
:10BFE0000000000000000000000000000000000051
:10BFF0000000000000000000000000000000000041
:10C000000000000000000000000000000000000030
:10C010000000000000000000000000000000000020
:10C020000000000000000000000000000000000010
:10C030000000000000000000000000000000000000
:10C0400000000000000000000000000000000000F0
:10C0500000000000000000000000000000000000E0
:10C0600000000000000000000000000000000000D0
:10C0700000000000000000000000000000000000C0
:10C0800000000000000000000000000000000000B0
:10C0900000000000000000000000000000000000A0
:10C0A0000000000000000000000000000000000090
:10C0B0000000000000000000000000000000000080
:10C0C0000000000000000000000000000000000070
:10C0D0000000000000000000000000000000000060
:10C0E0000000000000000000000000000000000050
:10C0F0000000000000000000000000000000000040
:10C10000000000000000000000000000000000002F
:10C11000000000000000000000000000000000001F
:10C12000000000000000000000000000000000000F
:10C1300000000000000000000000000000000000FF
:10C1400000000000000000000000000000000000EF
:10C1500000000000000000000000000000000000DF
:10C1600000000000000000000000000000000000CF
:10C1700000000000000000000000000000000000BF
:10C1800000000000000000000000000000000000AF
:10C19000000000000000000000000000000000009F
:10C1A000000000000000000000000000000000008F
:10C1B000000000000000000000000000000000007F
:10C1C000000000000000000000000000000000006F
:10C1D000000000000000000000000000000000005F
:10C1E000000000000000000000000000000000004F
:10C1F000000000000000000000000000000000003F
:10C20000000000000000000000000000000000002E
:10C21000000000000000000000000000000000001E
:10C22000000000000000000000000000000000000E
:10C2300000000000000000000000000000000000FE
:10C2400000000000000000000000000000000000EE
:10C2500000000000000000000000000000000000DE
:10C2600000000000000000000000000000000000CE
:10C2700000000000000000000000000000000000BE
:10C2800000000000000000000000000000000000AE
:10C29000000000000000000000000000000000009E
:10C2A000000000000000000000000000000000008E
:10C2B000000000000000000000000000000000007E
:10C2C000000000000000000000000000000000006E
:10C2D000000000000000000000000000000000005E
:10C2E000000000000000000000000000000000004E
:10C2F000000000000000000000000000000000003E
:10C30000000000000000000000000000000000002D
:10C31000000000000000000000000000000000001D
:10C32000000000000000000000000000000000000D
:10C3300000000000000000000000000000000000FD
:10C3400000000000000000000000000000000000ED
:10C3500000000000000000000000000000000000DD
:10C3600000000000000000000000000000000000CD
:10C3700000000000000000000000000000000000BD
:10C3800000000000000000000000000000000000AD
:10C39000000000000000000000000000000000009D
:10C3A000000000000000000000000000000000008D
:10C3B000000000000000000000000000000000007D
:10C3C000000000000000000000000000000000006D
:10C3D000000000000000000000000000000000005D
:10C3E000000000000000000000000000000000004D
:10C3F000000000000000000000000000000000003D
:10C40000000000000000000000000000000000002C
:10C41000000000000000000000000000000000001C
:10C42000000000000000000000000000000000000C
:10C4300000000000000000000000000000000000FC
:10C4400000000000000000000000000000000000EC
:10C4500000000000000000000000000000000000DC
:10C4600000000000000000000000000000000000CC
:10C4700000000000000000000000000000000000BC
:10C4800000000000000000000000000000000000AC
:10C49000000000000000000000000000000000009C
:10C4A000000000000000000000000000000000008C
:10C4B000000000000000000000000000000000007C
:10C4C000000000000000000000000000000000006C
:10C4D000000000000000000000000000000000005C
:10C4E000000000000000000000000000000000004C
:10C4F000000000000000000000000000000000003C
:10C50000000000000000000000000000000000002B
:10C51000000000000000000000000000000000001B
:10C52000000000000000000000000000000000000B
:10C5300000000000000000000000000000000000FB
:10C5400000000000000000000000000000000000EB
:10C5500000000000000000000000000000000000DB
:10C5600000000000000000000000000000000000CB
:10C5700000000000000000000000000000000000BB
:10C5800000000000000000000000000000000000AB
:10C59000000000000000000000000000000000009B
:10C5A000000000000000000000000000000000008B
:10C5B000000000000000000000000000000000007B
:10C5C000000000000000000000000000000000006B
:10C5D000000000000000000000000000000000005B
:10C5E000000000000000000000000000000000004B
:10C5F000000000000000000000000000000000003B
:10C60000000000000000000000000000000000002A
:10C61000000000000000000000000000000000001A
:10C62000000000000000000000000000000000000A
:10C6300000000000000000000000000000000000FA
:10C6400000000000000000000000000000000000EA
:10C6500000000000000000000000000000000000DA
:10C6600000000000000000000000000000000000CA
:10C6700000000000000000000000000000000000BA
:10C6800000000000000000000000000000000000AA
:10C69000000000000000000000000000000000009A
:10C6A000000000000000000000000000000000008A
:10C6B000000000000000000000000000000000007A
:10C6C000000000000000000000000000000000006A
:10C6D000000000000000000000000000000000005A
:10C6E000000000000000000000000000000000004A
:10C6F000000000000000000000000000000000003A
:10C700000000000000000000000000000000000029
:10C710000000000000000000000000000000000019
:10C720000000000000000000000000000000000009
:10C7300000000000000000000000000000000000F9
:10C7400000000000000000000000000000000000E9
:10C7500000000000000000000000000000000000D9
:10C7600000000000000000000000000000000000C9
:10C7700000000000000000000000000000000000B9
:10C7800000000000000000000000000000000000A9
:10C790000000000000000000000000000000000099
:10C7A0000000000000000000000000000000000089
:10C7B0000000000000000000000000000000000079
:10C7C0000000000000000000000000000000000069
:10C7D0000000000000000000000000000000000059
:10C7E0000000000000000000000000000000000049
:10C7F0000000000000000000000000000000000039
:10C800000000000000000000000000000000000028
:10C810000000000000000000000000000000000018
:10C820000000000000000000000000000000000008
:10C8300000000000000000000000000000000000F8
:10C8400000000000000000000000000000000000E8
:10C8500000000000000000000000000000000000D8
:10C8600000000000000000000000000000000000C8
:10C8700000000000000000000000000000000000B8
:10C8800000000000000000000000000000000000A8
:10C890000000000000000000000000000000000098
:10C8A0000000000000000000000000000000000088
:10C8B0000000000000000000000000000000000078
:10C8C0000000000000000000000000000000000068
:10C8D0000000000000000000000000000000000058
:10C8E0000000000000000000000000000000000048
:10C8F0000000000000000000000000000000000038
:10C900000000000000000000000000000000000027
:10C910000000000000000000000000000000000017
:10C920000000000000000000000000000000000007
:10C9300000000000000000000000000000000000F7
:10C9400000000000000000000000000000000000E7
:10C9500000000000000000000000000000000000D7
:10C9600000000000000000000000000000000000C7
:10C9700000000000000000000000000000000000B7
:10C9800000000000000000000000000000000000A7
:10C990000000000000000000000000000000000097
:10C9A0000000000000000000000000000000000087
:10C9B0000000000000000000000000000000000077
:10C9C0000000000000000000000000000000000067
:10C9D0000000000000000000000000000000000057
:10C9E0000000000000000000000000000000000047
:10C9F0000000000000000000000000000000000037
:10CA00000000000000000000000000000000000026
:10CA10000000000000000000000000000000000016
:10CA20000000000000000000000000000000000006
:10CA300000000000000000000000000000000000F6
:10CA400000000000000000000000000000000000E6
:10CA500000000000000000000000000000000000D6
:10CA600000000000000000000000000000000000C6
:10CA700000000000000000000000000000000000B6
:10CA800000000000000000000000000000000000A6
:10CA90000000000000000000000000000000000096
:10CAA0000000000000000000000000000000000086
:10CAB0000000000000000000000000000000000076
:10CAC0000000000000000000000000000000000066
:10CAD0000000000000000000000000000000000056
:10CAE0000000000000000000000000000000000046
:10CAF0000000000000000000000000000000000036
:10CB00000000000000000000000000000000000025
:10CB10000000000000000000000000000000000015
:10CB20000000000000000000000000000000000005
:10CB300000000000000000000000000000000000F5
:10CB400000000000000000000000000000000000E5
:10CB500000000000000000000000000000000000D5
:10CB600000000000000000000000000000000000C5
:10CB700000000000000000000000000000000000B5
:10CB800000000000000000000000000000000000A5
:10CB90000000000000000000000000000000000095
:10CBA0000000000000000000000000000000000085
:10CBB0000000000000000000000000000000000075
:10CBC0000000000000000000000000000000000065
:10CBD0000000000000000000000000000000000055
:10CBE0000000000000000000000000000000000045
:10CBF0000000000000000000000000000000000035
:10CC00000000000000000000000000000000000024
:10CC10000000000000000000000000000000000014
:10CC20000000000000000000000000000000000004
:10CC300000000000000000000000000000000000F4
:10CC400000000000000000000000000000000000E4
:10CC500000000000000000000000000000000000D4
:10CC600000000000000000000000000000000000C4
:10CC700000000000000000000000000000000000B4
:10CC800000000000000000000000000000000000A4
:10CC90000000000000000000000000000000000094
:10CCA0000000000000000000000000000000000084
:10CCB0000000000000000000000000000000000074
:10CCC0000000000000000000000000000000000064
:10CCD0000000000000000000000000000000000054
:10CCE0000000000000000000000000000000000044
:10CCF0000000000000000000000000000000000034
:10CD00000000000000000000000000000000000023
:10CD10000000000000000000000000000000000013
:10CD20000000000000000000000000000000000003
:10CD300000000000000000000000000000000000F3
:10CD400000000000000000000000000000000000E3
:10CD500000000000000000000000000000000000D3
:10CD600000000000000000000000000000000000C3
:10CD700000000000000000000000000000000000B3
:10CD800000000000000000000000000000000000A3
:10CD90000000000000000000000000000000000093
:10CDA0000000000000000000000000000000000083
:10CDB0000000000000000000000000000000000073
:10CDC0000000000000000000000000000000000063
:10CDD0000000000000000000000000000000000053
:10CDE0000000000000000000000000000000000043
:10CDF0000000000000000000000000000000000033
:10CE00000000000000000000000000000000000022
:10CE10000000000000000000000000000000000012
:10CE20000000000000000000000000000000000002
:10CE300000000000000000000000000000000000F2
:10CE400000000000000000000000000000000000E2
:10CE500000000000000000000000000000000000D2
:10CE600000000000000000000000000000000000C2
:10CE700000000000000000000000000000000000B2
:10CE800000000000000000000000000000000000A2
:10CE90000000000000000000000000000000000092
:10CEA0000000000000000000000000000000000082
:10CEB0000000000000000000000000000000000072
:10CEC0000000000000000000000000000000000062
:10CED0000000000000000000000000000000000052
:10CEE0000000000000000000000000000000000042
:10CEF0000000000000000000000000000000000032
:10CF00000000000000000000000000000000000021
:10CF10000000000000000000000000000000000011
:10CF20000000000000000000000000000000000001
:10CF300000000000000000000000000000000000F1
:10CF400000000000000000000000000000000000E1
:10CF500000000000000000000000000000000000D1
:10CF600000000000000000000000000000000000C1
:10CF700000000000000000000000000000000000B1
:10CF800000000000000000000000000000000000A1
:10CF90000000000000000000000000000000000091
:10CFA0000000000000000000000000000000000081
:10CFB0000000000000000000000000000000000071
:10CFC0000000000000000000000000000000000061
:10CFD0000000000000000000000000000000000051
:10CFE0000000000000000000000000000000000041
:10CFF0000000000000000000000000000000000031
:10D000000000000000000000000000000000000020
:10D010000000000000000000000000000000000010
:10D020000000000000000000000000000000000000
:10D0300000000000000000000000000000000000F0
:10D0400000000000000000000000000000000000E0
:10D0500000000000000000000000000000000000D0
:10D0600000000000000000000000000000000000C0
:10D0700000000000000000000000000000000000B0
:10D0800000000000000000000000000000000000A0
:10D090000000000000000000000000000000000090
:10D0A0000000000000000000000000000000000080
:10D0B0000000000000000000000000000000000070
:10D0C0000000000000000000000000000000000060
:10D0D0000000000000000000000000000000000050
:10D0E0000000000000000000000000000000000040
:10D0F0000000000000000000000000000000000030
:10D10000000000000000000000000000000000001F
:10D11000000000000000000000000000000000000F
:10D1200000000000000000000000000000000000FF
:10D1300000000000000000000000000000000000EF
:10D1400000000000000000000000000000000000DF
:10D1500000000000000000000000000000000000CF
:10D1600000000000000000000000000000000000BF
:10D1700000000000000000000000000000000000AF
:10D18000000000000000000000000000000000009F
:10D19000000000000000000000000000000000008F
:10D1A000000000000000000000000000000000007F
:10D1B000000000000000000000000000000000006F
:10D1C000000000000000000000000000000000005F
:10D1D000000000000000000000000000000000004F
:10D1E000000000000000000000000000000000003F
:10D1F000000000000000000000000000000000002F
:10D20000000000000000000000000000000000001E
:10D21000000000000000000000000000000000000E
:10D2200000000000000000000000000000000000FE
:10D2300000000000000000000000000000000000EE
:10D2400000000000000000000000000000000000DE
:10D2500000000000000000000000000000000000CE
:10D2600000000000000000000000000000000000BE
:10D2700000000000000000000000000000000000AE
:10D28000000000000000000000000000000000009E
:10D29000000000000000000000000000000000008E
:10D2A000000000000000000000000000000000007E
:10D2B000000000000000000000000000000000006E
:10D2C000000000000000000000000000000000005E
:10D2D000000000000000000000000000000000004E
:10D2E000000000000000000000000000000000003E
:10D2F000000000000000000000000000000000002E
:10D30000000000000000000000000000000000001D
:10D31000000000000000000000000000000000000D
:10D3200000000000000000000000000000000000FD
:10D3300000000000000000000000000000000000ED
:10D3400000000000000000000000000000000000DD
:10D3500000000000000000000000000000000000CD
:10D3600000000000000000000000000000000000BD
:10D3700000000000000000000000000000000000AD
:10D38000000000000000000000000000000000009D
:10D39000000000000000000000000000000000008D
:10D3A000000000000000000000000000000000007D
:10D3B000000000000000000000000000000000006D
:10D3C000000000000000000000000000000000005D
:10D3D000000000000000000000000000000000004D
:10D3E000000000000000000000000000000000003D
:10D3F000000000000000000000000000000000002D
:10D40000000000000000000000000000000000001C
:10D41000000000000000000000000000000000000C
:10D4200000000000000000000000000000000000FC
:10D4300000000000000000000000000000000000EC
:10D4400000000000000000000000000000000000DC
:10D4500000000000000000000000000000000000CC
:10D4600000000000000000000000000000000000BC
:10D4700000000000000000000000000000000000AC
:10D48000000000000000000000000000000000009C
:10D49000000000000000000000000000000000008C
:10D4A000000000000000000000000000000000007C
:10D4B000000000000000000000000000000000006C
:10D4C000000000000000000000000000000000005C
:10D4D000000000000000000000000000000000004C
:10D4E000000000000000000000000000000000003C
:10D4F000000000000000000000000000000000002C
:10D50000000000000000000000000000000000001B
:10D51000000000000000000000000000000000000B
:10D5200000000000000000000000000000000000FB
:10D5300000000000000000000000000000000000EB
:10D5400000000000000000000000000000000000DB
:10D5500000000000000000000000000000000000CB
:10D5600000000000000000000000000000000000BB
:10D5700000000000000000000000000000000000AB
:10D58000000000000000000000000000000000009B
:10D59000000000000000000000000000000000008B
:10D5A000000000000000000000000000000000007B
:10D5B000000000000000000000000000000000006B
:10D5C000000000000000000000000000000000005B
:10D5D000000000000000000000000000000000004B
:10D5E000000000000000000000000000000000003B
:10D5F000000000000000000000000000000000002B
:10D60000000000000000000000000000000000001A
:10D61000000000000000000000000000000000000A
:10D6200000000000000000000000000000000000FA
:10D6300000000000000000000000000000000000EA
:10D6400000000000000000000000000000000000DA
:10D6500000000000000000000000000000000000CA
:10D6600000000000000000000000000000000000BA
:10D6700000000000000000000000000000000000AA
:10D68000000000000000000000000000000000009A
:10D69000000000000000000000000000000000008A
:10D6A000000000000000000000000000000000007A
:10D6B000000000000000000000000000000000006A
:10D6C000000000000000000000000000000000005A
:10D6D000000000000000000000000000000000004A
:10D6E000000000000000000000000000000000003A
:10D6F000000000000000000000000000000000002A
:10D700000000000000000000000000000000000019
:10D710000000000000000000000000000000000009
:10D7200000000000000000000000000000000000F9
:10D7300000000000000000000000000000000000E9
:10D7400000000000000000000000000000000000D9
:10D7500000000000000000000000000000000000C9
:10D7600000000000000000000000000000000000B9
:10D7700000000000000000000000000000000000A9
:10D780000000000000000000000000000000000099
:10D790000000000000000000000000000000000089
:10D7A0000000000000000000000000000000000079
:10D7B0000000000000000000000000000000000069
:10D7C0000000000000000000000000000000000059
:10D7D0000000000000000000000000000000000049
:10D7E0000000000000000000000000000000000039
:10D7F0000000000000000000000000000000000029
:10D800000000000000000000000000000000000018
:10D810000000000000000000000000000000000008
:10D8200000000000000000000000000000000000F8
:10D8300000000000000000000000000000000000E8
:10D8400000000000000000000000000000000000D8
:10D8500000000000000000000000000000000000C8
:10D8600000000000000000000000000000000000B8
:10D8700000000000000000000000000000000000A8
:10D880000000000000000000000000000000000098
:10D890000000000000000000000000000000000088
:10D8A0000000000000000000000000000000000078
:10D8B0000000000000000000000000000000000068
:10D8C0000000000000000000000000000000000058
:10D8D0000000000000000000000000000000000048
:10D8E0000000000000000000000000000000000038
:10D8F0000000000000000000000000000000000028
:10D900000000000000000000000000000000000017
:10D910000000000000000000000000000000000007
:10D9200000000000000000000000000000000000F7
:10D9300000000000000000000000000000000000E7
:10D9400000000000000000000000000000000000D7
:10D9500000000000000000000000000000000000C7
:10D9600000000000000000000000000000000000B7
:10D9700000000000000000000000000000000000A7
:10D980000000000000000000000000000000000097
:10D990000000000000000000000000000000000087
:10D9A0000000000000000000000000000000000077
:10D9B0000000000000000000000000000000000067
:10D9C0000000000000000000000000000000000057
:10D9D0000000000000000000000000000000000047
:10D9E0000000000000000000000000000000000037
:10D9F0000000000000000000000000000000000027
:10DA00000000000000000000000000000000000016
:10DA10000000000000000000000000000000000006
:10DA200000000000000000000000000000000000F6
:10DA300000000000000000000000000000000000E6
:10DA400000000000000000000000000000000000D6
:10DA500000000000000000000000000000000000C6
:10DA600000000000000000000000000000000000B6
:10DA700000000000000000000000000000000000A6
:10DA80000000000000000000000000000000000096
:10DA90000000000000000000000000000000000086
:10DAA0000000000000000000000000000000000076
:10DAB0000000000000000000000000000000000066
:10DAC0000000000000000000000000000000000056
:10DAD0000000000000000000000000000000000046
:10DAE0000000000000000000000000000000000036
:10DAF0000000000000000000000000000000000026
:10DB00000000000000000000000000000000000015
:10DB10000000000000000000000000000000000005
:10DB200000000000000000000000000000000000F5
:10DB300000000000000000000000000000000000E5
:10DB400000000000000000000000000000000000D5
:10DB500000000000000000000000000000000000C5
:10DB600000000000000000000000000000000000B5
:10DB700000000000000000000000000000000000A5
:10DB80000000000000000000000000000000000095
:10DB90000000000000000000000000000000000085
:10DBA0000000000000000000000000000000000075
:10DBB0000000000000000000000000000000000065
:10DBC0000000000000000000000000000000000055
:10DBD0000000000000000000000000000000000045
:10DBE0000000000000000000000000000000000035
:10DBF0000000000000000000000000000000000025
:10DC00000000000000000000000000000000000014
:10DC10000000000000000000000000000000000004
:10DC200000000000000000000000000000000000F4
:10DC300000000000000000000000000000000000E4
:10DC400000000000000000000000000000000000D4
:10DC500000000000000000000000000000000000C4
:10DC600000000000000000000000000000000000B4
:10DC700000000000000000000000000000000000A4
:10DC80000000000000000000000000000000000094
:10DC90000000000000000000000000000000000084
:10DCA0000000000000000000000000000000000074
:10DCB0000000000000000000000000000000000064
:10DCC0000000000000000000000000000000000054
:10DCD0000000000000000000000000000000000044
:10DCE0000000000000000000000000000000000034
:10DCF0000000000000000000000000000000000024
:10DD00000000000000000000000000000000000013
:10DD10000000000000000000000000000000000003
:10DD200000000000000000000000000000000000F3
:10DD300000000000000000000000000000000000E3
:10DD400000000000000000000000000000000000D3
:10DD500000000000000000000000000000000000C3
:10DD600000000000000000000000000000000000B3
:10DD700000000000000000000000000000000000A3
:10DD80000000000000000000000000000000000093
:10DD90000000000000000000000000000000000083
:10DDA0000000000000000000000000000000000073
:10DDB0000000000000000000000000000000000063
:10DDC0000000000000000000000000000000000053
:10DDD0000000000000000000000000000000000043
:10DDE0000000000000000000000000000000000033
:10DDF0000000000000000000000000000000000023
:10DE00000000000000000000000000000000000012
:10DE10000000000000000000000000000000000002
:10DE200000000000000000000000000000000000F2
:10DE300000000000000000000000000000000000E2
:10DE400000000000000000000000000000000000D2
:10DE500000000000000000000000000000000000C2
:10DE600000000000000000000000000000000000B2
:10DE700000000000000000000000000000000000A2
:10DE80000000000000000000000000000000000092
:10DE90000000000000000000000000000000000082
:10DEA0000000000000000000000000000000000072
:10DEB0000000000000000000000000000000000062
:10DEC0000000000000000000000000000000000052
:10DED0000000000000000000000000000000000042
:10DEE0000000000000000000000000000000000032
:10DEF0000000000000000000000000000000000022
:10DF00000000000000000000000000000000000011
:10DF10000000000000000000000000000000000001
:10DF200000000000000000000000000000000000F1
:10DF300000000000000000000000000000000000E1
:10DF400000000000000000000000000000000000D1
:10DF500000000000000000000000000000000000C1
:10DF600000000000000000000000000000000000B1
:10DF700000000000000000000000000000000000A1
:10DF80000000000000000000000000000000000091
:10DF90000000000000000000000000000000000081
:10DFA0000000000000000000000000000000000071
:10DFB0000000000000000000000000000000000061
:10DFC0000000000000000000000000000000000051
:10DFD0000000000000000000000000000000000041
:10DFE0000000000000000000000000000000000031
:10DFF0000000000000000000000000000000000021
:10E000000000000000000000000000000000000010
:10E010000000000000000000000000000000000000
:10E0200000000000000000000000000000000000F0
:10E0300000000000000000000000000000000000E0
:10E0400000000000000000000000000000000000D0
:10E0500000000000000000000000000000000000C0
:10E0600000000000000000000000000000000000B0
:10E0700000000000000000000000000000000000A0
:10E080000000000000000000000000000000000090
:10E090000000000000000000000000000000000080
:10E0A0000000000000000000000000000000000070
:10E0B0000000000000000000000000000000000060
:10E0C0000000000000000000000000000000000050
:10E0D0000000000000000000000000000000000040
:10E0E0000000000000000000000000000000000030
:10E0F0000000000000000000000000000000000020
:10E10000000000000000000000000000000000000F
:10E1100000000000000000000000000000000000FF
:10E1200000000000000000000000000000000000EF
:10E1300000000000000000000000000000000000DF
:10E1400000000000000000000000000000000000CF
:10E1500000000000000000000000000000000000BF
:10E1600000000000000000000000000000000000AF
:10E17000000000000000000000000000000000009F
:10E18000000000000000000000000000000000008F
:10E19000000000000000000000000000000000007F
:10E1A000000000000000000000000000000000006F
:10E1B000000000000000000000000000000000005F
:10E1C000000000000000000000000000000000004F
:10E1D000000000000000000000000000000000003F
:10E1E000000000000000000000000000000000002F
:10E1F000000000000000000000000000000000001F
:10E20000000000000000000000000000000000000E
:10E2100000000000000000000000000000000000FE
:10E2200000000000000000000000000000000000EE
:10E2300000000000000000000000000000000000DE
:10E2400000000000000000000000000000000000CE
:10E2500000000000000000000000000000000000BE
:10E2600000000000000000000000000000000000AE
:10E27000000000000000000000000000000000009E
:10E28000000000000000000000000000000000008E
:10E29000000000000000000000000000000000007E
:10E2A000000000000000000000000000000000006E
:10E2B000000000000000000000000000000000005E
:10E2C000000000000000000000000000000000004E
:10E2D000000000000000000000000000000000003E
:10E2E000000000000000000000000000000000002E
:10E2F000000000000000000000000000000000001E
:10E30000000000000000000000000000000000000D
:10E3100000000000000000000000000000000000FD
:10E3200000000000000000000000000000000000ED
:10E3300000000000000000000000000000000000DD
:10E3400000000000000000000000000000000000CD
:10E3500000000000000000000000000000000000BD
:10E3600000000000000000000000000000000000AD
:10E37000000000000000000000000000000000009D
:10E38000000000000000000000000000000000008D
:10E39000000000000000000000000000000000007D
:10E3A000000000000000000000000000000000006D
:10E3B000000000000000000000000000000000005D
:10E3C000000000000000000000000000000000004D
:10E3D000000000000000000000000000000000003D
:10E3E000000000000000000000000000000000002D
:10E3F000000000000000000000000000000000001D
:10E40000000000000000000000000000000000000C
:10E4100000000000000000000000000000000000FC
:10E4200000000000000000000000000000000000EC
:10E4300000000000000000000000000000000000DC
:10E4400000000000000000000000000000000000CC
:10E4500000000000000000000000000000000000BC
:10E4600000000000000000000000000000000000AC
:10E47000000000000000000000000000000000009C
:10E48000000000000000000000000000000000008C
:10E49000000000000000000000000000000000007C
:10E4A000000000000000000000000000000000006C
:10E4B000000000000000000000000000000000005C
:10E4C000000000000000000000000000000000004C
:10E4D000000000000000000000000000000000003C
:10E4E000000000000000000000000000000000002C
:10E4F000000000000000000000000000000000001C
:10E50000000000000000000000000000000000000B
:10E5100000000000000000000000000000000000FB
:10E5200000000000000000000000000000000000EB
:10E5300000000000000000000000000000000000DB
:10E5400000000000000000000000000000000000CB
:10E5500000000000000000000000000000000000BB
:10E5600000000000000000000000000000000000AB
:10E57000000000000000000000000000000000009B
:10E58000000000000000000000000000000000008B
:10E59000000000000000000000000000000000007B
:10E5A000000000000000000000000000000000006B
:10E5B000000000000000000000000000000000005B
:10E5C000000000000000000000000000000000004B
:10E5D000000000000000000000000000000000003B
:10E5E000000000000000000000000000000000002B
:10E5F000000000000000000000000000000000001B
:10E60000000000000000000000000000000000000A
:10E6100000000000000000000000000000000000FA
:10E6200000000000000000000000000000000000EA
:10E6300000000000000000000000000000000000DA
:10E6400000000000000000000000000000000000CA
:10E6500000000000000000000000000000000000BA
:10E6600000000000000000000000000000000000AA
:10E67000000000000000000000000000000000009A
:10E68000000000000000000000000000000000008A
:10E69000000000000000000000000000000000007A
:10E6A000000000000000000000000000000000006A
:10E6B000000000000000000000000000000000005A
:10E6C000000000000000000000000000000000004A
:10E6D000000000000000000000000000000000003A
:10E6E000000000000000000000000000000000002A
:10E6F000000000000000000000000000000000001A
:10E700000000000000000000000000000000000009
:10E7100000000000000000000000000000000000F9
:10E7200000000000000000000000000000000000E9
:10E7300000000000000000000000000000000000D9
:10E7400000000000000000000000000000000000C9
:10E7500000000000000000000000000000000000B9
:10E7600000000000000000000000000000000000A9
:10E770000000000000000000000000000000000099
:10E780000000000000000000000000000000000089
:10E790000000000000000000000000000000000079
:10E7A0000000000000000000000000000000000069
:10E7B0000000000000000000000000000000000059
:10E7C0000000000000000000000000000000000049
:10E7D0000000000000000000000000000000000039
:10E7E0000000000000000000000000000000000029
:10E7F0000000000000000000000000000000000019
:10E800000000000000000000000000000000000008
:10E8100000000000000000000000000000000000F8
:10E8200000000000000000000000000000000000E8
:10E8300000000000000000000000000000000000D8
:10E8400000000000000000000000000000000000C8
:10E8500000000000000000000000000000000000B8
:10E8600000000000000000000000000000000000A8
:10E870000000000000000000000000000000000098
:10E880000000000000000000000000000000000088
:10E890000000000000000000000000000000000078
:10E8A0000000000000000000000000000000000068
:10E8B0000000000000000000000000000000000058
:10E8C0000000000000000000000000000000000048
:10E8D0000000000000000000000000000000000038
:10E8E0000000000000000000000000000000000028
:10E8F0000000000000000000000000000000000018
:10E900000000000000000000000000000000000007
:10E9100000000000000000000000000000000000F7
:10E9200000000000000000000000000000000000E7
:10E9300000000000000000000000000000000000D7
:10E9400000000000000000000000000000000000C7
:10E9500000000000000000000000000000000000B7
:10E9600000000000000000000000000000000000A7
:10E970000000000000000000000000000000000097
:10E980000000000000000000000000000000000087
:10E990000000000000000000000000000000000077
:10E9A0000000000000000000000000000000000067
:10E9B0000000000000000000000000000000000057
:10E9C0000000000000000000000000000000000047
:10E9D0000000000000000000000000000000000037
:10E9E0000000000000000000000000000000000027
:10E9F0000000000000000000000000000000000017
:10EA00000000000000000000000000000000000006
:10EA100000000000000000000000000000000000F6
:10EA200000000000000000000000000000000000E6
:10EA300000000000000000000000000000000000D6
:10EA400000000000000000000000000000000000C6
:10EA500000000000000000000000000000000000B6
:10EA600000000000000000000000000000000000A6
:10EA70000000000000000000000000000000000096
:10EA80000000000000000000000000000000000086
:10EA90000000000000000000000000000000000076
:10EAA0000000000000000000000000000000000066
:10EAB0000000000000000000000000000000000056
:10EAC0000000000000000000000000000000000046
:10EAD0000000000000000000000000000000000036
:10EAE0000000000000000000000000000000000026
:10EAF0000000000000000000000000000000000016
:10EB00000000000000000000000000000000000005
:10EB100000000000000000000000000000000000F5
:10EB200000000000000000000000000000000000E5
:10EB300000000000000000000000000000000000D5
:10EB400000000000000000000000000000000000C5
:10EB500000000000000000000000000000000000B5
:10EB600000000000000000000000000000000000A5
:10EB70000000000000000000000000000000000095
:10EB80000000000000000000000000000000000085
:10EB90000000000000000000000000000000000075
:10EBA0000000000000000000000000000000000065
:10EBB0000000000000000000000000000000000055
:10EBC0000000000000000000000000000000000045
:10EBD0000000000000000000000000000000000035
:10EBE0000000000000000000000000000000000025
:10EBF0000000000000000000000000000000000015
:10EC00000000000000000000000000000000000004
:10EC100000000000000000000000000000000000F4
:10EC200000000000000000000000000000000000E4
:10EC300000000000000000000000000000000000D4
:10EC400000000000000000000000000000000000C4
:10EC500000000000000000000000000000000000B4
:10EC600000000000000000000000000000000000A4
:10EC70000000000000000000000000000000000094
:10EC80000000000000000000000000000000000084
:10EC90000000000000000000000000000000000074
:10ECA0000000000000000000000000000000000064
:10ECB0000000000000000000000000000000000054
:10ECC0000000000000000000000000000000000044
:10ECD0000000000000000000000000000000000034
:10ECE0000000000000000000000000000000000024
:10ECF0000000000000000000000000000000000014
:10ED00000000000000000000000000000000000003
:10ED100000000000000000000000000000000000F3
:10ED200000000000000000000000000000000000E3
:10ED300000000000000000000000000000000000D3
:10ED400000000000000000000000000000000000C3
:10ED500000000000000000000000000000000000B3
:10ED600000000000000000000000000000000000A3
:10ED70000000000000000000000000000000000093
:10ED80000000000000000000000000000000000083
:10ED90000000000000000000000000000000000073
:10EDA0000000000000000000000000000000000063
:10EDB0000000000000000000000000000000000053
:10EDC0000000000000000000000000000000000043
:10EDD0000000000000000000000000000000000033
:10EDE0000000000000000000000000000000000023
:10EDF0000000000000000000000000000000000013
:10EE00000000000000000000000000000000000002
:10EE100000000000000000000000000000000000F2
:10EE200000000000000000000000000000000000E2
:10EE300000000000000000000000000000000000D2
:10EE400000000000000000000000000000000000C2
:10EE500000000000000000000000000000000000B2
:10EE600000000000000000000000000000000000A2
:10EE70000000000000000000000000000000000092
:10EE80000000000000000000000000000000000082
:10EE90000000000000000000000000000000000072
:10EEA0000000000000000000000000000000000062
:10EEB0000000000000000000000000000000000052
:10EEC0000000000000000000000000000000000042
:10EED0000000000000000000000000000000000032
:10EEE0000000000000000000000000000000000022
:10EEF0000000000000000000000000000000000012
:10EF00000000000000000000000000000000000001
:10EF100000000000000000000000000000000000F1
:10EF200000000000000000000000000000000000E1
:10EF300000000000000000000000000000000000D1
:10EF400000000000000000000000000000000000C1
:10EF500000000000000000000000000000000000B1
:10EF600000000000000000000000000000000000A1
:10EF70000000000000000000000000000000000091
:10EF80000000000000000000000000000000000081
:10EF90000000000000000000000000000000000071
:10EFA0000000000000000000000000000000000061
:10EFB0000000000000000000000000000000000051
:10EFC0000000000000000000000000000000000041
:10EFD0000000000000000000000000000000000031
:10EFE0000000000000000000000000000000000021
:10EFF0000000000000000000000000000000000011
:10F000000000000000000000000000000000000000
:10F0100000000000000000000000000000000000F0
:10F0200000000000000000000000000000000000E0
:10F0300000000000000000000000000000000000D0
:10F0400000000000000000000000000000000000C0
:10F0500000000000000000000000000000000000B0
:10F0600000000000000000000000000000000000A0
:10F070000000000000000000000000000000000090
:10F080000000000000000000000000000000000080
:10F090000000000000000000000000000000000070
:10F0A0000000000000000000000000000000000060
:10F0B0000000000000000000000000000000000050
:10F0C0000000000000000000000000000000000040
:10F0D0000000000000000000000000000000000030
:10F0E0000000000000000000000000000000000020
:10F0F0000000000000000000000000000000000010
:10F1000000000000000000000000000000000000FF
:10F1100000000000000000000000000000000000EF
:10F1200000000000000000000000000000000000DF
:10F1300000000000000000000000000000000000CF
:10F1400000000000000000000000000000000000BF
:10F1500000000000000000000000000000000000AF
:10F16000000000000000000000000000000000009F
:10F17000000000000000000000000000000000008F
:10F18000000000000000000000000000000000007F
:10F19000000000000000000000000000000000006F
:10F1A000000000000000000000000000000000005F
:10F1B000000000000000000000000000000000004F
:10F1C000000000000000000000000000000000003F
:10F1D000000000000000000000000000000000002F
:10F1E000000000000000000000000000000000001F
:10F1F000000000000000000000000000000000000F
:10F2000000000000000000000000000000000000FE
:10F2100000000000000000000000000000000000EE
:10F2200000000000000000000000000000000000DE
:10F2300000000000000000000000000000000000CE
:10F2400000000000000000000000000000000000BE
:10F2500000000000000000000000000000000000AE
:10F26000000000000000000000000000000000009E
:10F27000000000000000000000000000000000008E
:10F28000000000000000000000000000000000007E
:10F29000000000000000000000000000000000006E
:10F2A000000000000000000000000000000000005E
:10F2B000000000000000000000000000000000004E
:10F2C000000000000000000000000000000000003E
:10F2D000000000000000000000000000000000002E
:10F2E000000000000000000000000000000000001E
:10F2F000000000000000000000000000000000000E
:10F3000000000000000000000000000000000000FD
:10F3100000000000000000000000000000000000ED
:10F3200000000000000000000000000000000000DD
:10F3300000000000000000000000000000000000CD
:10F3400000000000000000000000000000000000BD
:10F3500000000000000000000000000000000000AD
:10F36000000000000000000000000000000000009D
:10F37000000000000000000000000000000000008D
:10F38000000000000000000000000000000000007D
:10F39000000000000000000000000000000000006D
:10F3A000000000000000000000000000000000005D
:10F3B000000000000000000000000000000000004D
:10F3C000000000000000000000000000000000003D
:10F3D000000000000000000000000000000000002D
:10F3E000000000000000000000000000000000001D
:10F3F000000000000000000000000000000000000D
:10F4000000000000000000000000000000000000FC
:10F4100000000000000000000000000000000000EC
:10F4200000000000000000000000000000000000DC
:10F4300000000000000000000000000000000000CC
:10F4400000000000000000000000000000000000BC
:10F4500000000000000000000000000000000000AC
:10F46000000000000000000000000000000000009C
:10F47000000000000000000000000000000000008C
:10F48000000000000000000000000000000000007C
:10F49000000000000000000000000000000000006C
:10F4A000000000000000000000000000000000005C
:10F4B000000000000000000000000000000000004C
:10F4C000000000000000000000000000000000003C
:10F4D000000000000000000000000000000000002C
:10F4E000000000000000000000000000000000001C
:10F4F000000000000000000000000000000000000C
:10F5000000000000000000000000000000000000FB
:10F5100000000000000000000000000000000000EB
:10F5200000000000000000000000000000000000DB
:10F5300000000000000000000000000000000000CB
:10F5400000000000000000000000000000000000BB
:10F5500000000000000000000000000000000000AB
:10F56000000000000000000000000000000000009B
:10F57000000000000000000000000000000000008B
:10F58000000000000000000000000000000000007B
:10F59000000000000000000000000000000000006B
:10F5A000000000000000000000000000000000005B
:10F5B000000000000000000000000000000000004B
:10F5C000000000000000000000000000000000003B
:10F5D000000000000000000000000000000000002B
:10F5E000000000000000000000000000000000001B
:10F5F000000000000000000000000000000000000B
:10F6000000000000000000000000000000000000FA
:10F6100000000000000000000000000000000000EA
:10F6200000000000000000000000000000000000DA
:10F6300000000000000000000000000000000000CA
:10F6400000000000000000000000000000000000BA
:10F6500000000000000000000000000000000000AA
:10F66000000000000000000000000000000000009A
:10F67000000000000000000000000000000000008A
:10F68000000000000000000000000000000000007A
:10F69000000000000000000000000000000000006A
:10F6A000000000000000000000000000000000005A
:10F6B000000000000000000000000000000000004A
:10F6C000000000000000000000000000000000003A
:10F6D000000000000000000000000000000000002A
:10F6E000000000000000000000000000000000001A
:10F6F000000000000000000000000000000000000A
:10F7000000000000000000000000000000000000F9
:10F7100000000000000000000000000000000000E9
:10F7200000000000000000000000000000000000D9
:10F7300000000000000000000000000000000000C9
:10F7400000000000000000000000000000000000B9
:10F7500000000000000000000000000000000000A9
:10F760000000000000000000000000000000000099
:10F770000000000000000000000000000000000089
:10F780000000000000000000000000000000000079
:10F790000000000000000000000000000000000069
:10F7A0000000000000000000000000000000000059
:10F7B0000000000000000000000000000000000049
:10F7C0000000000000000000000000000000000039
:10F7D0000000000000000000000000000000000029
:10F7E0000000000000000000000000000000000019
:10F7F0000000000000000000000000000000000009
:10F8000000000000000000000000000000000000F8
:10F8100000000000000000000000000000000000E8
:10F8200000000000000000000000000000000000D8
:10F8300000000000000000000000000000000000C8
:10F8400000000000000000000000000000000000B8
:10F8500000000000000000000000000000000000A8
:10F860000000000000000000000000000000000098
:10F870000000000000000000000000000000000088
:10F880000000000000000000000000000000000078
:10F890000000000000000000000000000000000068
:10F8A0000000000000000000000000000000000058
:10F8B0000000000000000000000000000000000048
:10F8C0000000000000000000000000000000000038
:10F8D0000000000000000000000000000000000028
:10F8E0000000000000000000000000000000000018
:10F8F0000000000000000000000000000000000008
:10F9000000000000000000000000000000000000F7
:10F9100000000000000000000000000000000000E7
:10F9200000000000000000000000000000000000D7
:10F9300000000000000000000000000000000000C7
:10F9400000000000000000000000000000000000B7
:10F9500000000000000000000000000000000000A7
:10F960000000000000000000000000000000000097
:10F970000000000000000000000000000000000087
:10F980000000000000000000000000000000000077
:10F990000000000000000000000000000000000067
:10F9A0000000000000000000000000000000000057
:10F9B0000000000000000000000000000000000047
:10F9C0000000000000000000000000000000000037
:10F9D0000000000000000000000000000000000027
:10F9E0000000000000000000000000000000000017
:10F9F0000000000000000000000000000000000007
:10FA000000000000000000000000000000000000F6
:10FA100000000000000000000000000000000000E6
:10FA200000000000000000000000000000000000D6
:10FA300000000000000000000000000000000000C6
:10FA400000000000000000000000000000000000B6
:10FA500000000000000000000000000000000000A6
:10FA60000000000000000000000000000000000096
:10FA70000000000000000000000000000000000086
:10FA80000000000000000000000000000000000076
:10FA90000000000000000000000000000000000066
:10FAA0000000000000000000000000000000000056
:10FAB0000000000000000000000000000000000046
:10FAC0000000000000000000000000000000000036
:10FAD0000000000000000000000000000000000026
:10FAE0000000000000000000000000000000000016
:10FAF0000000000000000000000000000000000006
:10FB000000000000000000000000000000000000F5
:10FB100000000000000000000000000000000000E5
:10FB200000000000000000000000000000000000D5
:10FB300000000000000000000000000000000000C5
:10FB400000000000000000000000000000000000B5
:10FB500000000000000000000000000000000000A5
:10FB60000000000000000000000000000000000095
:10FB70000000000000000000000000000000000085
:10FB80000000000000000000000000000000000075
:10FB90000000000000000000000000000000000065
:10FBA0000000000000000000000000000000000055
:10FBB0000000000000000000000000000000000045
:10FBC0000000000000000000000000000000000035
:10FBD0000000000000000000000000000000000025
:10FBE0000000000000000000000000000000000015
:10FBF0000000000000000000000000000000000005
:10FC000000000000000000000000000000000000F4
:10FC100000000000000000000000000000000000E4
:10FC200000000000000000000000000000000000D4
:10FC300000000000000000000000000000000000C4
:10FC400000000000000000000000000000000000B4
:10FC500000000000000000000000000000000000A4
:10FC60000000000000000000000000000000000094
:10FC70000000000000000000000000000000000084
:10FC80000000000000000000000000000000000074
:10FC90000000000000000000000000000000000064
:10FCA0000000000000000000000000000000000054
:10FCB0000000000000000000000000000000000044
:10FCC0000000000000000000000000000000000034
:10FCD0000000000000000000000000000000000024
:10FCE0000000000000000000000000000000000014
:10FCF0000000000000000000000000000000000004
:10FD000000000000000000000000000000000000F3
:10FD100000000000000000000000000000000000E3
:10FD200000000000000000000000000000000000D3
:10FD300000000000000000000000000000000000C3
:10FD400000000000000000000000000000000000B3
:10FD500000000000000000000000000000000000A3
:10FD60000000000000000000000000000000000093
:10FD70000000000000000000000000000000000083
:10FD80000000000000000000000000000000000073
:10FD90000000000000000000000000000000000063
:10FDA0000000000000000000000000000000000053
:10FDB0000000000000000000000000000000000043
:10FDC0000000000000000000000000000000000033
:10FDD0000000000000000000000000000000000023
:10FDE0000000000000000000000000000000000013
:10FDF0000000000000000000000000000000000003
:10FE000000000000000000000000000000000000F2
:10FE100000000000000000000000000000000000E2
:10FE200000000000000000000000000000000000D2
:10FE300000000000000000000000000000000000C2
:10FE400000000000000000000000000000000000B2
:10FE500000000000000000000000000000000000A2
:10FE60000000000000000000000000000000000092
:10FE70000000000000000000000000000000000082
:10FE80000000000000000000000000000000000072
:10FE90000000000000000000000000000000000062
:10FEA0000000000000000000000000000000000052
:10FEB0000000000000000000000000000000000042
:10FEC0000000000000000000000000000000000032
:10FED0000000000000000000000000000000000022
:10FEE0000000000000000000000000000000000012
:10FEF0000000000000000000000000000000000002
:10FF000000000000000000000000000000000000F1
:10FF100000000000000000000000000000000000E1
:10FF200000000000000000000000000000000000D1
:10FF300000000000000000000000000000000000C1
:10FF400000000000000000000000000000000000B1
:10FF500000000000000000000000000000000000A1
:10FF60000000000000000000000000000000000091
:10FF70000000000000000000000000000000000081
:10FF80000000000000000000000000000000000071
:10FF90000000000000000000000000000000000061
:10FFA0000000000000000000000000000000000051
:10FFB0000000000000000000000000000000000041
:10FFC0000000000000000000000000000000000031
:10FFD0000000000000000000000000000000000021
:10FFE0000000000000000000000000000000000011
:10FFF0000000000000000000000000000000000001
:020000022000DC
:1000000000000000000000000000000000000000F0
:1000100000000000000000000000000000000000E0
:1000200000000000000000000000000000000000D0
:1000300000000000000000000000000000000000C0
:1000400000000000000000000000000000000000B0
:1000500000000000000000000000000000000000A0
:100060000000000000000000000000000000000090
:100070000000000000000000000000000000000080
:100080000000000000000000000000000000000070
:100090000000000000000000000000000000000060
:1000A0000000000000000000000000000000000050
:1000B0000000000000000000000000000000000040
:1000C0000000000000000000000000000000000030
:1000D0000000000000000000000000000000000020
:1000E0000000000000000000000000000000000010
:1000F0000000000000000000000000000000000000
:1001000000000000000000000000000000000000EF
:1001100000000000000000000000000000000000DF
:1001200000000000000000000000000000000000CF
:1001300000000000000000000000000000000000BF
:1001400000000000000000000000000000000000AF
:10015000000000000000000000000000000000009F
:10016000000000000000000000000000000000008F
:10017000000000000000000000000000000000007F
:10018000000000000000000000000000000000006F
:10019000000000000000000000000000000000005F
:1001A000000000000000000000000000000000004F
:1001B000000000000000000000000000000000003F
:1001C000000000000000000000000000000000002F
:1001D000000000000000000000000000000000001F
:1001E000000000000000000000000000000000000F
:1001F00000000000000000000000000000000000FF
:1002000000000000000000000000000000000000EE
:1002100000000000000000000000000000000000DE
:1002200000000000000000000000000000000000CE
:1002300000000000000000000000000000000000BE
:1002400000000000000000000000000000000000AE
:10025000000000000000000000000000000000009E
:10026000000000000000000000000000000000008E
:10027000000000000000000000000000000000007E
:10028000000000000000000000000000000000006E
:10029000000000000000000000000000000000005E
:1002A000000000000000000000000000000000004E
:1002B000000000000000000000000000000000003E
:1002C000000000000000000000000000000000002E
:1002D000000000000000000000000000000000001E
:1002E000000000000000000000000000000000000E
:1002F00000000000000000000000000000000000FE
:1003000000000000000000000000000000000000ED
:1003100000000000000000000000000000000000DD
:1003200000000000000000000000000000000000CD
:1003300000000000000000000000000000000000BD
:1003400000000000000000000000000000000000AD
:10035000000000000000000000000000000000009D
:10036000000000000000000000000000000000008D
:10037000000000000000000000000000000000007D
:10038000000000000000000000000000000000006D
:10039000000000000000000000000000000000005D
:1003A000000000000000000000000000000000004D
:1003B000000000000000000000000000000000003D
:1003C000000000000000000000000000000000002D
:1003D000000000000000000000000000000000001D
:1003E000000000000000000000000000000000000D
:1003F00000000000000000000000000000000000FD
:1004000000000000000000000000000000000000EC
:1004100000000000000000000000000000000000DC
:1004200000000000000000000000000000000000CC
:1004300000000000000000000000000000000000BC
:1004400000000000000000000000000000000000AC
:10045000000000000000000000000000000000009C
:10046000000000000000000000000000000000008C
:10047000000000000000000000000000000000007C
:10048000000000000000000000000000000000006C
:10049000000000000000000000000000000000005C
:1004A000000000000000000000000000000000004C
:1004B000000000000000000000000000000000003C
:1004C000000000000000000000000000000000002C
:1004D0000080FF0085010000000000000600000011
:1004E00053000000620000000600000053000000FE
:1004F0004400000006000000060000003300000079
:10050000000000000600000006000000620000007D
:100510000600000006000000440000000600000085
:100520005200000024000000000000004400000011
:100530000600000062000000060000000600000047
:1005400044000000610000002300000043000000A0
:1005500000000000060000005300000062000000E0
:1005600006000000530000001200000061000000BF
:10057000130000003300000000000000060000002F
:1005800006000000620000000600000051000000AC
:100590002200000061000000520000002400000062
:1005A000000000004400000006000000620000009F
:1005B0004100000002000000120000006100000085
:1005C00023000000430000000000000006000000BF
:1005D0005300000011000000410000004100000035
:1005E0001200000061000000130000003300000052
:1005F00000000000060000000100000021000000D3
:1006000041000000510000002200000061000000D5
:100610005200000024000000000000004E550000C1
:1006200045520000454C0000534100004445000085
:100630004B2000006D790000726500002061000011
:1006400037610000616400006B5F000073610000AF
:100650006C200000306600002036000030320000C0
:1006600035310000302D00002D3400003033000003
:10067000302000003A39000036320000353A0000E0
:100680000034000040010000B9010000E00100005A
:100690008002000072030000C0030000000500009B
:1006A000E4060000800700001000000000B7000012
:1006B00000000000EAFF0000FF8C0000D0D1000025
:1006C000BBFF0000FFE5000011B40000C7FF000001
:1006D00000BA0000000000005A00000000310000D5
:1006E0009CC2000015010000011B0000482500000D
:1006F000CD0000000061000000000000D6FE0000F8
:10070000FDA10000CE960000A9FC0000FCCA00007C
:100710008286000092FD000000360000000000000C
:10072000B803000008F80000405500002A0D000042
:1007300011030000886A00005414000015D0000066
:100740004F5E000021000000002200008920000010
:1007500016000000FF0C00007CFE0000D9FF000026
:10076000FFBF00008FAF000091FF0000FF590000A5
:1007700045960000D1FF00000023000092430000D6
:10078000D4000000014B00000F4F00007101000079
:1007900001A6000083040000F7FF0000FE8D0000AA
:1007A00019780000F5FC0000FC250000D90B0000C2
:1007B0005EFC0000FE4600002D5F000023020000EA
:1007C0000738000091480000FF0C000012F2000002
:1007D00004380000E0150000175C0000F230000053
:1007E000E7FF0000FFC600009BDB0000DEFF00000B
:1007F000FFAF000023F700002300000000E400002A
:10080000F453000066000000007E0000B83A0000CB
:10081000CAFF0000FFC300004B400000EEFE0000D6
:10082000FFD30000A02B00001200000001270000F1
:10083000775700005102000002010000BE3C00009A
:10084000B3000000FE110000DD0900006AFB00009B
:10085000FA6D00006A790000A6FC00000298000012
:100860004C6E0000EA0A00001362000038F5000038
:10087000E01A00001D250000F176000004000000D1
:10088000FFE800000FEB0000D5FF0000FFEC0000C8
:10089000D9D20000EFFF000000300000DC2A000089
:1008A0006B000000008A00006C8000003E00000029
:1008B000FF1E0000B9A6000000FF0000FEF60000C9
:1008C000A5C200004BFF000000F700006795000084
:1008D0000802000002C90000CDB10000C201000002
:1008E000FFBD0000A42F000002FC0000FA0B000076
:1008F000341D000072FB00000071000029FB0000A5
:10090000FF0900001418000030170000041C00004C
:100910001FB600004905000017000000009F0000FE
:1009200000000000E1FF0000FFB00000B7CA0000B7
:10093000CFFF000000E20000000000004F000000B8
:10094000008300001E8F00007F0000000072000086
:10095000000000003CFF0000FE390000A2AD0000D6
:10096000DDFE000000CB000000000000A40100003C
:100970000231000013C800005B020000008200008A
:100980000000000091FC0000FA670000200D00004C
:10099000BDFA000000700000000000004C090000DB
:1009A00014F20000EC170000BA1C000020800000C8
:1009B000890600001C00000000E8000000000000A4
:1009C000DAFF0000FFE80000E4D1000000000000B2
:1009D00000000000CF4B000061000000004E00004E
:1009E0000000000064FF0000FF0B0000B73D0000A6
:1009F0000000000001000000CB24000063010000A3
:100A00000023000000000000FDFD0000FDCC000000
:100A1000D6970000000000000300000002780000EC
:100A200033040000002C00000000000090F90000DA
:100A3000F72A00004FAE0000000000001100000087
:100A400017630000272300002AF300005BAA0000C0
:100A5000210000000058000000000000D5FF000049
:100A600000350000000000004300000000EE000020
:100A7000000000008FFF000000C000000000000028
:100A8000B300000000EA000000000000EBFE0000E0
:100A9000009F0000000000009901000000AF00006E
:100AA00000000000AEFD000000D0000000000000CB
:100AB0005303000000F900000000000027FB0000C5
:100AC00000AF0000000000006C07000000F1000013
:100AD00000000000DEF2000000D100000000000075
:100AE0008E2800003F5A0000EFEF00000090FF004A
:100AF0001F0200004FA8000001000000C1D000004C
:100B000000000000C1D0000000000000C1D00000C3
:100B100000000000C1D0000000000000C1D00000B3
:100B200000000000C1D000000000000063C600000B
:100B300002000000C1D0000000000000C1D0000091
:100B400000000000C1D0000000000000C1D0000083
:100B500000000000C1D0000000000000C1D0000073
:100B6000000000001D92000003000000C1D0000042
:100B700000000000C1D0000000000000C1D0000053
:100B800000000000C1D0000000000000C1D0000043
:100B900000000000C1D0000000000000C7D000002D
:100BA00000000000C1D0000000000000C1D0000023
:100BB00000000000C9D0000004000000C1D0000007
:100BC00000000000C1D0000000000000C1D0000003
:100BD00000000000C1D0000000000000C1D00000F3
:100BE00000000000C1D0000000000000C1D00000E3
:100BF00000000000C1D0000000000000C1D00000D3
:100C000000000000C7D0000000000000C1D00000BC
:100C100000000000CBD0000005000000C1D00000A3
:100C200000000000C1D0000000000000C1D00000A2
:100C300000000000C1D0000000000000C1D0000092
:100C400000000000C1D0000000000000C7D000007C
:100C500001000000C1D0000000000000C1D0000071
:100C600000000000C7D0000004000000C1D0000058
:100C700000000000DF1A71004C5E7000A2E76E00F9
:100C8000D3BB6C002EE269003D646600A04D62009B
:100C9000D7AB5D00098E5800C4045300B4214D0049
:100CA0005BF74600C29840002B193A00C68B330010
:100CB0005E032D00189226002949200098381A005A
:100CC0000A6F14008BF90E006BE309001F36050054
:100CD00029F900000E32FD0053E4F9008411F700F9
:100CE00046B9F4006AD9F200136EF100D871F00031
:100CF000F3DDEF006FAAEF005FCEEF001440F000CD
:100D000054F5F00094E3F1002900F3008340F4006F
:100D1000599AF500DA03F700D073F800C5E1F9003D
:100D20002246FB00409AFC0079D8FD0034FCFE000E
:100D3000E401000009E7000021AA0100A04A020026
:100D4000D9C80200EA250300A06303006084030001
:100D5000028B0300BD7A0300FF56030057230300F4
:100D600058E302007D9A0200184C020038FB010093
:100D70009EAA0100AE5C01006913010062D0000070
:100D8000C6940000566100006E3600001114000089
:100D9000EEF9FF0070E7FF00C8DBFF00FFD5FF00A2
:100DA00002D5FF00B2D7FF00F0DCFF00ABE3FF008D
:100DB000EDEAFF00DFF1FF00D7F7FF0058FCFF006E
:100DC00018FFFF004B1400005D1400006F140000BA
:100DD0008114000091140000A114000039140000D7
:100DE000B7140000C3140000CF140000DB1400008F
:100DF000E7140000F7140000471500002715000055
:100E000037150000A1150000D9150000E9150000F4
:100E10003F1600004B160000591600003914000060
:100E2000391400003914000069160000871600000C
:100E300004000000E9C30000050000008BC20000B0
:100E4000060000002DC4000002000000D1C2000016
:100E500003000000FD5F00000100000023B000005F
:100E600009000000C3C50000070000002F94000027
:100E700008000000799B00000A00000057B0000045
:100E80000B00000013B20000000000000000000092
:100E900009000000E3C500000B0000000BC40000C7
:100EA000010000005FAE0000070000003964000090
:100EB000040000008F9800000600000069C20000D6
:100EC000050000008BC200000200000093B000008B
:100ED00003000000FD5F00000800000039730000FF
:100EE0000A0000008BC100000000000000000000AC
:100EF00004000000BB830000050000008BC200005E
:100F0000060000006BC4000002000000C7B0000033
:100F100003000000FD5F000001000000ADC2000002
:100F200009000000E5980000070000009776000027
:100F3000080000004D9D00000A0000008BC1000069
:100F40000B00000049B2000000000000000000009B
:100F5000090000004F9000000B0000007FB200006D
:100F60000100000097B4000007000000B96D000008
:100F7000040000008F9400000600000069C2000019
:100F8000050000008BC2000002000000D3BB00007F
:100F900003000000FD5F0000080000007F6C0000FF
:100FA0000A00000035BE0000000000000000000044
:100FB00000100000F1A6000000200000EFC70000B4
:100FC0000120000009C8000002000000CDB90000A7
:100FD0000A0000008DC900000B000000A3C900003A
:100FE00000000000000000000400000004000000F9
:100FF00004000000020000000100000000000000EA
:1010000000000000000000000000000000000000E0
:1010100000000000000000000000000000000000D0
:10102000B5570000EB570000015800000B580000B6
:101030002158000037580000BD570000BD57000080
:10104000BD570000BD570000BD5700004D580000BF
:10105000A5D00000AFCA000015CC00005FCD000095
:10106000A3CE0000DBD00000A9D00000ADD000006E
:10107000075600008F8A0000D9A100009DC3000020
:101080001B7B00006D38000081B700001D8A000046
:1010900023550000DDD0000003850000EF8F000025
:1010A000035A00004F440000438300005FC9000062
:1010B0001B7B00006D38000081B700001D8A000016
:1010C000D3820000DDD0000003850000EF8F000018
:1010D000AF4D00006B400000438300005FC900007B
:1010E00033560000A9560000A9560000A95600007A
:1010F0006F5600006B5600007D56000079560000C8
:10110000A956000079560000A9560000B79E0000BD
:10111000BB9E0000BF9E0000C39E0000D79E000043
:10112000D79E0000B39E0000C79E0000CF9E000027
:10113000CB9E0000D39E0000495A0000D15A000007
:10114000455A0000D15A0000D15A0000795A0000D7
:101150008F5A0000D15A00005B5A0000D15A00009B
:10116000CD5A000001000000000000000100000056
:101170000100000001000000CF90FF002F91FF0050
:101180008D7B000000000000090000000A00000044
:1011900000000000010000000C000000060000003C
:1011A000E790FF00EA91FF00479500000000000073
:1011B000160000000900000000000000010000000F
:1011C0000800000008000000FF90FF00BA91FF0037
:1011D000ADBB0000000000001B000000001000007C
:1011E000F1A6000002000000E5B7000003000000C7
:1011F0002984000004000000137A000000000000B1
:1012000000000000130000000000000001000000CA
:10121000060000000C0000001791FF00F291FF0093
:10122000894500000000000020000000A9440000E3
:101230002B450000994400002B4500002B45000081
:101240002B45000011450000774500002B450000AC
:10125000654500009B290000F38A000049A10000B9
:10126000F94700009380000095D0000099D000005D
:10127000D9250000AF4100004D7000006F700000E4
:1012800093700000C770000065700000D17000000E
:10129000D170000065700000657000000010000053
:1012A000F1A6000001000000E19E00000200000025
:1012B000D1A80000000000000000000000100000A5
:1012C000F1A600000C20000089C400000A00000004
:1012D000ABC400000000000000000000D167000067
:1012E000D5670000D9670000ED670000E1670000E6
:1012F000E5670000DD670000E9670000FF670000A8
:101300000368000007680000ED6700000F68000038
:10131000136800000B68000043680000E54000000F
:1013200067410000D54000006741000067410000B0
:10133000674100004D410000A14100007480FF00A2
:101340009B80FF00C280FF00E980FF001081FF004A
:101350003781FF005E81FF00C3D00000CD73000025
:10136000C9CB00008D5B0000693F0000C5D00000C4
:101370009AAFFF000D000000000000000000000018
:101380000800000000000000000000000000000055
:10139000000000000000000000000000000000004D
:0C13A00000000000000000000000000041
:00000001FF
